"","Stile.di.vita","Dimensione.familiare","Viaggi","Mobilità.quotidiana","Status.socioeconomico","Distanza.sostenibilità"
"285",-0.292536550763135,-0.0877726003314126,0.291946137590218,-0.561110268115587,-0.474488052257211,-0.785171361357592
"287",-0.292536550763828,-0.0877726003310274,0.488953298323601,-0.110281154220526,0.396140054648904,0.708625946738672
"288",-0.532205463564649,0.407423284849275,0.373475455793339,-0.59857556783179,-0.315198277746481,-0.553983088489084
"290",-0.0195963296297446,-0.467006787771217,-1.22607171116643,-0.307221143248666,-0.546318711589105,0.312328856691431
"291",-0.350949117482171,0.243043842748564,0.643266006497338,0.607794814330844,-0.3060363373464,0.115803633174285
"292",-0.350949117482184,0.243043842748993,-0.163191219286585,1.32329132765221,0.503232282111116,0.123020144757484
"293",-0.184302247482396,-0.222093582760258,-1.22607171116654,-0.307221143248687,-0.635066731306757,-0.105903563869128
"294",-0.0195963296292517,-0.467006787770644,0.574129297797338,1.01772087492482,0.351087010834869,-0.016929529856569
"295",0.739339607739585,-0.781937981788611,-0.988094135785502,0.737200937690418,-0.0415525122868373,-0.295903988689472
"296",-0.698852333563548,0.872560710360858,0.653795542653791,0.763032914892167,-0.438173209799143,-0.0103010812272911
"297",-0.520696200833759,0.207836513853054,0.603603294038246,0.686896077408464,-0.858524221260295,0.156908617199227
"298",-0.019596329629601,-0.467006787771142,0.36591420253102,-0.601029173724987,0.278315941273533,-0.743983513309422
"299",-0.247755979699564,-0.171397673587116,0.36294591963681,-0.753813668392891,0.21733661388511,1.04288006178016
"300",-0.247755979699564,-0.171397673587116,0.58482042142948,0.649902275818815,-0.699234446749156,0.388096890067406
"301",0.511179957669733,-0.486328867604468,0.425175135228819,-0.475007295909347,0.693826201159134,0.984416425267774
"308",0.697440711633871,-0.785226006601963,-1.2072888385577,-0.270227341658906,0.252711046114016,-0.00680385959148697
"309",-0.698852333563524,0.87256071036026,0.425175135228834,-0.475007295909259,-0.523451783963858,0.62291154953338
"310",-0.247755979699564,-0.171397673587116,-1.03068561193861,0.572247275326935,-0.526404558331192,0.67691917451564
"312",-0.247755979699564,-0.171397673587116,-1.22607171116639,-0.307221143248734,0.287477881673596,-0.0741967916460562
"313",-0.0195963296297108,-0.467006787771259,0.291946137590887,-0.561110268113553,-0.337380584796413,0.169886914659831
"314",0.678035411717584,0.826120072991082,0.362945919636808,-0.753813668392903,1.44149572778753,0.267689286455889
"316",-0.247755979699564,-0.171397673587116,0.425175135228812,-0.475007295909378,-0.699234446749148,0.388096890067413
"317",-0.53220546356425,0.407423284849228,-1.32826748194081,-0.293866716565812,-0.45415015995492,0.29852048166501
"319",-0.0195963296297108,-0.467006787771259,0.0989359946603178,-0.83123148573812,0.278315941273523,-0.743983513309467
"320",0.678035411717584,0.826120072991082,0.300926726244117,-0.491791936757918,-0.0415525122865705,-0.295903988689492
"321",0.748616240737228,1.13747138067688,-1.1450596229657,0.00857903082459028,0.0665929895037224,-0.618533926608241
"322",-0.698852333563524,0.87256071036026,0.783618541506161,1.83251312391413,-0.356663938882173,0.667438098690901
"323",-0.184302247483032,-0.222093582761843,0.322677881746616,-0.302013640500117,-0.482150996146607,-0.181671597245238
"325",-0.292536550763818,-0.0877726003311019,0.294625936611317,-0.164822603251318,-0.858524221260292,0.156908617199223
"326",-0.184302247483032,-0.222093582761843,0.438672954278734,-0.166984700680473,-0.482150996146607,-0.181671597245238
"327",-0.0195963296297108,-0.467006787771259,0.425175135228812,-0.475007295909378,-0.162282542586513,-0.629751121865213
"328",-0.457242468617139,0.157140604678315,0.238697510652113,-0.770598309241443,-0.635066731306576,-0.105903563869182
"329",2.36988983730714,1.87075384241246,0.362945919636808,-0.753813668392903,0.14456554432372,0.315826078327193
"333",-0.53220546356425,0.407423284849228,0.36591420253062,-0.601029173724901,-0.635066731306576,-0.105903563869182
"337",-0.520696200833671,0.207836513853041,-0.988094135785487,0.737200937690409,-0.526921229516283,-0.428533501787931
"340",0.405095190583477,1.20535426043124,-1.1450596229657,0.00857903082459028,-0.474488052257626,-0.785171361357347
"342",-0.520696200833671,0.207836513853041,-0.92696875169717,1.09138114106486,-0.482150996146607,-0.181671597245238
"343",1.88106816921636,0.572203847583184,0.232092878296096,-0.230569439645975,0.0138321162136806,-0.33227589144574
"347",-0.0195963296297108,-0.467006787771259,-1.34705035454949,-0.330860518155611,-0.105720227729143,0.198096465247103
"348",-0.520696200833671,0.207836513853041,0.457892213424327,0.236829970107901,0.22331016623102,0.419803662290521
"350",0.424500490499764,-0.405991819161806,0.656851920976913,0.896384118536365,-0.0725179062788219,0.885594565639845
"351",-0.0195963296297108,-0.467006787771259,0.34416304702812,-0.790807469982703,0.0665929895037224,-0.618533926608241
"353",0.678035411717584,0.826120072991082,-0.436393790838336,-0.186221484030811,-0.591088944958855,0.0654669521486646
"354",0.678035411717584,0.826120072991082,0.425175135228812,-0.475007295909378,0.16674785137365,-0.408043924821796
"356",-0.247755979699564,-0.171397673587116,-1.15404021161893,-0.0607393005310451,-0.153120602186443,0.0400355997981796
"357",0.678035411717584,0.826120072991082,-1.32826748194081,-0.293866716565812,0.386461443063816,-1.06661345122822
"358",-0.457242468617139,0.157140604678315,0.425175135228812,-0.475007295909378,-0.546318711589179,0.312328856691358
"363",-0.520696200833671,0.207836513853041,-0.92696875169717,1.09138114106486,-0.153120602186443,0.0400355997981796
"364",-0.520696200833671,0.207836513853041,0.416921798776234,-0.356762996938274,-0.699234446749148,0.388096890067413
"366",-0.292536550763818,-0.0877726003311019,0.528891995470248,0.0441265698285513,0.278315941273523,-0.743983513309467
"367",-0.53220546356425,0.407423284849228,0.479354885053444,0.670111436559935,-0.315198277746483,-0.553983088489157
"369",-0.0195963296297108,-0.467006787771259,0.60360329403814,0.686896077408476,-0.482150996146607,-0.181671597245238
"370",-0.247755979699564,-0.171397673587116,0.425175135228812,-0.475007295909378,-0.546318711589179,0.312328856691358
"371",-0.457242468617139,0.157140604678315,-1.15404021161893,-0.0607393005310451,0.396140054648976,0.708625946738782
"372",-0.595659195780783,0.458119194023954,0.77308900535005,1.67727502335322,0.287477881673593,-0.0741967916460746
"374",0.574633689886265,-0.537024776779195,0.34416304702812,-0.790807469982703,-0.153120602186443,0.0400355997981796
"375",-0.0195963296297108,-0.467006787771259,0.429403881752123,0.00720013815812524,0.607346335233686,-0.52227631626605
"376",-0.0195963296297108,-0.467006787771259,0.356855152203321,0.113983769232207,0.607346335233686,-0.52227631626605
"380",1.45637664900317,-1.10015720061931,0.34416304702812,-0.790807469982703,-0.379365993189055,-0.0599826345525617
"382",-0.53220546356425,0.407423284849228,0.438672954278734,-0.166984700680473,-0.685694332842336,0.445730901647483
"383",-0.292536550763818,-0.0877726003311019,-0.988094135785487,0.737200937690409,-0.217288317629016,0.534036053734775
"384",0.913322158590549,0.892558175667467,0.728506841221341,1.40580242247172,0.278315941273523,-0.743983513309467
"388",-0.595659195780783,0.458119194023954,0.117718867269005,-0.79423768414832,-0.23326526778505,0.842857616627177
"390",-0.247755979699564,-0.171397673587116,0.643266006497338,0.607794814330896,-0.699234446749148,0.388096890067413
"391",-0.292536550763818,-0.0877726003311019,0.305745439348585,-0.412726901610987,0.278315941273523,-0.743983513309467
"392",0.226730473805046,0.092492090831876,0.238697510652113,-0.770598309241443,-0.0367954853220796,0.219358574070926
"393",-0.184302247483032,-0.222093582761843,0.539549146255902,0.0886609485929665,0.331455668021313,0.0971737243717721
"394",-0.292536550763818,-0.0877726003311019,0.457892213424327,0.236829970107901,0.598185658722285,0.126204125061454
"395",-0.698852333563524,0.87256071036026,0.404643586485553,0.0273419289800116,-0.562295661745213,0.62115041958376
"396",-0.184302247483032,-0.222093582761843,0.373475455792918,-0.598575567831999,-0.0415525122865705,-0.295903988689492
"397",-0.0195963296297108,-0.467006787771259,0.260448666154613,-0.580820012983642,0.68011740479505,0.204777667186892
"398",-0.36749954571093,0.162510079839811,0.426724082731692,-0.38908752670411,0.314208308576212,0.630052404613344
"400",1.61095389993784,2.18568503642981,-0.87185705141235,1.51809184250727,-0.79435650581772,-0.337091836737373
"401",1.61095389993784,2.18568503642981,-1.03068561193861,0.572247275326935,0.966013073020958,-0.715082249835742
"404",-0.595659195780783,0.458119194023954,0.37592650868539,-0.0925255993722273,-0.105720227729143,0.198096465247103
"405",-0.184302247483032,-0.222093582761843,0.416194546575582,-0.544325627265013,0.205546135600828,-0.152770333771513
"407",-0.0195963296297108,-0.467006787771259,0.260448666154613,-0.580820012983642,0.122494289189064,0.450546846939116
"409",-0.184302247483032,-0.222093582761843,0.354692583184231,-0.635569369421799,-0.482150996146607,-0.181671597245238
"411",1.43697134908688,0.51118887897373,0.362945919636808,-0.753813668392903,0.395623383463885,-0.396826729564824
"413",-0.292536550763818,-0.0877726003311019,0.708907242938269,1.1897436163342,-0.162282542586513,-0.629751121865213
"414",-0.0195963296297108,-0.467006787771259,-1.15404021161893,-0.0607393005310451,-0.20705277595619,-0.876613026407906
"416",-0.520696200833671,0.207836513853041,0.238697510652113,-0.770598309241443,-0.356663938882173,0.667438098690901
"417",-0.36749954571093,0.162510079839811,-1.2072888385577,-0.270227341658935,0.278315941273523,-0.743983513309467
"418",-0.36749954571093,0.162510079839811,0.708907242938269,1.1897436163342,-0.370204052788985,0.609804087110831
"420",-0.247755979699564,-0.171397673587116,-1.1450596229657,0.00857903082459028,-0.184464849636443,0.0941188812837757
"423",-0.184302247483032,-0.222093582761843,0.34416304702812,-0.790807469982703,0.287477881673593,-0.0741967916460746
"426",-0.247755979699564,-0.171397673587116,0.653795542653449,0.7630329148918,-0.105720227729143,0.198096465247103
"430",0.469281061564018,-0.48961689241782,0.34416304702812,-0.790807469982703,-0.374005494356314,-0.504301535163987
"431",-0.247755979699564,-0.171397673587116,0.425175135228812,-0.475007295909378,-0.30123442479495,0.222752448288955
"432",0.330132195636365,1.45563694060215,-1.32826748194081,-0.293866716565812,0.607346335233686,-0.52227631626605
"437",-0.520696200833671,0.207836513853041,0.295215903192474,-0.56796500217189,-0.217288317629016,0.534036053734775
"438",-0.520696200833671,0.207836513853041,0.291946137590887,-0.561110268113553,0.693309529974049,-0.12103625103581
"441",-0.247755979699564,-0.171397673587116,0.373475455792918,-0.598575567831999,-0.635066731306576,-0.105903563869182
"443",-0.0195963296297108,-0.467006787771259,-1.1450596229657,0.00857903082459028,-0.242427208185119,0.173070894963785
"444",0.0181847077000579,0.554341491529556,-1.2072888385577,-0.270227341658935,-0.0415525122865705,-0.295903988689492
"447",-0.520696200833671,0.207836513853041,0.238697510652113,-0.770598309241443,-0.105720227729143,0.198096465247103
"448",1.18343642786906,-0.720923013179157,-1.09181099602692,0.21806707195248,0.585164028183756,0.201593686882939
"449",-0.247755979699564,-0.171397673587116,-1.1450596229657,0.00857903082459028,0.256133634223593,-0.0201135101604785
"450",-0.292536550763818,-0.0877726003311019,0.71797730506523,1.25056432191082,-0.474488052257626,-0.785171361357347
"451",-0.292536550763818,-0.0877726003311019,0.501435381299584,0.253681980875814,-0.162282542586513,-0.629751121865213
"452",-0.292536550763818,-0.0877726003311019,-1.06012563533295,0.49071909497272,-0.162282542586513,-0.629751121865213
"453",-0.698852333563524,0.87256071036026,-1.16384249557438,-0.0284147707652094,-0.0449751003961507,-0.282594338120569
"454",-0.0195963296297108,-0.467006787771259,0.300926726244117,-0.491791936757918,-0.0541370407962202,-0.952381059783962
"455",0.739339607739586,-0.781937981788611,-1.2072888385577,-0.270227341658935,-0.374005494356314,-0.504301535163987
"456",0.678035411717584,0.826120072991082,0.223184403645013,-0.81444684488958,1.36726823186949,-0.919640154860996
"457",-0.184302247483032,-0.222093582761843,0.730658398440769,1.379521912592,0.16674785137365,-0.408043924821796
"463",-0.184302247483032,-0.222093582761843,0.362945919636808,-0.753813668392903,-0.0449751003961507,-0.282594338120569
"466",-0.247755979699564,-0.171397673587116,0.667381457133024,1.05162221909727,-0.529493827300129,0.378615814242641
"467",-0.698852333563524,0.87256071036026,0.698377706782158,1.0345055157733,-0.364162009452721,0.854099822401562
"469",0.184831577699332,0.0892040660185241,0.426724082731692,-0.38908752670411,-0.482150996146607,-0.181671597245238
"472",-0.595659195780783,0.458119194023954,0.656851920976913,0.896384118536365,-0.858524221260292,0.156908617199223
"473",-0.520696200833671,0.207836513853041,0.698377706782158,1.0345055157733,-0.635066731306576,-0.105903563869182
"474",-0.623889338616413,0.622278030189346,-1.22607171116639,-0.307221143248734,0.278317205162192,0.574283649681429
"475",0.469281061564018,-0.48961689241782,0.425175135228812,-0.475007295909378,-0.306036337346413,0.115803633174235
"476",1.63035919985413,0.574338956836764,-0.92696875169717,1.09138114106486,0.18854333067144,0.48719659434504
"477",-0.595659195780783,0.458119194023954,0.373475455792918,-0.598575567831999,-0.474488052257626,-0.785171361357347
"478",0.135046598752884,0.307346836171995,0.354692583184231,-0.635569369421799,0.074257197281371,0.0962334722705453
"479",-0.292536550763818,-0.0877726003311019,-1.03068561193861,0.572247275326935,-0.162282542586513,-0.629751121865213
"480",0.748616240737228,1.13747138067688,0.36591420253062,-0.601029173724901,-0.482150996146607,-0.181671597245238
"482",1.45637664900317,-1.10015720061931,-1.1450596229657,0.00857903082459028,-0.482150996146607,-0.181671597245238
"483",-0.0195963296297108,-0.467006787771259,-1.22607171116639,-0.307221143248734,0.395623383463885,-0.396826729564824
"484",0.466399386605478,-0.402703794348454,0.0989359946603178,-0.83123148573812,-0.392555042296193,0.611669343758987
"485",0.301693468752157,-0.157790589339037,-0.92696875169717,1.09138114106486,-0.153120602186443,0.0400355997981796
"490",-0.184302247483032,-0.222093582761843,0.291946137590887,-0.561110268113553,0.520996312741184,0.695594140819535
"491",-0.53220546356425,0.407423284849228,-0.384248995403249,0.0986403879880094,-0.418259056540899,0.354289236596925
"492",-0.292536550763818,-0.0877726003311019,-1.09181099602692,0.21806707195248,0.0665929895037224,-0.618533926608241
"494",-0.247755979699564,-0.171397673587116,0.77308900535005,1.67727502335322,-0.306036337346413,0.115803633174235
"496",-0.247755979699564,-0.171397673587116,-1.1450596229657,0.00857903082459028,-0.546318711589179,0.312328856691358
"497",-0.247755979699564,-0.171397673587116,-1.1450596229657,0.00857903082459028,-0.562295661745213,0.62115041958376
"500",-0.698852333563524,0.87256071036026,0.491633097344126,0.28600651064165,-0.538655767700198,-0.291170907420752
"503",-0.247755979699564,-0.171397673587116,0.783618541506161,1.83251312391413,-0.482150996146607,-0.181671597245238
"504",-0.0195963296297108,-0.467006787771259,0.435704671384922,-0.319769195348475,0.278315941273523,-0.743983513309467
"506",0.469281061564018,-0.48961689241782,0.404643586485553,0.0273419289800116,-0.540276668252915,0.556624591982088
"507",-0.36749954571093,0.162510079839811,0.416194546575582,-0.544325627265013,0.607346335233686,-0.52227631626605
"508",-0.292536550763818,-0.0877726003311019,-0.988094135785487,0.737200937690409,-0.162282542586513,-0.629751121865213
"514",-0.0195963296297108,-0.467006787771259,-1.03780312724579,0.720151604285814,-0.315198277746483,-0.553983088489157
"516",-0.520696200833671,0.207836513853041,0.51010912286156,0.00713276823875158,-0.635066731306576,-0.105903563869182
"517",-0.53220546356425,0.407423284849228,-1.2072888385577,-0.270227341658935,0.468394453025249,0.330227253888118
"519",0.1213778454828,0.139899975193251,0.219914638043425,-0.807592110831242,0.313691637391121,-0.475400271690262
"520",-0.595659195780783,0.458119194023954,0.238697510652113,-0.770598309241443,-0.306036337346413,0.115803633174235
"521",-0.184302247483032,-0.222093582761843,0.373475455792918,-0.598575567831999,0.360248951234956,0.652857191806867
"522",1.67225809595985,0.577626981650116,-1.1450596229657,0.00857903082459028,-0.401548300238985,0.663887368596427
"523",-0.623889338616413,0.622278030189346,0.238697510652113,-0.770598309241443,-0.0664758629425578,1.12989030093058
"524",-0.520696200833671,0.207836513853041,-1.06012563533295,0.49071909497272,0.229352209567284,0.664099397581252
"525",-0.247755979699564,-0.171397673587116,0.238697510652113,-0.770598309241443,1.10904274571779,0.0592917399813947
"527",-0.350949117482305,0.243043842749189,0.491633097344126,0.28600651064165,0.585164028183756,0.201593686882939
"529",0.678035411717584,0.826120072991082,0.238697510652113,-0.770598309241443,-0.482150996146607,-0.181671597245238
"530",-0.184302247483032,-0.222093582761843,0.643266006497338,0.607794814330896,0.0526304004408583,-0.0770023003954569
"531",-0.53220546356425,0.407423284849228,0.34416304702812,-0.790807469982703,-0.315198277746483,-0.553983088489157
"535",-0.184302247483032,-0.222093582761843,0.457892213424327,0.236829970107901,-0.011537315001714,0.416998153541139
"536",-0.292536550763818,-0.0877726003311019,0.291946137590887,-0.561110268113553,-0.585046901622591,0.309762687439395
"537",-0.0195963296297108,-0.467006787771259,0.238697510652113,-0.770598309241443,-0.0803495326250798,0.767089583251121
"538",-0.247755979699564,-0.171397673587116,0.478423762167585,-0.265519254781489,-0.306036337346413,0.115803633174235
"539",-0.53220546356425,0.407423284849228,0.291946137590887,-0.561110268113553,-0.635066731306576,-0.105903563869182
"540",-0.292536550763818,-0.0877726003311019,0.643266006497338,0.607794814330896,-0.370204052788985,0.609804087110831
"541",-0.0195963296297108,-0.467006787771259,-0.92696875169717,1.09138114106486,-0.0763193478461505,-0.228511056634973
"542",-0.247755979699564,-0.171397673587116,-1.06012563533295,0.49071909497272,0.68869173425638,0.226501438408009
"544",-0.350949117482305,0.243043842749189,0.499886433796703,0.167762211670546,-0.635066731306576,-0.105903563869182
"545",-0.623889338616413,0.622278030189346,0.294625936611317,-0.164822603251318,-0.79435650581772,-0.337091836737373
"546",-0.698852333563524,0.87256071036026,0.406392262620124,-0.512001097499178,0.031218557274793,0.431149994763449
"547",-0.520696200833671,0.207836513853041,-1.03068561193861,0.572247275326935,-0.699234446749148,0.388096890067413
"548",-0.53220546356425,0.407423284849228,0.457892213424327,0.236829970107901,-0.315198277746483,-0.553983088489157
"549",0.532734793780551,-0.540312801592546,-0.445374379491566,-0.255539815386446,0.693309529974049,-0.12103625103581
"550",-0.0195963296297108,-0.467006787771259,0.375638024812008,0.150977570822006,-0.79435650581772,-0.337091836737373
"551",-0.184302247483032,-0.222093582761843,-0.383145163899562,0.023266557097079,-0.744336676133735,0.0785744145712047
"552",-0.350949117482305,0.243043842749189,0.478423762167585,-0.265519254781489,0.256133634223593,-0.0201135101604785
"555",-0.520696200833671,0.207836513853041,0.406392262620124,-0.512001097499178,-0.125119765994757,0.520227678708428
"556",-0.184302247483032,-0.222093582761843,0.34416304702812,-0.790807469982703,-0.00835019083624964,0.391594111703249
"558",-0.520696200833671,0.207836513853041,0.584820421429452,0.649902275818676,-0.370204052788985,0.609804087110831
"559",-0.698852333563524,0.87256071036026,0.71797730506523,1.25056432191082,-0.526921229516283,-0.428533501787931
"561",-0.0195963296297108,-0.467006787771259,0.233713939801123,-0.659208744328676,-0.0442935558926275,0.406020297781587
"562",-0.36749954571093,0.162510079839811,0.291946137590887,-0.561110268113553,-0.315198277746483,-0.553983088489157
"563",-0.0195963296297108,-0.467006787771259,0.499886433796703,0.167762211670546,-0.496670359307557,-0.0613013582083589
"565",-0.0195963296297108,-0.467006787771259,0.499071086166398,-0.000367127632757132,0.646144619460864,-0.267002725215767
"567",-0.292536550763818,-0.0877726003311019,0.728506841221341,1.40580242247172,-0.392555042296193,0.611669343758987
"568",-0.520696200833671,0.207836513853041,-1.03068561193861,0.572247275326935,-0.373488823171223,0.601151141139618
"569",-0.53220546356425,0.407423284849228,-1.1450596229657,0.00857903082459028,-0.315198277746483,-0.553983088489157
"571",-0.247755979699564,-0.171397673587116,-0.92696875169717,1.09138114106486,-0.0449751003961507,-0.282594338120569
"573",-0.595659195780783,0.458119194023954,-0.517405879039027,-0.502021658104135,-0.465326111857557,-0.115384639693955
"575",-0.0195963296297108,-0.467006787771259,0.238697510652113,-0.770598309241443,-0.0536203696111294,0.153071616519643
"576",-0.0195963296297108,-0.467006787771259,0.300926726244117,-0.491791936757918,-0.153120602186443,0.0400355997981796
"577",-0.247755979699564,-0.171397673587116,0.425175135228812,-0.475007295909378,-0.153120602186443,0.0400355997981796
"578",-0.623889338616413,0.622278030189346,0.584820421429452,0.649902275818676,-0.392555042296193,0.611669343758987
"579",-0.184302247483032,-0.222093582761843,0.593728896080535,1.23377968106228,0.28614883150845,0.692788632070152
"580",1.18343642786906,-0.720923013179157,-1.2072888385577,-0.270227341658935,-0.0725179062788219,0.885594565639845
"582",1.45637664900317,-1.10015720061931,0.238697510652113,-0.770598309241443,0.229352209567284,0.664099397581252
"583",0.330132195636365,1.45563694060215,0.416194546575582,-0.544325627265013,0.646144619460864,-0.267002725215767
"584",-0.595659195780783,0.458119194023954,0.656851920976913,0.896384118536365,-0.465326111857557,-0.115384639693955
"586",-0.350949117482305,0.243043842749189,-1.2072888385577,-0.270227341658935,-0.546318711589179,0.312328856691358
"588",-0.698852333563524,0.87256071036026,0.34416304702812,-0.790807469982703,-0.217288317629016,0.534036053734775
"590",-0.247755979699564,-0.171397673587116,0.698377706782158,1.0345055157733,0.0665929895037224,-0.618533926608241
"591",-0.247755979699564,-0.171397673587116,0.34416304702812,-0.790807469982703,0.14456554432372,0.315826078327193
"593",-0.292536550763818,-0.0877726003311019,0.667381457133024,1.05162221909727,-0.0803495326250798,0.767089583251121
"595",-0.292536550763818,-0.0877726003311019,0.71797730506523,1.25056432191082,-0.106659374070286,-0.308190573263648
"596",-0.595659195780783,0.458119194023954,0.34416304702812,-0.790807469982703,-0.529493827300129,0.378615814242641
"598",-0.520696200833671,0.207836513853041,0.428143418122624,-0.322222801241377,0.943830765971027,0.00878775331324681
"599",-0.184302247483032,-0.222093582761843,0.478423762167585,-0.265519254781489,-0.482150996146607,-0.181671597245238
"600",-0.350949117482305,0.243043842749189,0.300926726244117,-0.491791936757918,-0.153120602186443,0.0400355997981796
"601",-0.520696200833671,0.207836513853041,0.582140622409021,0.253614610956441,-0.23326526778505,0.842857616627177
"602",-0.292536550763818,-0.0877726003311019,0.728506841221341,1.40580242247172,-0.373323949852791,0.184313100738169
"603",-0.184302247483032,-0.222093582761843,0.426394741988053,0.217120225237813,-0.374005494356314,-0.504301535163987
"604",-0.350949117482305,0.243043842749189,0.656851920976913,0.896384118536365,-0.79435650581772,-0.337091836737373
"605",3.08692687857072,1.55253462358175,0.37644373868673,-0.445791073163998,-0.153120602186443,0.0400355997981796
"606",-0.595659195780783,0.458119194023954,0.35417535318289,-0.282303895630029,-0.033888304508922,0.418863410189294
"607",-0.0195963296297108,-0.467006787771259,-0.445374379491566,-0.255539815386446,0.00242527406115016,-0.124533472671645
"608",-0.520696200833671,0.207836513853041,0.425175135228812,-0.475007295909378,0.287477881673593,-0.0741967916460746
"609",-0.292536550763818,-0.0877726003311019,-1.2072888385577,-0.270227341658935,-0.482150996146607,-0.181671597245238
"610",-0.292536550763818,-0.0877726003311019,0.362945919636808,-0.753813668392903,0.102580135931078,0.0859565291148
"612",-0.292536550763818,-0.0877726003311019,-0.92696875169717,1.09138114106486,-0.220408214692821,0.108545067362113
"613",-0.247755979699564,-0.171397673587116,0.362945919636808,-0.753813668392903,-0.153120602186443,0.0400355997981796
"614",-0.0195963296297108,-0.467006787771259,0.375638024812008,0.150977570822006,0.0138321162136806,-0.33227589144574
"615",-0.520696200833671,0.207836513853041,0.478423762167585,-0.265519254781489,-0.0803495326250798,0.767089583251121
"619",-0.247755979699564,-0.171397673587116,0.418874345596012,-0.148037962402779,-0.401548300238985,0.663887368596427
"621",-0.0195963296297108,-0.467006787771259,0.384697075139308,-0.564035372135102,0.68011740479505,0.204777667186892
"623",-0.0195963296297108,-0.467006787771259,0.728506841221341,1.40580242247172,0.256133634223593,-0.0201135101604785
"624",-0.292536550763818,-0.0877726003311019,0.384697075139308,-0.564035372135102,-0.315198277746483,-0.553983088489157
"627",0.1213778454828,0.139899975193251,-1.2072888385577,-0.270227341658935,-0.635066731306576,-0.105903563869182
"628",-0.350949117482305,0.243043842749189,-1.1450596229657,0.00857903082459028,-0.11169378007508,0.821172864736717
"633",0.913322158590549,0.892558175667467,-1.22607171116639,-0.307221143248734,0.274893353163943,-0.730673862740544
"635",-0.698852333563524,0.87256071036026,0.425175135228812,-0.475007295909378,-0.452692572959836,0.110069157809488
"636",-0.595659195780783,0.458119194023954,0.219914638043425,-0.807592110831242,0.16674785137365,-0.408043924821796
"639",1.18343642786906,-0.720923013179157,0.481103561188016,0.130768410080746,-0.226450258029085,-0.135750667928618
"640",-0.457242468617139,0.157140604678315,0.478423762167585,-0.265519254781489,-0.315198277746483,-0.553983088489157
"641",-0.247755979699564,-0.171397673587116,0.698377706782158,1.0345055157733,0.627096616597653,-0.086647423685967
"643",-0.595659195780783,0.458119194023954,-1.22607171116639,-0.307221143248734,0.360248951234956,0.652857191806867
"645",-0.520696200833671,0.207836513853041,-1.09181099602692,0.21806707195248,-0.423899289746193,0.665752625244583
"646",-0.247755979699564,-0.171397673587116,0.528891995470248,0.0441265698285513,-0.264609515235049,0.896940898112773
"647",2.38929513722343,0.259407762819412,0.77308900535005,1.67727502335322,-0.337380584796413,0.169886914659831
"648",-0.595659195780783,0.458119194023954,0.362945919636808,-0.753813668392903,-0.197374164371029,0.898626371559091
"649",-0.520696200833671,0.207836513853041,-1.03068561193861,0.572247275326935,-0.699234446749148,0.388096890067413
"651",-0.520696200833671,0.207836513853041,0.60360329403814,0.686896077408476,-0.496670359307557,-0.0613013582083589
"653",-0.623889338616413,0.622278030189346,0.499886433796703,0.167762211670546,-0.858524221260292,0.156908617199223
"654",-0.53220546356425,0.407423284849228,-0.383145163899562,0.023266557097079,0.862952294226541,0.19319007525034
"655",-0.36749954571093,0.162510079839811,0.34416304702812,-0.790807469982703,1.5536217524239,-0.295815696575344
"656",-0.247755979699564,-0.171397673587116,-1.32826748194081,-0.293866716565812,-0.248632565079016,0.588119335220371
"660",-0.595659195780783,0.458119194023954,0.34416304702812,-0.790807469982703,-0.242427208185119,0.173070894963785
"663",-0.0195963296297108,-0.467006787771259,0.241967276253701,-0.77745304329978,0.68011740479505,0.204777667186892
"667",-0.520696200833671,0.207836513853041,0.501435381299584,0.253681980875814,0.657935097745119,0.928647670335881
"668",2.32799094120143,1.86746581759911,-0.92696875169717,1.09138114106486,1.04829761838479,0.539982543349067
"670",-0.184302247483032,-0.222093582761843,0.0989359946603178,-0.83123148573812,0.395623383463885,-0.396826729564824
"672",-0.520696200833671,0.207836513853041,0.425175135228812,-0.475007295909378,-0.635066731306576,-0.105903563869182
"673",-0.0195963296297108,-0.467006787771259,-1.09181099602692,0.21806707195248,0.607346335233686,-0.52227631626605
"674",-0.623889338616413,0.622278030189346,0.223184403645013,-0.81444684488958,0.646144619460864,-0.267002725215767
"675",0.511179957669733,-0.486328867604468,0.34416304702812,-0.790807469982703,-0.526921229516283,-0.428533501787931
"679",0.955276777799207,-0.425313898995015,0.373475455792918,-0.598575567831999,0.657935097745119,0.928647670335881
"680",-0.457242468617139,0.157140604678315,0.61413283019425,0.84213417796938,-0.106659374070286,-0.308190573263648
"684",-0.623889338616413,0.622278030189346,0.362945919636808,-0.753813668392903,-0.452692572959836,0.110069157809488
"686",-0.53220546356425,0.407423284849228,0.416194546575582,-0.544325627265013,-0.79435650581772,-0.337091836737373
"687",1.22821699893331,-0.804548086435172,0.282143853635429,-0.528785738347718,0.939254276519108,-0.148930692322272
"688",-0.457242468617139,0.157140604678315,0.457892213424327,0.236829970107901,-0.635066731306576,-0.105903563869182
"690",-0.36749954571093,0.162510079839811,0.425175135228812,-0.475007295909378,0.646144619460864,-0.267002725215767
"692",-0.247755979699564,-0.171397673587116,0.238697510652113,-0.770598309241443,0.657935097745119,0.928647670335881
"693",-0.0195963296297108,-0.467006787771259,0.34416304702812,-0.790807469982703,0.715491837023979,-0.844906254184799
"696",-0.623889338616413,0.622278030189346,0.373475455792918,-0.598575567831999,0.229352209567284,0.664099397581252
"697",-0.0195963296297108,-0.467006787771259,-1.04134276272426,0.52771289656252,-0.0503355992288916,0.161724562490856
"699",-0.247755979699564,-0.171397673587116,-1.09181099602692,0.21806707195248,-0.0415525122865705,-0.295903988689492
"702",-0.36749954571093,0.162510079839811,0.362945919636808,-0.753813668392903,1.54964122957782,-0.0549406514628594
"703",-0.623889338616413,0.622278030189346,-0.455176663447024,-0.22321528562061,0.360248951234956,0.652857191806867
"704",-0.520696200833671,0.207836513853041,0.582140622409021,0.253614610956441,0.287477881673593,-0.0741967916460746
"705",-0.292536550763818,-0.0877726003311019,-0.351459803205588,0.295918580117319,-0.379365993189055,-0.0599826345525617
"706",-0.0195963296297108,-0.467006787771259,0.373475455792918,-0.598575567831999,0.278315941273523,-0.743983513309467
"708",1.39507245298117,0.507900854160378,0.595349957585562,0.80514037637958,0.939254276519108,-0.148930692322272
"709",-0.350949117482305,0.243043842749189,0.478423762167585,-0.265519254781489,-0.699234446749148,0.388096890067413
"710",-0.350949117482305,0.243043842749189,-0.92696875169717,1.09138114106486,0.0803978288811474,0.809826532263789
"711",-0.520696200833671,0.207836513853041,0.362945919636808,-0.753813668392903,0.278317205162192,0.574283649681429
"714",-0.0195963296297108,-0.467006787771259,0.61413283019425,0.84213417796938,-0.538655767700198,-0.291170907420752
"715",-0.457242468617139,0.157140604678315,0.71797730506523,1.25056432191082,-0.184464849636443,0.0941188812837757
"720",-0.457242468617139,0.157140604678315,-1.22607171116639,-0.307221143248734,-0.482150996146607,-0.181671597245238
"721",-0.457242468617139,0.157140604678315,0.425175135228812,-0.475007295909378,0.16674785137365,-0.408043924821796
"724",-0.247755979699564,-0.171397673587116,-1.16384249557438,-0.0284147707652094,1.05249293894641,0.791610491698103
"726",-0.457242468617139,0.157140604678315,0.415300737271207,0.0718763077444268,0.19196591878102,0.473886943776117
"727",-0.520696200833671,0.207836513853041,0.478423762167585,-0.265519254781489,-0.721585436256357,0.389962146715569
"728",-0.520696200833671,0.207836513853041,0.435704671384922,-0.319769195348475,-0.0415525122865705,-0.295903988689492
"729",-0.292536550763818,-0.0877726003311019,-0.384248995403249,0.0986403879880094,-0.591088944958855,0.0654669521486646
"731",1.29167073114985,-0.855243995609898,0.313408809220005,-0.127828801661519,-0.184464849636443,0.0941188812837757
"732",1.61095389993784,2.18568503642981,0.667381457133024,1.05162221909727,0.607699134524758,0.654214934793322
"733",-0.53220546356425,0.407423284849228,0.34416304702812,-0.790807469982703,0.0277959691652128,0.444459645332372
"738",-0.520696200833671,0.207836513853041,0.457892213424327,0.236829970107901,-0.526404558331192,0.676919174515674
"739",-0.457242468617139,0.157140604678315,-1.09181099602692,0.21806707195248,0.205546135600828,-0.152770333771513
"740",0.466399386605478,-0.402703794348454,0.426724082731692,-0.38908752670411,-0.337380584796413,0.169886914659831
"742",-0.0195963296297108,-0.467006787771259,0.457892213424327,0.236829970107901,-0.591088944958855,0.0654669521486646
"744",-0.247755979699564,-0.171397673587116,-1.09181099602692,0.21806707195248,-0.0415525122865705,-0.295903988689492
"746",-0.292536550763818,-0.0877726003311019,0.603891777911522,0.443392907214242,0.278315941273523,-0.743983513309467
"747",-0.0195963296297108,-0.467006787771259,0.77308900535005,1.67727502335322,-0.482150996146607,-0.181671597245238
"748",-0.184302247483032,-0.222093582761843,0.415300737271207,0.0718763077444268,0.585164028183756,0.201593686882939
"750",-0.184302247483032,-0.222093582761843,-1.16384249557438,-0.0284147707652094,-0.0415525122865705,-0.295903988689492
"751",-0.247755979699564,-0.171397673587116,0.223184403645013,-0.81444684488958,-0.482150996146607,-0.181671597245238
"753",-0.0195963296297108,-0.467006787771259,-1.09291482753061,0.29344090284341,-0.474488052257626,-0.785171361357347
"754",-0.0195963296297108,-0.467006787771259,0.593728896080535,1.23377968106228,-0.162282542586513,-0.629751121865213
"756",0.511179957669733,-0.486328867604468,-1.09181099602692,0.21806707195248,-0.153120602186443,0.0400355997981796
"757",-0.350949117482305,0.243043842749189,0.219914638043425,-0.807592110831242,-0.153120602186443,0.0400355997981796
"758",-0.0195963296297108,-0.467006787771259,0.479354885053444,0.670111436559935,0.0277959691652128,0.444459645332372
"760",0.678035411717584,0.826120072991082,0.656851920976913,0.896384118536365,-0.162282542586513,-0.629751121865213
"763",-0.595659195780783,0.458119194023954,-1.03068561193861,0.572247275326935,0.754290121251157,-0.589632663134516
"764",-0.292536550763818,-0.0877726003311019,0.71797730506523,1.25056432191082,-0.162282542586513,-0.629751121865213
"767",-0.520696200833671,0.207836513853041,0.478423762167585,-0.265519254781489,0.253227717299103,1.09864881671205
"770",-0.247755979699564,-0.171397673587116,0.539421531626358,0.199364670389455,0.585164028183756,0.201593686882939
"771",0.226730473805046,0.092492090831876,0.356341287280791,-0.213784798797435,-0.635066731306576,-0.105903563869182
"772",-0.247755979699564,-0.171397673587116,0.643266006497338,0.607794814330896,0.657935097745119,0.928647670335881
"774",-0.0195963296297108,-0.467006787771259,0.219914638043425,-0.807592110831242,-0.162282542586513,-0.629751121865213
"775",-0.0195963296297108,-0.467006787771259,-1.09181099602692,0.21806707195248,-0.526921229516283,-0.428533501787931
"778",-0.184302247483032,-0.222093582761843,-0.322019779811246,0.377446760471534,-0.79435650581772,-0.337091836737373
"780",-0.457242468617139,0.157140604678315,0.416194546575582,-0.544325627265013,-0.482150996146607,-0.181671597245238
"782",0.678035411717584,0.826120072991082,0.238697510652113,-0.770598309241443,0.629141814531476,0.372964202900786
"784",-0.350949117482305,0.243043842749189,0.488953298323696,-0.110281154220585,0.19196591878102,0.473886943776117
"786",-0.53220546356425,0.407423284849228,0.550643150972748,0.233904866086352,0.718915689022228,0.460051258237175
"788",-0.36749954571093,0.162510079839811,0.500174917670085,-0.0757409585236875,-0.465326111857557,-0.115384639693955
"789",-0.184302247483032,-0.222093582761843,-1.1450596229657,0.00857903082459028,-0.306036337346413,0.115803633174235
"790",-0.0195963296297108,-0.467006787771259,0.362945919636808,-0.753813668392903,0.718915689022228,0.460051258237175
"792",-0.457242468617139,0.157140604678315,0.478423762167585,-0.265519254781489,0.252711046114013,-0.00680385959155561
"793",-0.520696200833671,0.207836513853041,0.593728896080535,1.23377968106228,-0.529493827300129,0.378615814242641
"795",-0.292536550763818,-0.0877726003311019,0.219914638043425,-0.807592110831242,-0.357180610067264,-0.438014577612704
"796",-0.247755979699564,-0.171397673587116,-0.436393790838336,-0.186221484030811,-0.546318711589179,0.312328856691358
"797",0.739339607739586,-0.781937981788611,0.404643586485553,0.0273419289800116,0.287477881673593,-0.0741967916460746
"799",-0.292536550763818,-0.0877726003311019,-0.517405879039027,-0.502021658104135,0.278315941273523,-0.743983513309467
"801",-0.623889338616413,0.622278030189346,0.478423762167585,-0.265519254781489,-0.217288317629016,0.534036053734775
"806",-0.36749954571093,0.162510079839811,0.438672954278734,-0.166984700680473,-0.482150996146607,-0.181671597245238
"807",-0.623889338616413,0.622278030189346,0.653795542653449,0.7630329148918,0.0803978288811474,0.809826532263789
"808",-0.247755979699564,-0.171397673587116,-0.517405879039027,-0.502021658104135,-0.357180610067264,-0.438014577612704
"809",-0.623889338616413,0.622278030189346,0.478423762167585,-0.265519254781489,-0.153120602186443,0.0400355997981796
"811",0.678035411717584,0.826120072991082,-1.2072888385577,-0.270227341658935,0.585164028183756,0.201593686882939
"812",-0.292536550763818,-0.0877726003311019,0.362945919636808,-0.753813668392903,-0.0503355992288916,0.161724562490856
"813",0.697440711633871,-0.785226006601963,-1.2072888385577,-0.270227341658935,-0.0415525122865705,-0.295903988689492
"814",0.739339607739586,-0.781937981788611,0.238697510652113,-0.770598309241443,-0.546318711589179,0.312328856691358
"815",-0.184302247483032,-0.222093582761843,0.282143853635429,-0.528785738347718,-0.526921229516283,-0.428533501787931
"816",-0.457242468617139,0.157140604678315,0.416921798776234,-0.356762996938274,-0.546318711589179,0.312328856691358
"817",-0.350949117482305,0.243043842749189,0.479354885053444,0.670111436559935,-0.546318711589179,0.312328856691358
"819",-0.350949117482305,0.243043842749189,0.300926726244117,-0.491791936757918,-0.635066731306576,-0.105903563869182
"820",-0.292536550763818,-0.0877726003311019,0.373475455792918,-0.598575567831999,0.287477881673593,-0.0741967916460746
"823",-0.520696200833671,0.207836513853041,0.539549146255902,0.0886609485929665,-0.0415525122865705,-0.295903988689492
"824",-0.623889338616413,0.622278030189346,0.582140622409021,0.253614610956441,-0.0415525122865705,-0.295903988689492
"825",0.739339607739586,-0.781937981788611,0.291946137590887,-0.561110268113553,0.217336613885083,1.04288006178014
"826",0.532734793780551,-0.540312801592546,-1.22607171116639,-0.307221143248734,0.360248951234956,0.652857191806867
"827",-0.247755979699564,-0.171397673587116,-1.1450596229657,0.00857903082459028,0.527038356077448,0.939889876110265
"830",-0.520696200833671,0.207836513853041,0.406392262620124,-0.512001097499178,-0.0444584292110597,0.822858338183036
"832",-0.350949117482305,0.243043842749189,-0.92696875169717,1.09138114106486,-0.546318711589179,0.312328856691358
"833",0.511179957669733,-0.486328867604468,-1.1450596229657,0.00857903082459028,0.585164028183756,0.201593686882939
"836",-0.457242468617139,0.157140604678315,0.478423762167585,-0.265519254781489,-0.226450258029085,-0.135750667928618
"838",-0.457242468617139,0.157140604678315,0.375638024812008,0.150977570822006,-0.409379926585243,0.545382386207703
"840",-0.520696200833671,0.207836513853041,-1.22607171116639,-0.307221143248734,0.754806792436248,0.515820013169089
"841",-0.520696200833671,0.207836513853041,-1.22607171116639,-0.307221143248734,-0.529493827300129,0.378615814242641
"843",0.466399386605478,-0.402703794348454,0.479354885053444,0.670111436559935,0.901845357578386,-0.221081795899146
"845",-0.0195963296297108,-0.467006787771259,0.223184403645013,-0.81444684488958,-0.685694332842336,0.445730901647483
"848",-0.0195963296297108,-0.467006787771259,0.35417535318289,-0.282303895630029,1.22061083561766,-0.276647848506277
"849",-0.36749954571093,0.162510079839811,0.219914638043425,-0.807592110831242,-0.356663938882173,0.667438098690901
"850",-0.0195963296297108,-0.467006787771259,-1.22607171116639,-0.307221143248734,0.607346335233686,-0.52227631626605
"851",0.678035411717584,0.826120072991082,-1.27501885500203,-0.0843786754379221,1.03878414258232,0.0119717336171997
"857",-0.0195963296297108,-0.467006787771259,-0.49862300643034,-0.465027856514335,0.16674785137365,-0.408043924821796
"858",-0.53220546356425,0.407423284849228,0.362945919636808,-0.753813668392903,0.213209079489808,-0.756270097883623
"859",-0.292536550763818,-0.0877726003311019,0.528891995470248,0.0441265698285513,-0.79435650581772,-0.337091836737373
"860",-0.247755979699564,-0.171397673587116,-1.2072888385577,-0.270227341658935,-0.546318711589179,0.312328856691358
"864",-0.36749954571093,0.162510079839811,-1.22607171116639,-0.307221143248734,0.607346335233686,-0.52227631626605
"866",-0.0195963296297108,-0.467006787771259,0.219914638043425,-0.807592110831242,0.278315941273523,-0.743983513309467
"870",-0.0195963296297108,-0.467006787771259,0.425175135228812,-0.475007295909378,-0.19789083555612,-0.206826304744514
"871",-0.292536550763818,-0.0877726003311019,-1.32826748194081,-0.293866716565812,-0.379365993189055,-0.0599826345525617
"872",-0.0195963296297108,-0.467006787771259,0.362945919636808,-0.753813668392903,0.0866031857750442,0.394778092007202
"874",-0.0195963296297108,-0.467006787771259,0.482894520531915,0.86255014428323,-0.162282542586513,-0.629751121865213
"875",-0.184302247483032,-0.222093582761843,-1.2072888385577,-0.270227341658935,-0.306036337346413,0.115803633174235
"878",-0.698852333563524,0.87256071036026,0.60360329403814,0.686896077408476,0.074257197281371,0.0962334722705453
"879",-0.350949117482305,0.243043842749189,0.373475455792918,-0.598575567831999,1.01660183553239,0.735841736766189
"881",-0.184302247483032,-0.222093582761843,0.426724082731692,-0.38908752670411,-0.0444584292110597,0.822858338183036
"883",-0.0195963296297108,-0.467006787771259,-1.22607171116639,-0.307221143248734,0.239518920935014,0.319010058631146
"885",-0.247755979699564,-0.171397673587116,0.499886433796703,0.167762211670546,-0.721585436256357,0.389962146715569
"886",-0.595659195780783,0.458119194023954,0.282143853635429,-0.528785738347718,-0.370204052788985,0.609804087110831
"887",-0.292536550763818,-0.0877726003311019,-1.34705035454949,-0.330860518155611,-0.0449751003961507,-0.282594338120569
"888",-0.53220546356425,0.407423284849228,-1.16384249557438,-0.0284147707652094,1.70375266260684,-0.3885760852817
"889",-0.595659195780783,0.458119194023954,0.362945919636808,-0.753813668392903,0.718369384349238,-0.693267827284439
"890",-0.520696200833671,0.207836513853041,0.425175135228812,-0.475007295909378,0.657935097745119,0.928647670335881
"894",-0.53220546356425,0.407423284849228,0.238697510652113,-0.770598309241443,-0.366342550467334,-1.1078012992761
"895",-0.36749954571093,0.162510079839811,0.362945919636808,-0.753813668392903,-0.686211004027427,-0.659721774656122
"897",-0.292536550763818,-0.0877726003311019,0.404643586485553,0.0273419289800116,0.67186684996733,0.160214480856726
"899",-0.457242468617139,0.157140604678315,-1.1450596229657,0.00857903082459028,-0.79435650581772,-0.337091836737373
"900",0.469281061564018,-0.48961689241782,0.435704671384922,-0.319769195348475,0.943830765971027,0.00878775331324681
"902",-0.350949117482305,0.243043842749189,-1.06012563533295,0.49071909497272,0.139364059065086,0.108520056844701
"903",-0.520696200833671,0.207836513853041,-1.16384249557438,-0.0284147707652094,0.0665929895037224,-0.618533926608241
"904",-0.0195963296297108,-0.467006787771259,0.478423762167585,-0.265519254781489,0.16674785137365,-0.408043924821796
"905",-0.0195963296297108,-0.467006787771259,-1.22607171116639,-0.307221143248734,-0.79435650581772,-0.337091836737373
"907",-0.184302247483032,-0.222093582761843,0.4376572182047,-0.111044160812979,-0.79435650581772,-0.337091836737373
"911",-0.520696200833671,0.207836513853041,0.478423762167585,-0.265519254781489,-0.79435650581772,-0.337091836737373
"912",0.697440711633871,-0.785226006601963,-0.455176663447024,-0.22321528562061,-0.170827089512858,0.185809880672948
"915",-0.520696200833671,0.207836513853041,0.354692583184231,-0.635569369421799,-0.482150996146607,-0.181671597245238
"917",-0.0195963296297108,-0.467006787771259,0.592670158565132,0.408852711517345,0.395623383463885,-0.396826729564824
"925",-0.0195963296297108,-0.467006787771259,0.488953298323696,-0.110281154220585,0.274893353163943,-0.730673862740544
"926",-0.36749954571093,0.162510079839811,-1.32826748194081,-0.293866716565812,-0.145457658297463,-0.56346416431393
"927",-0.520696200833671,0.207836513853041,0.356855152203321,0.113983769232207,0.629141814531476,0.372964202900786
"928",-0.698852333563524,0.87256071036026,0.574129297797463,1.01772087492476,-0.635066731306576,-0.105903563869182
"929",-0.0195963296297108,-0.467006787771259,-1.1450596229657,0.00857903082459028,-0.635066731306576,-0.105903563869182
"930",-0.520696200833671,0.207836513853041,0.592670158565132,0.408852711517345,0.360248951234956,0.652857191806867
"932",-0.623889338616413,0.622278030189346,-0.92696875169717,1.09138114106486,0.287477881673593,-0.0741967916460746
"934",-0.36749954571093,0.162510079839811,0.478423762167585,-0.265519254781489,0.966013073020958,-0.715082249835742
"936",-0.292536550763818,-0.0877726003311019,0.35417535318289,-0.282303895630029,0.122494289189064,0.450546846939116
"937",-0.247755979699564,-0.171397673587116,-1.09181099602692,0.21806707195248,0.0665929895037224,-0.618533926608241
"939",-0.0195963296297108,-0.467006787771259,-1.22607171116639,-0.307221143248734,1.2591227300792,-0.597010216942247
"940",-0.0195963296297108,-0.467006787771259,-1.34705035454949,-0.330860518155611,0.395623383463885,-0.396826729564824
"942",1.44409844588999,0.873236095834258,-0.351459803205588,0.295918580117319,-0.423899289746193,0.665752625244583
"943",-0.457242468617139,0.157140604678315,-0.322019779811246,0.377446760471534,-0.0415525122865705,-0.295903988689492
"945",-0.292536550763818,-0.0877726003311019,0.306804176863988,0.412200067933949,-0.613439934466063,0.0673322087968202
"946",-0.36749954571093,0.162510079839811,0.595349957585562,0.80514037637958,0.213209079489808,-0.756270097883623
"948",0.574633689886265,-0.537024776779195,0.499886433796703,0.167762211670546,-0.23326526778505,0.842857616627177
"949",-0.184302247483032,-0.222093582761843,0.35417535318289,-0.282303895630029,0.256133634223593,-0.0201135101604785
"950",-0.292536550763818,-0.0877726003311019,-1.09181099602692,0.21806707195248,0.386461443063816,-1.06661345122822
"952",-0.350949117482305,0.243043842749189,0.300926726244117,-0.491791936757918,-0.105720227729143,0.198096465247103
"953",-0.184302247483032,-0.222093582761843,-1.34705035454949,-0.330860518155611,-0.00835019083624964,0.391594111703249
"955",-0.698852333563524,0.87256071036026,0.783618541506161,1.83251312391413,-0.306036337346413,0.115803633174235
"956",-0.247755979699564,-0.171397673587116,0.550643150972748,0.233904866086352,-0.184464849636443,0.0941188812837757
"958",-0.0195963296297108,-0.467006787771259,0.783618541506161,1.83251312391413,0.503232282110991,0.123020144757501
"960",-0.184302247483032,-0.222093582761843,-1.09181099602692,0.21806707195248,-0.306036337346413,0.115803633174235
"961",-0.292536550763818,-0.0877726003311019,0.291946137590887,-0.561110268113553,-0.474488052257626,-0.785171361357347
"966",0.301693468752157,-0.157790589339037,-1.22607171116639,-0.307221143248734,0.278315941273523,-0.743983513309467
"969",-0.36749954571093,0.162510079839811,0.34416304702812,-0.790807469982703,1.07467524599634,0.0677404885491141
"970",0.678035411717584,0.826120072991082,0.373475455792918,-0.598575567831999,-0.635066731306576,-0.105903563869182
"971",0.739339607739586,-0.781937981788611,0.362945919636808,-0.753813668392903,0.256133634223593,-0.0201135101604785
"972",-0.0195963296297108,-0.467006787771259,-0.279428303658126,0.542400422835008,0.372498854000952,-0.525081825015432
"974",-0.292536550763818,-0.0877726003311019,-1.2072888385577,-0.270227341658935,1.07467524599634,0.0677404885491141
"975",-0.53220546356425,0.407423284849228,0.528891995470248,0.0441265698285513,0.214148225830951,-0.249983059372872
"979",-0.457242468617139,0.157140604678315,-1.2072888385577,-0.270227341658935,-0.0444584292110597,0.822858338183036
"980",-0.292536550763818,-0.0877726003311019,-1.32826748194081,-0.293866716565812,-0.79435650581772,-0.337091836737373
"981",-0.0195963296297108,-0.467006787771259,-1.03068561193861,0.572247275326935,-0.315198277746483,-0.553983088489157
"983",-0.457242468617139,0.157140604678315,0.34416304702812,-0.790807469982703,-0.79435650581772,-0.337091836737373
"984",-0.595659195780783,0.458119194023954,0.71797730506523,1.25056432191082,-0.153120602186443,0.0400355997981796
"985",-0.247755979699564,-0.171397673587116,0.656851920976913,0.896384118536365,-0.496670359307557,-0.0613013582083589
"986",-0.36749954571093,0.162510079839811,-0.517405879039027,-0.502021658104135,0.386461443063816,-1.06661345122822
"988",-0.292536550763818,-0.0877726003311019,0.477319930663898,-0.190145423890558,-0.79435650581772,-0.337091836737373
"992",-0.0195963296297108,-0.467006787771259,0.574129297797463,1.01772087492476,-0.0803495326250798,0.767089583251121
"994",-0.0195963296297108,-0.467006787771259,0.550078682412012,0.24389904915387,0.715491837023979,-0.844906254184799
"995",1.61095389993784,2.18568503642981,-1.1450596229657,0.00857903082459028,1.03823783790933,-1.14134735190441
"998",1.22821699893331,-0.804548086435172,-0.988094135785487,0.737200937690409,-0.482150996146607,-0.181671597245238
"999",-0.0195963296297108,-0.467006787771259,-1.15404021161893,-0.0607393005310451,0.287477881673593,-0.0741967916460746
"1000",-0.53220546356425,0.407423284849228,0.416194546575582,-0.544325627265013,0.395623383463885,-0.396826729564824
"1001",-0.247755979699564,-0.171397673587116,0.362945919636808,-0.753813668392903,-0.635066731306576,-0.105903563869182
"1002",-0.292536550763818,-0.0877726003311019,0.362945919636808,-0.753813668392903,1.2591227300792,-0.597010216942247
"1005",-0.53220546356425,0.407423284849228,0.61413283019425,0.84213417796938,0.754806792436248,0.515820013169089
"1006",-0.247755979699564,-0.171397673587116,0.375638024812008,0.150977570822006,-0.337380584796413,0.169886914659831
"1009",-0.247755979699564,-0.171397673587116,0.77308900535005,1.67727502335322,-0.0725179062788219,0.885594565639845
"1010",-0.0195963296297108,-0.467006787771259,0.34416304702812,-0.790807469982703,0.0803978288811474,0.809826532263789
"1011",0.238239736535625,-0.107094680164311,0.656851920976913,0.896384118536365,-0.248632565079016,0.588119335220371
"1013",0.678035411717584,0.826120072991082,0.487849466820009,-0.0349073233296545,0.386461443063816,-1.06661345122822
"1014",-0.292536550763818,-0.0877726003311019,0.656851920976913,0.896384118536365,0.22331016623102,0.419803662290521
"1017",0.678035411717584,0.826120072991082,-0.988094135785487,0.737200937690409,0.754290121251157,-0.589632663134516
"1019",-0.292536550763818,-0.0877726003311019,0.362945919636808,-0.753813668392903,0.543178619791114,-0.0282758623294542
"1020",-0.623889338616413,0.622278030189346,0.354692583184231,-0.635569369421799,0.543178619791114,-0.0282758623294542
"1021",-0.595659195780783,0.458119194023954,0.238697510652113,-0.770598309241443,-0.0803495326250798,0.767089583251121
"1022",-0.292536550763818,-0.0877726003311019,0.34416304702812,-0.790807469982703,-0.482150996146607,-0.181671597245238
"1023",-0.350949117482305,0.243043842749189,0.354692583184231,-0.635569369421799,-0.482150996146607,-0.181671597245238
"1024",-0.623889338616413,0.622278030189346,0.406392262620124,-0.512001097499178,-0.482150996146607,-0.181671597245238
"1031",1.45637664900317,-1.10015720061931,-1.16384249557438,-0.0284147707652094,0.585164028183756,0.201593686882939
"1033",-0.595659195780783,0.458119194023954,0.415300737271207,0.0718763077444268,-0.0763193478461505,-0.228511056634973
"1034",-0.0195963296297108,-0.467006787771259,0.539549146255902,0.0886609485929665,-0.162282542586513,-0.629751121865213
"1035",-0.184302247483032,-0.222093582761843,0.667381457133024,1.05162221909727,0.252711046114013,-0.00680385959155561
"1036",-0.457242468617139,0.157140604678315,0.395226611295418,-0.408797271574198,-0.373488823171223,0.601151141139618
"1037",-0.0195963296297108,-0.467006787771259,0.238697510652113,-0.770598309241443,-0.0415525122865705,-0.295903988689492
"1038",-0.520696200833671,0.207836513853041,-1.09181099602692,0.21806707195248,0.0864398722174115,1.05412226755452
"1040",-0.595659195780783,0.458119194023954,0.488953298323696,-0.110281154220585,0.278317205162192,0.574283649681429
"1043",-0.520696200833671,0.207836513853041,-1.1450596229657,0.00857903082459028,-0.0415525122865705,-0.295903988689492
"1044",-0.350949117482305,0.243043842749189,0.415300737271207,0.0718763077444268,-0.0415525122865705,-0.295903988689492
"1046",0.466399386605478,-0.402703794348454,0.488953298323696,-0.110281154220585,0.598185658722285,0.126204125061454
"1047",-0.595659195780783,0.458119194023954,-1.1450596229657,0.00857903082459028,0.0277959691652128,0.444459645332372
"1049",-0.247755979699564,-0.171397673587116,0.582140622409021,0.253614610956441,0.364795807198976,0.762709228224378
"1050",-0.247755979699564,-0.171397673587116,-1.09181099602692,0.21806707195248,0.480644355791245,-0.847711762934181
"1052",-0.623889338616413,0.622278030189346,0.354692583184231,-0.635569369421799,-0.0415525122865705,-0.295903988689492
"1054",-0.292536550763818,-0.0877726003311019,0.499886433796703,0.167762211670546,0.445269923562316,0.20197215843751
"1055",-0.595659195780783,0.458119194023954,0.362945919636808,-0.753813668392903,-0.529493827300129,0.378615814242641
"1057",-0.292536550763818,-0.0877726003311019,-0.988094135785487,0.737200937690409,-0.0415525122865705,-0.295903988689492
"1061",-0.36749954571093,0.162510079839811,0.574129297797463,1.01772087492476,0.966013073020958,-0.715082249835742
"1063",-0.0195963296297108,-0.467006787771259,0.36591420253062,-0.601029173724901,0.214148225830951,-0.249983059372872
"1064",-0.623889338616413,0.622278030189346,0.539549146255902,0.0886609485929665,-0.217288317629016,0.534036053734775
"1065",-0.623889338616413,0.622278030189346,0.34416304702812,-0.790807469982703,-0.421348325509836,0.0559858763238917
"1066",-0.36749954571093,0.162510079839811,0.36591420253062,-0.601029173724901,0.754290121251157,-0.589632663134516
"1067",-0.0195963296297108,-0.467006787771259,0.477319930663898,-0.190145423890558,0.607346335233686,-0.52227631626605
"1071",-0.292536550763818,-0.0877726003311019,0.460572012444757,0.633117634970136,-0.635066731306576,-0.105903563869182
"1073",-0.0195963296297108,-0.467006787771259,-0.87185705141235,1.51809184250727,-0.374005494356314,-0.504301535163987
"1076",-0.0195963296297108,-0.467006787771259,0.457455826887422,-0.129990899090673,0.633560090951214,-0.923479796310237
"1077",-0.247755979699564,-0.171397673587116,0.219914638043425,-0.807592110831242,0.14456554432372,0.315826078327193
"1080",-0.0195963296297108,-0.467006787771259,0.595349957585562,0.80514037637958,-0.374005494356314,-0.504301535163987
"1085",-0.184302247483032,-0.222093582761843,-1.22607171116639,-0.307221143248734,0.395623383463885,-0.396826729564824
"1086",-0.292536550763818,-0.0877726003311019,0.353071521679203,-0.206930064739098,0.527038356077448,0.939889876110265
"1087",-0.595659195780783,0.458119194023954,0.362945919636808,-0.753813668392903,-0.409379926585243,0.545382386207703
"1090",-0.247755979699564,-0.171397673587116,0.282143853635429,-0.528785738347718,-0.635066731306576,-0.105903563869182
"1091",2.32799094120143,1.86746581759911,0.395226611295418,-0.408797271574198,-0.635066731306576,-0.105903563869182
"1092",-0.292536550763818,-0.0877726003311019,0.510415969952814,0.32300031223145,-0.153120602186443,0.0400355997981796
"1093",0.739339607739586,-0.781937981788611,-1.2072888385577,-0.270227341658935,0.715491837023979,-0.844906254184799
"1094",-0.520696200833671,0.207836513853041,0.223184403645013,-0.81444684488958,-0.105720227729143,0.198096465247103
"1095",-0.623889338616413,0.622278030189346,0.282143853635429,-0.528785738347718,0.0665929895037224,-0.618533926608241
"1099",-0.0195963296297108,-0.467006787771259,0.416194546575582,-0.544325627265013,-0.0449751003961507,-0.282594338120569
"1101",-0.457242468617139,0.157140604678315,0.34416304702812,-0.790807469982703,0.16674785137365,-0.408043924821796
"1103",0.913322158590549,0.892558175667467,0.60360329403814,0.686896077408476,-0.482150996146607,-0.181671597245238
"1104",-0.350949117482305,0.243043842749189,-1.22607171116639,-0.307221143248734,0.0665929895037224,-0.618533926608241
"1105",-0.0195963296297108,-0.467006787771259,-1.22607171116639,-0.307221143248734,0.16674785137365,-0.408043924821796
"1106",-0.623889338616413,0.622278030189346,-0.619601649813447,-0.488667231421212,-0.560838074750129,0.432699095728237
"1107",-0.520696200833671,0.207836513853041,0.238697510652113,-0.770598309241443,-0.0895114730251495,0.0973028615877283
"1109",0.739339607739586,-0.781937981788611,-1.34705035454949,-0.330860518155611,0.585164028183756,0.201593686882939
"1110",1.45637664900317,-1.10015720061931,0.354692583184231,-0.635569369421799,0.437050205575249,0.384310535373714
"1113",-0.0195963296297108,-0.467006787771259,0.34416304702812,-0.790807469982703,-0.162282542586513,-0.629751121865213
"1116",-0.0195963296297108,-0.467006787771259,0.418874345596012,-0.148037962402779,0.16674785137365,-0.408043924821796
"1117",-0.520696200833671,0.207836513853041,0.478423762167585,-0.265519254781489,-0.184464849636443,0.0941188812837757
"1118",-0.0195963296297108,-0.467006787771259,-0.517405879039027,-0.502021658104135,0.715491837023979,-0.844906254184799
"1119",-0.0195963296297108,-0.467006787771259,0.428886651750782,0.360465611949896,0.278315941273523,-0.743983513309467
"1121",1.61095389993784,2.18568503642981,-1.16384249557438,-0.0284147707652094,-0.0415525122865705,-0.295903988689492
"1124",1.45637664900317,-1.10015720061931,0.291946137590887,-0.561110268113553,1.0473997783094,-0.471560630241021
"1125",-0.0195963296297108,-0.467006787771259,0.550078682412012,0.24389904915387,-0.103100772502459,0.455701851106757
"1126",1.01873051001574,-0.476009808169741,-1.1450596229657,0.00857903082459028,-0.409379926585243,0.545382386207703
"1130",-0.0195963296297108,-0.467006787771259,-1.1450596229657,0.00857903082459028,-0.162282542586513,-0.629751121865213
"1131",-0.457242468617139,0.157140604678315,0.500174917670085,-0.0757409585236875,-0.2844095405059,0.289039405840238
"1132",1.61095389993784,2.18568503642981,-1.1450596229657,0.00857903082459028,-0.364162009452721,0.854099822401562
"1134",-0.0195963296297108,-0.467006787771259,-1.2072888385577,-0.270227341658935,0.525414589160922,-0.600849858391488
"1135",-0.247755979699564,-0.171397673587116,0.679901681264724,1.3133792581762,-0.217288317629016,0.534036053734775
"1136",-0.623889338616413,0.622278030189346,-0.988094135785487,0.737200937690409,-0.370204052788985,0.609804087110831
"1139",-0.595659195780783,0.458119194023954,0.416194546575582,-0.544325627265013,-0.0415525122865705,-0.295903988689492
"1142",0.913322158590549,0.892558175667467,0.667381457133024,1.05162221909727,-0.0536203696111294,0.153071616519643
"1144",-0.36749954571093,0.162510079839811,0.643266006497338,0.607794814330896,0.063687072579233,0.500228400264287
"1145",-0.520696200833671,0.207836513853041,0.406392262620124,-0.512001097499178,-0.699234446749148,0.388096890067413
"1146",-0.292536550763818,-0.0877726003311019,0.624789980979904,0.886668556733794,-0.162282542586513,-0.629751121865213
"1147",-0.520696200833671,0.207836513853041,-1.27501885500203,-0.0843786754379221,0.287477881673593,-0.0741967916460746
"1149",-0.292536550763818,-0.0877726003311019,0.528891995470248,0.0441265698285513,0.525414589160922,-0.600849858391488
"1150",1.61095389993784,2.18568503642981,-1.09181099602692,0.21806707195248,0.278315941273523,-0.743983513309467
"1152",-0.292536550763818,-0.0877726003311019,0.488953298323696,-0.110281154220585,-0.613439934466063,0.0673322087968202
"1154",-0.520696200833671,0.207836513853041,0.282143853635429,-0.528785738347718,-0.388524857517264,-0.383931296127108
"1158",-0.0195963296297108,-0.467006787771259,-1.22607171116639,-0.307221143248734,0.0665929895037224,-0.618533926608241
"1159",-0.0195963296297108,-0.467006787771259,0.60360329403814,0.686896077408476,-0.686211004027427,-0.659721774656122
"1162",-0.595659195780783,0.458119194023954,0.500174917670085,-0.0757409585236875,-0.0415525122865705,-0.295903988689492
"1166",-0.698852333563524,0.87256071036026,0.362945919636808,-0.753813668392903,-0.438173209798886,-0.0103010812273913
"1167",-0.0195963296297108,-0.467006787771259,0.519017597512643,0.591010173482356,0.633560090951214,-0.923479796310237
"1170",-0.457242468617139,0.157140604678315,0.219914638043425,-0.807592110831242,0.607346335233686,-0.52227631626605
"1171",-0.0195963296297108,-0.467006787771259,0.362945919636808,-0.753813668392903,0.205546135600828,-0.152770333771513
"1172",-0.292536550763818,-0.0877726003311019,0.295215903192474,-0.56796500217189,0.646144619460864,-0.267002725215767
"1173",-0.520696200833671,0.207836513853041,0.478423762167585,-0.265519254781489,-0.546318711589179,0.312328856691358
"1174",0.678035411717584,0.826120072991082,0.0989359946603178,-0.83123148573812,0.00846731739741426,0.119762262619085
"1175",-0.247755979699564,-0.171397673587116,0.353071521679203,-0.206930064739098,-0.562295661745213,0.62115041958376
"1176",-0.520696200833671,0.207836513853041,0.35417535318289,-0.282303895630029,-0.0803495326250798,0.767089583251121
"1177",-0.292536550763818,-0.0877726003311019,0.362945919636808,-0.753813668392903,-0.482150996146607,-0.181671597245238
"1179",1.61095389993784,2.18568503642981,0.404643586485553,0.0273419289800116,0.585164028183756,0.201593686882939
"1180",-0.184302247483032,-0.222093582761843,0.539549146255902,0.0886609485929665,0.0803978288811474,0.809826532263789
"1181",0.511179957669733,-0.486328867604468,0.35417535318289,-0.282303895630029,0.22331016623102,0.419803662290521
"1183",-0.350949117482305,0.243043842749189,-1.22607171116639,-0.307221143248734,0.031218557274793,0.431149994763449
"1184",-0.457242468617139,0.157140604678315,-0.445374379491566,-0.255539815386446,-0.540276668252915,0.556624591982088
"1185",-0.520696200833671,0.207836513853041,0.291946137590887,-0.561110268113553,0.214148225830951,-0.249983059372872
"1187",0.226730473805046,0.092492090831876,0.366870823436901,-0.0585466982365315,-0.153120602186443,0.0400355997981796
"1188",-0.457242468617139,0.157140604678315,0.300926726244117,-0.491791936757918,-0.482150996146607,-0.181671597245238
"1190",-0.292536550763818,-0.0877726003311019,0.584820421429452,0.649902275818676,0.278315941273523,-0.743983513309467
"1191",-0.457242468617139,0.157140604678315,0.653795542653449,0.7630329148918,-0.0415525122865705,-0.295903988689492
"1193",-0.623889338616413,0.622278030189346,0.35417535318289,-0.282303895630029,-0.370204052788985,0.609804087110831
"1194",-0.520696200833671,0.207836513853041,0.300926726244117,-0.491791936757918,-0.79435650581772,-0.337091836737373
"1195",-0.457242468617139,0.157140604678315,-1.34705035454949,-0.330860518155611,-0.145457658297463,-0.56346416431393
"1196",-0.0195963296297108,-0.467006787771259,0.545123736123919,1.14135651676675,-0.482150996146607,-0.181671597245238
"1197",-0.520696200833671,0.207836513853041,0.425175135228812,-0.475007295909378,-0.45415015995492,0.29852048166501
"1198",-0.0195963296297108,-0.467006787771259,-0.92696875169717,1.09138114106486,-0.613439934466063,0.0673322087968202
"1199",-0.292536550763818,-0.0877726003311019,0.252496812409811,-0.622214942738876,0.754290121251157,-0.589632663134516
"1200",1.43697134908688,0.51118887897373,0.316678574821592,-0.134683535719856,0.256133634223593,-0.0201135101604785
"1201",2.36988983730714,1.87075384241246,0.519017597512643,0.591010173482356,0.693309529974049,-0.12103625103581
"1203",-0.0195963296297108,-0.467006787771259,0.460572012444757,0.633117634970136,-0.162282542586513,-0.629751121865213
"1206",-0.520696200833671,0.207836513853041,0.429403881752123,0.00720013815812524,0.214148225830951,-0.249983059372872
"1207",0.466399386605478,-0.402703794348454,0.406392262620124,-0.512001097499178,1.22112750680275,0.828804827797328
"1208",1.01873051001574,-0.476009808169741,0.416194546575582,-0.544325627265013,0.657935097745119,0.928647670335881
"1209",-0.184302247483032,-0.222093582761843,0.478423762167585,-0.265519254781489,0.217336613885083,1.04288006178014
"1210",1.22821699893331,-0.804548086435172,-1.2072888385577,-0.270227341658935,-0.0415525122865705,-0.295903988689492
"1211",-0.247755979699564,-0.171397673587116,0.35417535318289,-0.282303895630029,0.278317205162192,0.574283649681429
"1212",-0.0195963296297108,-0.467006787771259,0.61413283019425,0.84213417796938,-0.392555042296193,0.611669343758987
"1213",0.678035411717584,0.826120072991082,0.219914638043425,-0.807592110831242,0.331455668021313,0.0971737243717721
"1215",-0.520696200833671,0.207836513853041,-1.16384249557438,-0.0284147707652094,-0.109142815838723,0.211406115816026
"1218",1.12502386115057,-0.390106570098867,0.354692583184231,-0.635569369421799,1.23694042302927,0.126859786206741
"1219",0.163276741588514,0.143188000006602,0.478423762167585,-0.265519254781489,-0.153120602186443,0.0400355997981796
"1221",-0.184302247483032,-0.222093582761843,-1.22607171116639,-0.307221143248734,-0.0415525122865705,-0.295903988689492
"1224",0.678035411717584,0.826120072991082,0.219914638043425,-0.807592110831242,-0.248632565079016,0.588119335220371
"1226",-0.247755979699564,-0.171397673587116,0.60360329403814,0.686896077408476,-0.465326111857557,-0.115384639693955
"1228",-0.0195963296297108,-0.467006787771259,0.238697510652113,-0.770598309241443,-0.306036337346413,0.115803633174235
"1229",-0.520696200833671,0.207836513853041,0.643266006497338,0.607794814330896,-0.23326526778505,0.842857616627177
"1230",-0.0195963296297108,-0.467006787771259,-1.06012563533295,0.49071909497272,-0.217288317629016,0.534036053734775
"1231",-0.457242468617139,0.157140604678315,0.34416304702812,-0.790807469982703,0.287477881673593,-0.0741967916460746
"1233",-0.520696200833671,0.207836513853041,0.698377706782158,1.0345055157733,0.031218557274793,0.431149994763449
"1234",-0.0195963296297108,-0.467006787771259,0.294625936611317,-0.164822603251318,-0.538655767700198,-0.291170907420752
"1235",-0.184302247483032,-0.222093582761843,-1.09291482753061,0.29344090284341,-0.482150996146607,-0.181671597245238
"1236",-0.350949117482305,0.243043842749189,0.593728896080535,1.23377968106228,-0.546318711589179,0.312328856691358
"1238",0.678035411717584,0.826120072991082,0.4376572182047,-0.111044160812979,0.287477881673593,-0.0741967916460746
"1239",-0.292536550763818,-0.0877726003311019,0.34416304702812,-0.790807469982703,0.754806792436248,0.515820013169089
"1240",-0.350949117482305,0.243043842749189,0.219914638043425,-0.807592110831242,-0.496670359307557,-0.0613013582083589
"1242",-0.184302247483032,-0.222093582761843,0.478423762167585,-0.265519254781489,0.217336613885083,1.04288006178014
"1243",0.739339607739586,-0.781937981788611,-0.92696875169717,1.09138114106486,-0.184464849636443,0.0941188812837757
"1246",-0.292536550763818,-0.0877726003311019,0.478423762167585,-0.265519254781489,-0.482150996146607,-0.181671597245238
"1248",-0.0195963296297108,-0.467006787771259,-1.09291482753061,0.29344090284341,0.229352209567284,0.664099397581252
"1249",-0.0195963296297108,-0.467006787771259,-0.218302919569809,0.896580626209464,-0.373488823171223,0.601151141139618
"1252",-0.0195963296297108,-0.467006787771259,0.478423762167585,-0.265519254781489,0.546056167116372,0.123362564570906
"1253",0.678035411717584,0.826120072991082,0.614260444823794,0.731430456172891,0.939254276519108,-0.148930692322272
"1255",-0.520696200833671,0.207836513853041,0.219914638043425,-0.807592110831242,0.00242527406115016,-0.124533472671645
"1256",-0.184302247483032,-0.222093582761843,0.35417535318289,-0.282303895630029,-0.496670359307557,-0.0613013582083589
"1257",0.697440711633871,-0.785226006601963,0.416921798776234,-0.356762996938274,0.256133634223593,-0.0201135101604785
"1260",0.739339607739586,-0.781937981788611,-0.988094135785487,0.737200937690409,0.585164028183756,0.201593686882939
"1261",-0.520696200833671,0.207836513853041,0.592670158565132,0.408852711517345,-0.858524221260292,0.156908617199223
"1262",-0.292536550763818,-0.0877726003311019,0.291946137590887,-0.561110268113553,0.14456554432372,0.315826078327193
"1263",0.739339607739586,-0.781937981788611,-1.22607171116639,-0.307221143248734,-0.0541370407962202,-0.952381059783962
"1267",-0.595659195780783,0.458119194023954,0.478423762167585,-0.265519254781489,-0.526921229516283,-0.428533501787931
"1269",-0.698852333563524,0.87256071036026,0.491633097344126,0.28600651064165,-0.153120602186443,0.0400355997981796
"1270",-0.520696200833671,0.207836513853041,0.415300737271207,0.0718763077444268,-0.635066731306576,-0.105903563869182
"1272",-0.520696200833671,0.207836513853041,0.539549146255902,0.0886609485929665,-0.0415525122865705,-0.295903988689492
"1274",0.469281061564018,-0.48961689241782,0.300926726244117,-0.491791936757918,-0.635066731306576,-0.105903563869182
"1276",-0.595659195780783,0.458119194023954,0.593728896080535,1.23377968106228,0.0138321162136806,-0.33227589144574
"1277",0.697440711633871,-0.785226006601963,0.362945919636808,-0.753813668392903,-0.395506256902721,0.908183103887158
"1278",0.913322158590549,0.892558175667467,0.375638024812008,0.150977570822006,1.66837823037791,0.661107836089991
"1280",1.22821699893331,-0.804548086435172,0.490905845143474,0.0984438803149106,1.18523640338873,0.773036072865413
"1281",1.45637664900317,-1.10015720061931,-1.03068561193861,0.572247275326935,1.48547351413525,0.439059802473736
"1284",-0.247755979699564,-0.171397673587116,-1.1450596229657,0.00857903082459028,1.65830340255321,0.727882086921997
"1285",0.405095190583477,1.20535426043124,0.35417535318289,-0.282303895630029,0.253227717299103,1.09864881671205
"1286",-0.457242468617139,0.157140604678315,0.416194546575582,-0.544325627265013,-0.0803495326250798,0.767089583251121
"1287",-0.0195963296297108,-0.467006787771259,0.425175135228812,-0.475007295909378,-0.699234446749148,0.388096890067413
"1288",0.469281061564018,-0.48961689241782,0.34416304702812,-0.790807469982703,-0.401548300238985,0.663887368596427
"1290",0.574633689886265,-0.537024776779195,-0.436393790838336,-0.186221484030811,0.585164028183756,0.201593686882939
"1291",-0.292536550763818,-0.0877726003311019,0.34416304702812,-0.790807469982703,-0.474488052257626,-0.785171361357347
"1292",-0.292536550763818,-0.0877726003311019,0.362945919636808,-0.753813668392903,-0.373488823171223,0.601151141139618
"1295",-0.292536550763818,-0.0877726003311019,0.425175135228812,-0.475007295909378,-0.145457658297463,-0.56346416431393
"1296",-0.247755979699564,-0.171397673587116,0.300926726244117,-0.491791936757918,-0.374005494356314,-0.504301535163987
"1297",0.405095190583477,1.20535426043124,0.313408809220005,-0.127828801661519,-0.0996781843928787,0.442392200537834
"1298",-0.520696200833671,0.207836513853041,0.219914638043425,-0.807592110831242,-0.79435650581772,-0.337091836737373
"1299",-0.520696200833671,0.207836513853041,0.415300737271207,0.0718763077444268,-0.699234446749148,0.388096890067413
"1300",-0.184302247483032,-0.222093582761843,0.362945919636808,-0.753813668392903,-0.00835019083624964,0.391594111703249
"1301",-0.292536550763818,-0.0877726003311019,-0.218302919569809,0.896580626209464,-0.20705277595619,-0.876613026407906
"1303",-0.520696200833671,0.207836513853041,0.300926726244117,-0.491791936757918,0.718915689022228,0.460051258237175
"1305",-0.457242468617139,0.157140604678315,0.223184403645013,-0.81444684488958,-0.0449751003961507,-0.282594338120569
"1307",0.511179957669733,-0.486328867604468,0.490905845143474,0.0984438803149106,-0.409379926585243,0.545382386207703
"1312",-0.520696200833671,0.207836513853041,0.532603511992218,0.879599477687825,-0.0415525122865705,-0.295903988689492
"1313",-0.292536550763818,-0.0877726003311019,0.416194546575582,-0.544325627265013,-0.474488052257626,-0.785171361357347
"1314",-0.698852333563524,0.87256071036026,0.550078682412012,0.24389904915387,1.10904274571779,0.0592917399813947
"1315",-0.520696200833671,0.207836513853041,0.540768753015143,0.780788469740158,-0.0449751003961507,-0.282594338120569
"1316",1.50755217810653,0.822540186659532,-1.22607171116639,-0.307221143248734,0.253227717299103,1.09864881671205
"1317",-0.623889338616413,0.622278030189346,0.488953298323696,-0.110281154220585,-0.0415525122865705,-0.295903988689492
"1318",-0.292536550763818,-0.0877726003311019,0.656851920976913,0.896384118536365,0.690122405808585,-0.0956322091979202
"1320",0.259794572646443,-0.161078614152389,-0.383145163899562,0.023266557097079,0.031218557274793,0.431149994763449
"1321",0.678035411717584,0.826120072991082,0.404643586485553,0.0273419289800116,-0.11169378007508,0.821172864736717
"1323",-0.36749954571093,0.162510079839811,0.223184403645013,-0.81444684488958,-0.153120602186443,0.0400355997981796
"1324",-0.595659195780783,0.458119194023954,-1.1450596229657,0.00857903082459028,-0.526921229516283,-0.428533501787931
"1326",-0.184302247483032,-0.222093582761843,0.362945919636808,-0.753813668392903,-0.554796031413865,0.676994831018968
"1327",-0.0195963296297108,-0.467006787771259,0.425175135228812,-0.475007295909378,0.287477881673593,-0.0741967916460746
"1330",-0.0195963296297108,-0.467006787771259,0.528891995470248,0.0441265698285513,-0.287360755112428,0.585553165968409
"1331",-0.623889338616413,0.622278030189346,0.592670158565132,0.408852711517345,0.0665929895037224,-0.618533926608241
"1334",-0.184302247483032,-0.222093582761843,0.34416304702812,-0.790807469982703,0.901845357578386,-0.221081795899146
"1335",0.697440711633871,-0.785226006601963,0.34416304702812,-0.790807469982703,-0.184464849636443,0.0941188812837757
"1336",-0.247755979699564,-0.171397673587116,0.362945919636808,-0.753813668392903,-0.465326111857557,-0.115384639693955
"1339",-0.292536550763818,-0.0877726003311019,0.282143853635429,-0.528785738347718,1.07415857481125,-1.03771218775449
"1341",-0.520696200833671,0.207836513853041,0.353071521679203,-0.206930064739098,-0.699234446749148,0.388096890067413
"1344",-0.0195963296297108,-0.467006787771259,-1.22607171116639,-0.307221143248734,-0.482150996146607,-0.181671597245238
"1347",1.45637664900317,-1.10015720061931,0.34416304702812,-0.790807469982703,0.364279136013886,-0.342743448079227
"1348",-0.292536550763818,-0.0877726003311019,0.356855152203321,0.113983769232207,-0.315198277746483,-0.553983088489157
"1349",-0.457242468617139,0.157140604678315,-1.22607171116639,-0.307221143248734,-0.271220491398762,-0.382612572471311
"1350",-0.184302247483032,-0.222093582761843,-0.517405879039027,-0.502021658104135,-0.540276668252915,0.556624591982088
"1351",-0.184302247483032,-0.222093582761843,0.404643586485553,0.0273419289800116,-0.635066731306576,-0.105903563869182
"1352",-0.247755979699564,-0.171397673587116,0.4376572182047,-0.111044160812979,-0.546318711589179,0.312328856691358
"1353",-0.292536550763818,-0.0877726003311019,-0.988094135785487,0.737200937690409,-0.438173209798886,-0.0103010812273913
"1355",-0.36749954571093,0.162510079839811,0.656851920976913,0.896384118536365,-0.153120602186443,0.0400355997981796
"1357",-0.698852333563524,0.87256071036026,0.60360329403814,0.686896077408476,-0.153120602186443,0.0400355997981796
"1359",-0.184302247483032,-0.222093582761843,-1.03068561193861,0.572247275326935,-0.19789083555612,-0.206826304744514
"1360",-0.247755979699564,-0.171397673587116,0.584820421429452,0.649902275818676,-0.560838074750129,0.432699095728237
"1361",-0.184302247483032,-0.222093582761843,0.71797730506523,1.25056432191082,-0.858524221260292,0.156908617199223
"1365",0.532734793780551,-0.540312801592546,0.478423762167585,-0.265519254781489,0.585164028183756,0.201593686882939
"1366",-0.0195963296297108,-0.467006787771259,0.356855152203321,0.113983769232207,-0.635066731306576,-0.105903563869182
"1371",-0.520696200833671,0.207836513853041,0.385860713876865,-0.00965187260978815,-0.482150996146607,-0.181671597245238
"1375",0.466399386605478,-0.402703794348454,0.353071521679203,-0.206930064739098,-0.0415525122865705,-0.295903988689492
"1378",-0.520696200833671,0.207836513853041,0.478423762167585,-0.265519254781489,-0.0758026766610596,0.876941619668632
"1380",-0.53220546356425,0.407423284849228,0.51010912286156,0.00713276823875158,-0.374005494356314,-0.504301535163987
"1381",-0.184302247483032,-0.222093582761843,-0.988094135785487,0.737200937690409,-0.474488052257626,-0.785171361357347
"1383",1.12502386115057,-0.390106570098867,0.425175135228812,-0.475007295909378,-0.153120602186443,0.0400355997981796
"1384",-0.292536550763818,-0.0877726003311019,0.238697510652113,-0.770598309241443,0.585164028183756,0.201593686882939
"1385",-0.0195963296297108,-0.467006787771259,0.667381457133024,1.05162221909727,0.278315941273523,-0.743983513309467
"1387",-0.247755979699564,-0.171397673587116,0.425175135228812,-0.475007295909378,-0.452692572959836,0.110069157809488
"1388",-0.184302247483032,-0.222093582761843,-0.92696875169717,1.09138114106486,-0.0758026766610596,0.876941619668632
"1389",-0.292536550763818,-0.0877726003311019,0.428886651750782,0.360465611949896,-0.153120602186443,0.0400355997981796
"1391",-0.457242468617139,0.157140604678315,0.425175135228812,-0.475007295909378,-0.482150996146607,-0.181671597245238
"1393",0.466399386605478,-0.402703794348454,0.653795542653449,0.7630329148918,-0.184464849636443,0.0941188812837757
"1394",0.697440711633871,-0.785226006601963,0.519017597512643,0.591010173482356,0.031218557274793,0.431149994763449
"1396",-0.520696200833671,0.207836513853041,0.425175135228812,-0.475007295909378,0.331455668021313,0.0971737243717721
"1399",-0.350949117482305,0.243043842749189,-1.22607171116639,-0.307221143248734,-0.23326526778505,0.842857616627177
"1400",-0.0195963296297108,-0.467006787771259,-1.09181099602692,0.21806707195248,0.256133634223593,-0.0201135101604785
"1402",-0.520696200833671,0.207836513853041,0.643266006497338,0.607794814330896,-0.635066731306576,-0.105903563869182
"1404",0.532734793780551,-0.540312801592546,-0.436393790838336,-0.186221484030811,0.364279136013886,-0.342743448079227
"1405",-0.520696200833671,0.207836513853041,-0.92696875169717,1.09138114106486,-0.685694332842336,0.445730901647483
"1406",0.913322158590549,0.892558175667467,0.77308900535005,1.67727502335322,-0.0503355992288916,0.161724562490856
"1407",-0.247755979699564,-0.171397673587116,0.478423762167585,-0.265519254781489,-0.153120602186443,0.0400355997981796
"1410",-0.292536550763818,-0.0877726003311019,0.35417535318289,-0.282303895630029,-0.217288317629016,0.534036053734775
"1411",-0.520696200833671,0.207836513853041,0.477319930663898,-0.190145423890558,0.396140054648976,0.708625946738782
"1412",-0.36749954571093,0.162510079839811,0.373475455792918,-0.598575567831999,0.459232512625179,-0.339559467775275
"1414",-0.292536550763818,-0.0877726003311019,0.478423762167585,-0.265519254781489,-0.306036337346413,0.115803633174235
"1415",-0.53220546356425,0.407423284849228,0.478423762167585,-0.265519254781489,0.205546135600828,-0.152770333771513
"1416",-0.698852333563524,0.87256071036026,0.457892213424327,0.236829970107901,0.287477881673593,-0.0741967916460746
"1418",-0.292536550763818,-0.0877726003311019,-1.09291482753061,0.29344090284341,-0.635066731306576,-0.105903563869182
"1420",-0.520696200833671,0.207836513853041,0.539549146255902,0.0886609485929665,-0.370204052788985,0.609804087110831
"1421",-0.292536550763818,-0.0877726003311019,-1.09181099602692,0.21806707195248,-0.635066731306576,-0.105903563869182
"1422",1.63035919985413,0.574338956836764,-1.1450596229657,0.00857903082459028,0.364279136013886,-0.342743448079227
"1423",-0.292536550763818,-0.0877726003311019,0.532603511992218,0.879599477687825,-0.0803495326250798,0.767089583251121
"1424",-0.0195963296297108,-0.467006787771259,-0.49862300643034,-0.465027856514335,-0.474488052257626,-0.785171361357347
"1428",-0.520696200833671,0.207836513853041,0.415300737271207,0.0718763077444268,-0.388524857517264,-0.383931296127108
"1430",-0.457242468617139,0.157140604678315,0.238697510652113,-0.770598309241443,0.0138321162136806,-0.33227589144574
"1431",-0.595659195780783,0.458119194023954,-1.1450596229657,0.00857903082459028,0.754290121251157,-0.589632663134516
"1432",-0.520696200833671,0.207836513853041,0.362945919636808,-0.753813668392903,0.646144619460864,-0.267002725215767
"1433",-0.595659195780783,0.458119194023954,0.35417535318289,-0.282303895630029,0.314208308576212,0.630052404613344
"1437",-0.520696200833671,0.207836513853041,-1.16384249557438,-0.0284147707652094,0.19196591878102,0.473886943776117
"1438",-0.457242468617139,0.157140604678315,0.418874345596012,-0.148037962402779,0.102580135931078,0.0859565291148
"1439",-0.36749954571093,0.162510079839811,-0.517405879039027,-0.502021658104135,-0.0415525122865705,-0.295903988689492
"1440",-0.457242468617139,0.157140604678315,0.698377706782158,1.0345055157733,-0.153120602186443,0.0400355997981796
"1443",0.697440711633871,-0.785226006601963,0.425175135228812,-0.475007295909378,0.520996312741184,0.695594140819535
"1444",-0.623889338616413,0.622278030189346,0.362945919636808,-0.753813668392903,0.256133634223593,-0.0201135101604785
"1445",-0.292536550763818,-0.0877726003311019,-1.2072888385577,-0.270227341658935,0.395623383463885,-0.396826729564824
"1448",-0.623889338616413,0.622278030189346,-0.988094135785487,0.737200937690409,-0.153120602186443,0.0400355997981796
"1451",1.45637664900317,-1.10015720061931,-1.03068561193861,0.572247275326935,1.38337005568122,1.00598547568322
"1452",1.45637664900317,-1.10015720061931,0.294625936611317,-0.164822603251318,0.966013073020958,-0.715082249835742
"1454",-0.292536550763818,-0.0877726003311019,0.34416304702812,-0.790807469982703,-0.162282542586513,-0.629751121865213
"1457",-0.595659195780783,0.458119194023954,0.61413283019425,0.84213417796938,0.287477881673593,-0.0741967916460746
"1459",-0.623889338616413,0.622278030189346,0.653795542653449,0.7630329148918,-0.211246274292752,0.778331789025506
"1460",-0.0195963296297108,-0.467006787771259,-1.2072888385577,-0.270227341658935,-0.699234446749148,0.388096890067413
"1461",-0.520696200833671,0.207836513853041,0.300926726244117,-0.491791936757918,-0.546318711589179,0.312328856691358
"1463",-0.520696200833671,0.207836513853041,0.282143853635429,-0.528785738347718,0.0864398722174115,1.05412226755452
"1464",0.511179957669733,-0.486328867604468,0.415300737271207,0.0718763077444268,0.198007962117285,0.718182679066848
"1465",0.330132195636365,1.45563694060215,-1.22607171116639,-0.307221143248734,0.607346335233686,-0.52227631626605
"1467",-0.247755979699564,-0.171397673587116,0.478423762167585,-0.265519254781489,-0.357180610067264,-0.438014577612704
"1471",-0.36749954571093,0.162510079839811,0.238697510652113,-0.770598309241443,0.966013073020958,-0.715082249835742
"1473",0.0181847077000579,0.554341491529556,0.490905845143474,0.0984438803149106,0.14456554432372,0.315826078327193
"1474",-0.698852333563524,0.87256071036026,0.479354885053444,0.670111436559935,-0.153120602186443,0.0400355997981796
"1476",-0.520696200833671,0.207836513853041,0.425175135228812,-0.475007295909378,-0.373488823171223,0.601151141139618
"1477",0.163276741588514,0.143188000006602,0.478423762167585,-0.265519254781489,1.38337005568122,1.00598547568322
"1478",0.163276741588514,0.143188000006602,0.354692583184231,-0.635569369421799,-0.562295661745213,0.62115041958376
"1480",3.08692687857072,1.55253462358175,0.499886433796703,0.167762211670546,0.520996312741184,0.695594140819535
"1482",-0.0195963296297108,-0.467006787771259,-1.22607171116639,-0.307221143248734,-0.145457658297463,-0.56346416431393
"1484",-0.520696200833671,0.207836513853041,0.550078682412012,0.24389904915387,-0.635066731306576,-0.105903563869182
"1486",-0.184302247483032,-0.222093582761843,0.435704671384922,-0.319769195348475,-0.0415525122865705,-0.295903988689492
"1489",-0.292536550763818,-0.0877726003311019,0.60360329403814,0.686896077408476,0.754290121251157,-0.589632663134516
"1490",-0.292536550763818,-0.0877726003311019,0.643266006497338,0.607794814330896,-0.482150996146607,-0.181671597245238
"1492",-0.0195963296297108,-0.467006787771259,0.446926290731311,-0.285228999651577,0.287477881673593,-0.0741967916460746
"1493",-0.184302247483032,-0.222093582761843,0.362945919636808,-0.753813668392903,0.287477881673593,-0.0741967916460746
"1494",0.739339607739586,-0.781937981788611,0.510415969952814,0.32300031223145,-0.357180610067264,-0.438014577612704
"1495",-0.184302247483032,-0.222093582761843,0.282143853635429,-0.528785738347718,-0.482150996146607,-0.181671597245238
"1496",-0.698852333563524,0.87256071036026,0.362945919636808,-0.753813668392903,-0.153120602186443,0.0400355997981796
"1497",-0.0195963296297108,-0.467006787771259,0.582140622409021,0.253614610956441,-0.153120602186443,0.0400355997981796
"1499",-0.457242468617139,0.157140604678315,0.238697510652113,-0.770598309241443,-0.374005494356314,-0.504301535163987
"1500",-0.0195963296297108,-0.467006787771259,0.481103561188016,0.130768410080746,0.16674785137365,-0.408043924821796
"1502",0.678035411717584,0.826120072991082,0.238697510652113,-0.770598309241443,-0.306036337346413,0.115803633174235
"1506",-0.292536550763818,-0.0877726003311019,-1.2072888385577,-0.270227341658935,0.607346335233686,-0.52227631626605
"1507",-0.292536550763818,-0.0877726003311019,0.362945919636808,-0.753813668392903,-0.0449751003961507,-0.282594338120569
"1508",-0.0195963296297108,-0.467006787771259,-1.22607171116639,-0.307221143248734,-0.248632565079016,0.588119335220371
"1509",-0.520696200833671,0.207836513853041,0.219914638043425,-0.807592110831242,-0.153120602186443,0.0400355997981796
"1512",-0.184302247483032,-0.222093582761843,0.362945919636808,-0.753813668392903,0.875086561076535,0.345069761614323
"1517",-0.292536550763818,-0.0877726003311019,0.238697510652113,-0.770598309241443,0.607346335233686,-0.52227631626605
"1518",-0.457242468617139,0.157140604678315,0.416921798776234,-0.356762996938274,0.0665929895037224,-0.618533926608241
"1521",0.469281061564018,-0.48961689241782,0.460572012444757,0.633117634970136,-0.858524221260292,0.156908617199223
"1522",0.301693468752157,-0.157790589339037,0.35417535318289,-0.282303895630029,0.287477881673593,-0.0741967916460746
"1523",0.349537495552652,-0.155709138990892,0.457892213424327,0.236829970107901,0.22331016623102,0.419803662290521
"1524",-0.0195963296297108,-0.467006787771259,0.291946137590887,-0.561110268113553,-0.526921229516283,-0.428533501787931
"1526",-0.520696200833671,0.207836513853041,0.282143853635429,-0.528785738347718,0.031218557274793,0.431149994763449
"1527",-0.247755979699564,-0.171397673587116,-1.04134276272426,0.52771289656252,0.287477881673593,-0.0741967916460746
"1529",-0.0195963296297108,-0.467006787771259,0.528891995470248,0.0441265698285513,0.217336613885083,1.04288006178014
"1534",-0.247755979699564,-0.171397673587116,-1.09181099602692,0.21806707195248,-0.438173209798886,-0.0103010812273913
"1539",-0.595659195780783,0.458119194023954,-1.2072888385577,-0.270227341658935,0.0665929895037224,-0.618533926608241
"1540",0.163276741588514,0.143188000006602,-1.03068561193861,0.572247275326935,-0.153120602186443,0.0400355997981796
"1541",-0.292536550763818,-0.0877726003311019,0.219914638043425,-0.807592110831242,-0.197374164371029,0.898626371559091
"1543",-0.595659195780783,0.458119194023954,-1.03068561193861,0.572247275326935,-0.635066731306576,-0.105903563869182
"1544",1.45637664900317,-1.10015720061931,0.404643586485553,0.0273419289800116,1.23979534220007,0.396559563335361
"1545",0.366087923781277,-0.0751753760815146,0.574129297797463,1.01772087492476,0.907910029069108,-0.0948474108366763
"1546",0.678035411717584,0.826120072991082,0.238697510652113,-0.770598309241443,-0.438173209798886,-0.0103010812273913
"1547",-0.520696200833671,0.207836513853041,0.539549146255902,0.0886609485929665,-0.374005494356314,-0.504301535163987
"1549",1.61095389993784,2.18568503642981,0.418874345596012,-0.148037962402779,0.395623383463885,-0.396826729564824
"1550",-0.36749954571093,0.162510079839811,0.539549146255902,0.0886609485929665,-0.546318711589179,0.312328856691358
"1557",-0.698852333563524,0.87256071036026,0.488953298323696,-0.110281154220585,-0.306036337346413,0.115803633174235
"1558",-0.520696200833671,0.207836513853041,0.582140622409021,0.253614610956441,-0.858524221260292,0.156908617199223
"1559",-0.292536550763818,-0.0877726003311019,0.219914638043425,-0.807592110831242,-0.162282542586513,-0.629751121865213
"1560",-0.457242468617139,0.157140604678315,0.582140622409021,0.253614610956441,-0.0725179062788219,0.885594565639845
"1562",-0.247755979699564,-0.171397673587116,0.300926726244117,-0.491791936757918,0.879663050528455,0.502788207249843
"1563",-0.457242468617139,0.157140604678315,0.219914638043425,-0.807592110831242,0.360248951234956,0.652857191806867
"1565",0.469281061564018,-0.48961689241782,0.34416304702812,-0.790807469982703,-0.105720227729143,0.198096465247103
"1567",-0.247755979699564,-0.171397673587116,0.539549146255902,0.0886609485929665,0.657935097745119,0.928647670335881
"1569",-0.698852333563524,0.87256071036026,-1.09291482753061,0.29344090284341,-0.635066731306576,-0.105903563869182
"1570",0.0181847077000579,0.554341491529556,0.425175135228812,-0.475007295909378,-0.858524221260292,0.156908617199223
"1572",0.424500490499764,-0.405991819161806,-0.988094135785487,0.737200937690409,0.472941308989269,0.440079290305629
"1573",1.45637664900317,-1.10015720061931,0.478423762167585,-0.265519254781489,0.256133634223593,-0.0201135101604785
"1574",-0.520696200833671,0.207836513853041,0.415300737271207,0.0718763077444268,0.031218557274793,0.431149994763449
"1576",0.424500490499764,-0.405991819161806,0.542961167104829,0.391803378112749,1.98107903692646,0.47930739842039
"1577",-0.0195963296297108,-0.467006787771259,-1.15404021161893,-0.0607393005310451,-0.699234446749148,0.388096890067413
"1578",-0.623889338616413,0.622278030189346,0.478423762167585,-0.265519254781489,-0.153120602186443,0.0400355997981796
"1580",-0.520696200833671,0.207836513853041,-0.92696875169717,1.09138114106486,-0.482150996146607,-0.181671597245238
"1582",-0.184302247483032,-0.222093582761843,-0.445374379491566,-0.255539815386446,-0.409379926585243,0.545382386207703
"1584",0.739339607739586,-0.781937981788611,0.238697510652113,-0.770598309241443,-0.438173209798886,-0.0103010812273913
"1585",-0.0195963296297108,-0.467006787771259,-1.1450596229657,0.00857903082459028,0.0323428251292332,0.554311681749883
"1587",-0.53220546356425,0.407423284849228,0.665017161999838,0.797573110588697,-0.685694332842336,0.445730901647483
"1590",0.739339607739586,-0.781937981788611,0.429403881752123,0.00720013815812524,-0.635066731306576,-0.105903563869182
"1591",-0.520696200833671,0.207836513853041,-0.87185705141235,1.51809184250727,-0.482150996146607,-0.181671597245238
"1592",0.678035411717584,0.826120072991082,-1.1450596229657,0.00857903082459028,0.274893353163943,-0.730673862740544
"1594",-0.184302247483032,-0.222093582761843,-1.22607171116639,-0.307221143248734,0.588018947354556,0.47129346401156
"1595",0.469281061564018,-0.48961689241782,0.362945919636808,-0.753813668392903,-0.105720227729143,0.198096465247103
"1597",-0.292536550763818,-0.0877726003311019,0.539549146255902,0.0886609485929665,0.172566380515407,0.796018157237442
"1598",-0.184302247483032,-0.222093582761843,0.300926726244117,-0.491791936757918,0.549220663127378,0.216019872961277
"1600",-0.623889338616413,0.622278030189346,0.477319930663898,-0.190145423890558,-0.526404558331192,0.676919174515674
"1602",-0.292536550763818,-0.0877726003311019,-0.988094135785487,0.737200937690409,-0.306036337346413,0.115803633174235
"1604",-0.350949117482305,0.243043842749189,-0.988094135785487,0.737200937690409,-0.153120602186443,0.0400355997981796
"1605",-0.184302247483032,-0.222093582761843,0.60360329403814,0.686896077408476,-0.546318711589179,0.312328856691358
"1608",0.678035411717584,0.826120072991082,-0.383145163899562,0.023266557097079,0.395623383463885,-0.396826729564824
"1610",-0.0195963296297108,-0.467006787771259,0.238697510652113,-0.770598309241443,-0.438173209798886,-0.0103010812273913
"1611",-0.520696200833671,0.207836513853041,0.219914638043425,-0.807592110831242,0.14456554432372,0.315826078327193
"1614",-0.292536550763818,-0.0877726003311019,0.61413283019425,0.84213417796938,-0.220408214692821,0.108545067362113
"1620",-0.457242468617139,0.157140604678315,0.404643586485553,0.0273419289800116,0.0138321162136806,-0.33227589144574
"1622",-0.292536550763818,-0.0877726003311019,-1.03068561193861,0.572247275326935,-0.526921229516283,-0.428533501787931
"1623",1.45637664900317,-1.10015720061931,0.362945919636808,-0.753813668392903,0.0803978288811474,0.809826532263789
"1625",-0.520696200833671,0.207836513853041,0.238697510652113,-0.770598309241443,-0.465326111857557,-0.115384639693955
"1626",-0.698852333563524,0.87256071036026,-1.1450596229657,0.00857903082459028,-0.392555042296193,0.611669343758987
"1628",-0.184302247483032,-0.222093582761843,-1.1450596229657,0.00857903082459028,-0.106659374070286,-0.308190573263648
"1629",-0.520696200833671,0.207836513853041,0.528891995470248,0.0441265698285513,-0.306036337346413,0.115803633174235
"1631",-0.595659195780783,0.458119194023954,0.356855152203321,0.113983769232207,0.287477881673593,-0.0741967916460746
"1632",-0.623889338616413,0.622278030189346,-1.09181099602692,0.21806707195248,-0.153120602186443,0.0400355997981796
"1634",-0.520696200833671,0.207836513853041,-1.06012563533295,0.49071909497272,-0.699234446749148,0.388096890067413
"1635",-0.247755979699564,-0.171397673587116,-1.2072888385577,-0.270227341658935,0.14456554432372,0.315826078327193
"1640",-0.247755979699564,-0.171397673587116,0.478423762167585,-0.265519254781489,-0.184464849636443,0.0941188812837757
"1641",1.61095389993784,2.18568503642981,0.595349957585562,0.80514037637958,0.966013073020958,-0.715082249835742
"1642",-0.247755979699564,-0.171397673587116,0.428886651750782,0.360465611949896,-0.482150996146607,-0.181671597245238
"1644",-0.292536550763818,-0.0877726003311019,-1.16384249557438,-0.0284147707652094,-0.337380584796413,0.169886914659831
"1646",-0.247755979699564,-0.171397673587116,0.415300737271207,0.0718763077444268,0.19196591878102,0.473886943776117
"1648",0.0931477026471694,0.304058811358643,-1.09181099602692,0.21806707195248,0.22331016623102,0.419803662290521
"1649",-0.247755979699564,-0.171397673587116,0.519017597512643,0.591010173482356,-0.374005494356314,-0.504301535163987
"1653",1.18343642786906,-0.720923013179157,0.477319930663898,-0.190145423890558,0.657935097745119,0.928647670335881
"1654",-0.247755979699564,-0.171397673587116,0.373475455792918,-0.598575567831999,1.29792101430638,-0.341736625891965
"1655",-0.292536550763818,-0.0877726003311019,0.219914638043425,-0.807592110831242,0.930092336119038,-0.818717413985665
"1656",0.405095190583477,1.20535426043124,-0.383145163899562,0.023266557097079,-0.0449751003961507,-0.282594338120569
"1658",1.61095389993784,2.18568503642981,-1.1450596229657,0.00857903082459028,-0.496670359307557,-0.0613013582083589
"1659",0.739339607739586,-0.781937981788611,0.416194546575582,-0.544325627265013,0.657935097745119,0.928647670335881
"1660",-0.623889338616413,0.622278030189346,0.539549146255902,0.0886609485929665,-0.79435650581772,-0.337091836737373
"1661",-0.520696200833671,0.207836513853041,0.356855152203321,0.113983769232207,0.102580135931078,0.0859565291148
"1663",-0.247755979699564,-0.171397673587116,0.416194546575582,-0.544325627265013,-0.105720227729143,0.198096465247103
"1664",-0.698852333563524,0.87256071036026,-1.2072888385577,-0.270227341658935,0.718915689022228,0.460051258237175
"1667",-0.292536550763818,-0.0877726003311019,-0.266908079526426,0.804157461913938,-0.635066731306576,-0.105903563869182
"1670",-0.457242468617139,0.157140604678315,0.416921798776234,-0.356762996938274,-0.374005494356314,-0.504301535163987
"1672",-0.520696200833671,0.207836513853041,0.539549146255902,0.0886609485929665,0.198007962117285,0.718182679066848
"1673",-0.0195963296297108,-0.467006787771259,0.428886651750782,0.360465611949896,-0.0415525122865705,-0.295903988689492
"1674",-0.292536550763818,-0.0877726003311019,0.643266006497338,0.607794814330896,0.657935097745119,0.928647670335881
"1676",0.697440711633871,-0.785226006601963,0.416194546575582,-0.544325627265013,0.331455668021313,0.0971737243717721
"1678",0.424500490499764,-0.405991819161806,-1.22607171116639,-0.307221143248734,0.360248951234956,0.652857191806867
"1680",-0.0195963296297108,-0.467006787771259,0.300926726244117,-0.491791936757918,-0.248632565079016,0.588119335220371
"1681",-0.247755979699564,-0.171397673587116,0.219914638043425,-0.807592110831242,0.0665929895037224,-0.618533926608241
"1683",-0.0195963296297108,-0.467006787771259,0.595349957585562,0.80514037637958,0.585164028183756,0.201593686882939
"1684",1.16403112795277,0.890423066413887,-1.15404021161893,-0.0607393005310451,0.351087010834887,-0.0169295298565255
"1685",-0.184302247483032,-0.222093582761843,0.291946137590887,-0.561110268113553,0.364279136013886,-0.342743448079227
"1686",-0.247755979699564,-0.171397673587116,0.35417535318289,-0.282303895630029,-0.635066731306576,-0.105903563869182
"1689",1.45637664900317,-1.10015720061931,0.291946137590887,-0.561110268113553,0.693309529974049,-0.12103625103581
"1690",-0.0195963296297108,-0.467006787771259,0.490012035839099,0.714645815324351,-0.184464849636443,0.0941188812837757
"1692",-0.184302247483032,-0.222093582761843,-0.92696875169717,1.09138114106486,-0.26534332138093,0.278521203220869
"1696",-0.698852333563524,0.87256071036026,0.528891995470248,0.0441265698285513,0.126859056997305,0.461600359201962
"1698",-0.623889338616413,0.622278030189346,-0.517405879039027,-0.502021658104135,-0.482150996146607,-0.181671597245238
"1700",-0.292536550763818,-0.0877726003311019,-0.49862300643034,-0.465027856514335,-0.0541370407962202,-0.952381059783962
"1701",-0.0195963296297108,-0.467006787771259,0.117718867269005,-0.79423768414832,0.278315941273523,-0.743983513309467
"1702",0.466399386605478,-0.402703794348454,0.519017597512643,0.591010173482356,-0.242590521742752,0.832415070511102
"1703",-0.0195963296297108,-0.467006787771259,-0.445374379491566,-0.255539815386446,-0.19789083555612,-0.206826304744514
"1704",2.36988983730714,1.87075384241246,-1.09291482753061,0.29344090284341,1.37732801234496,0.761689740392485
"1707",-0.247755979699564,-0.171397673587116,0.362945919636808,-0.753813668392903,0.0665929895037224,-0.618533926608241
"1708",-0.350949117482305,0.243043842749189,0.241665793545925,-0.617813814573442,-0.721585436256357,0.389962146715569
"1709",-0.457242468617139,0.157140604678315,-1.2072888385577,-0.270227341658935,-0.482150996146607,-0.181671597245238
"1713",-0.520696200833671,0.207836513853041,0.170967494207779,-0.58474964302043,0.278315941273523,-0.743983513309467
"1714",1.61095389993784,2.18568503642981,-0.87185705141235,1.51809184250727,0.754290121251157,-0.589632663134516
"1715",-0.36749954571093,0.162510079839811,0.519017597512643,0.591010173482356,0.585164028183756,0.201593686882939
"1716",-0.0195963296297108,-0.467006787771259,0.416921798776234,-0.356762996938274,-0.0541370407962202,-0.952381059783962
"1717",-0.698852333563524,0.87256071036026,0.425175135228812,-0.475007295909378,0.287477881673593,-0.0741967916460746
"1718",-0.0195963296297108,-0.467006787771259,0.428143418122624,-0.322222801241377,-0.401716982696263,-0.0581173779044057
"1719",-0.520696200833671,0.207836513853041,0.35417535318289,-0.282303895630029,-0.401548300238985,0.663887368596427
"1720",1.61095389993784,2.18568503642981,0.783618541506161,1.83251312391413,-0.0449751003961507,-0.282594338120569
"1723",1.45637664900317,-1.10015720061931,0.291946137590887,-0.561110268113553,0.801971702949432,0.661786487349046
"1724",1.45637664900317,-1.10015720061931,0.34416304702812,-0.790807469982703,1.05433966172106,0.784278278639798
"1725",-0.595659195780783,0.458119194023954,0.354692583184231,-0.635569369421799,0.607346335233686,-0.52227631626605
"1726",-0.247755979699564,-0.171397673587116,0.519017597512643,0.591010173482356,-0.635066731306576,-0.105903563869182
"1728",-0.623889338616413,0.622278030189346,0.643266006497338,0.607794814330896,-0.482150996146607,-0.181671597245238
"1729",-0.520696200833671,0.207836513853041,0.643266006497338,0.607794814330896,-0.635066731306576,-0.105903563869182
"1730",-0.247755979699564,-0.171397673587116,0.582140622409021,0.253614610956441,-0.0803495326250798,0.767089583251121
"1731",0.574633689886265,-0.537024776779195,0.60360329403814,0.686896077408476,0.0803978288811474,0.809826532263789
"1733",-0.292536550763818,-0.0877726003311019,0.592670158565132,0.408852711517345,-0.721585436256357,0.389962146715569
"1735",-0.184302247483032,-0.222093582761843,0.362945919636808,-0.753813668392903,0.16674785137365,-0.408043924821796
"1736",-0.247755979699564,-0.171397673587116,-1.06012563533295,0.49071909497272,-0.79435650581772,-0.337091836737373
"1738",0.748616240737228,1.13747138067688,-1.22607171116639,-0.307221143248734,0.901845357578386,-0.221081795899146
"1739",-0.247755979699564,-0.171397673587116,0.60360329403814,0.686896077408476,-0.79435650581772,-0.337091836737373
"1741",0.532734793780551,-0.540312801592546,0.416194546575582,-0.544325627265013,-0.0116871147870171,-1.21470174072845
"1742",-0.292536550763818,-0.0877726003311019,0.366657436158778,0.0816592394663709,-0.532613724363934,-0.0468751721300216
"1745",-0.292536550763818,-0.0877726003311019,0.36591420253062,-0.601029173724901,0.121977618003973,-0.654905829364489
"1746",-0.53220546356425,0.407423284849228,0.653795542653449,0.7630329148918,0.718915689022228,0.460051258237175
"1747",-0.0195963296297108,-0.467006787771259,-1.1450596229657,0.00857903082459028,0.543178619791114,-0.0282758623294542
"1748",-0.247755979699564,-0.171397673587116,0.582140622409021,0.253614610956441,-0.635066731306576,-0.105903563869182
"1749",-0.292536550763818,-0.0877726003311019,-1.27501885500203,-0.0843786754379221,0.598185658722285,0.126204125061454
"1750",-0.0195963296297108,-0.467006787771259,0.582140622409021,0.253614610956441,-0.00835019083624964,0.391594111703249
"1752",1.22821699893331,-0.804548086435172,-1.15404021161893,-0.0607393005310451,-0.306036337346413,0.115803633174235
"1755",-0.247755979699564,-0.171397673587116,0.698377706782158,1.0345055157733,-0.00835019083624964,0.391594111703249
"1757",0.532734793780551,-0.540312801592546,0.238697510652113,-0.770598309241443,-0.482150996146607,-0.181671597245238
"1758",-0.520696200833671,0.207836513853041,-0.92696875169717,1.09138114106486,0.693309529974049,-0.12103625103581
"1759",-0.292536550763818,-0.0877726003311019,0.238697510652113,-0.770598309241443,0.274893353163943,-0.730673862740544
"1763",-0.184302247483032,-0.222093582761843,0.34416304702812,-0.790807469982703,0.693309529974049,-0.12103625103581
"1766",-0.247755979699564,-0.171397673587116,0.574129297797463,1.01772087492476,-0.140487063288723,0.265489397301622
"1767",-0.457242468617139,0.157140604678315,-1.09291482753061,0.29344090284341,0.875086561076535,0.345069761614323
"1769",1.29167073114985,-0.855243995609898,0.539549146255902,0.0886609485929665,0.229352209567284,0.664099397581252
"1770",-0.623889338616413,0.622278030189346,0.478423762167585,-0.265519254781489,-0.546318711589179,0.312328856691358
"1771",-0.350949117482305,0.243043842749189,0.404643586485553,0.0273419289800116,-0.858524221260292,0.156908617199223
"1774",-0.292536550763818,-0.0877726003311019,-1.22607171116639,-0.307221143248734,-0.109142815838723,0.211406115816026
"1777",-0.0195963296297108,-0.467006787771259,-1.09181099602692,0.21806707195248,0.525414589160922,-0.600849858391488
"1778",-0.292536550763818,-0.0877726003311019,-0.988094135785487,0.737200937690409,-0.685694332842336,0.445730901647483
"1779",-0.0195963296297108,-0.467006787771259,-1.1450596229657,0.00857903082459028,0.252711046114013,-0.00680385959155561
"1780",-0.520696200833671,0.207836513853041,0.384697075139308,-0.564035372135102,-0.153120602186443,0.0400355997981796
"1781",-0.0195963296297108,-0.467006787771259,0.563664596891588,0.532488353359339,0.607346335233686,-0.52227631626605
"1783",-0.292536550763818,-0.0877726003311019,0.238697510652113,-0.770598309241443,0.90788740091465,0.023213939391584
"1784",-0.0195963296297108,-0.467006787771259,0.44818675436081,0.0441939397479249,-0.00835019083624964,0.391594111703249
"1786",0.511179957669733,-0.486328867604468,0.300926726244117,-0.491791936757918,-0.482150996146607,-0.181671597245238
"1787",-0.0195963296297108,-0.467006787771259,-0.988094135785487,0.737200937690409,0.360248951234956,0.652857191806867
"1788",-0.53220546356425,0.407423284849228,0.499886433796703,0.167762211670546,1.44149572778753,0.267689286455889
"1790",0.407986819886991,-0.0718873512681628,0.219914638043425,-0.807592110831242,-0.374005494356314,-0.504301535163987
"1792",-0.0195963296297108,-0.467006787771259,-1.2072888385577,-0.270227341658935,0.943830765971027,0.00878775331324681
"1793",-0.292536550763818,-0.0877726003311019,0.219914638043425,-0.807592110831242,1.00999085936868,-0.543711733817895
"1794",-0.595659195780783,0.458119194023954,0.478423762167585,-0.265519254781489,-0.79435650581772,-0.337091836737373
"1795",-0.184302247483032,-0.222093582761843,-1.09181099602692,0.21806707195248,-0.153120602186443,0.0400355997981796
"1796",-0.36749954571093,0.162510079839811,-0.87185705141235,1.51809184250727,0.287477881673593,-0.0741967916460746
"1797",-0.520696200833671,0.207836513853041,0.425175135228812,-0.475007295909378,-0.635066731306576,-0.105903563869182
"1800",-0.292536550763818,-0.0877726003311019,0.219914638043425,-0.807592110831242,-0.162282542586513,-0.629751121865213
"1801",-0.184302247483032,-0.222093582761843,0.519017597512643,0.591010173482356,-0.635066731306576,-0.105903563869182
"1803",0.678035411717584,0.826120072991082,0.238697510652113,-0.770598309241443,1.00999085936868,-0.543711733817895
"1804",-0.520696200833671,0.207836513853041,0.219914638043425,-0.807592110831242,0.256133634223593,-0.0201135101604785
"1805",1.61095389993784,2.18568503642981,0.656851920976913,0.896384118536365,0.256133634223593,-0.0201135101604785
"1806",-0.247755979699564,-0.171397673587116,0.478423762167585,-0.265519254781489,-0.465326111857557,-0.115384639693955
"1807",-0.247755979699564,-0.171397673587116,0.415300737271207,0.0718763077444268,0.14456554432372,0.315826078327193
"1808",-0.247755979699564,-0.171397673587116,-1.04134276272426,0.52771289656252,-0.0449751003961507,-0.282594338120569
"1810",-0.0195963296297108,-0.467006787771259,0.488953298323696,-0.110281154220585,0.588018947354556,0.47129346401156
"1811",-0.184302247483032,-0.222093582761843,0.656851920976913,0.896384118536365,-0.482150996146607,-0.181671597245238
"1812",-0.457242468617139,0.157140604678315,-1.22607171116639,-0.307221143248734,0.0665929895037224,-0.618533926608241
"1814",0.739339607739586,-0.781937981788611,-0.92696875169717,1.09138114106486,0.19196591878102,0.473886943776117
"1817",0.424500490499764,-0.405991819161806,0.34416304702812,-0.790807469982703,0.646144619460864,-0.267002725215767
"1819",-0.350949117482305,0.243043842749189,0.35417535318289,-0.282303895630029,-0.0415525122865705,-0.295903988689492
"1820",-0.184302247483032,-0.222093582761843,0.592670158565132,0.408852711517345,-0.686211004027427,-0.659721774656122
"1825",-0.698852333563524,0.87256071036026,-1.09291482753061,0.29344090284341,-0.79435650581772,-0.337091836737373
"1827",-0.350949117482305,0.243043842749189,0.35417535318289,-0.282303895630029,-0.11169378007508,0.821172864736717
"1829",-0.0195963296297108,-0.467006787771259,-1.22607171116639,-0.307221143248734,-0.0415525122865705,-0.295903988689492
"1830",-0.0195963296297108,-0.467006787771259,0.395226611295418,-0.408797271574198,0.214148225830951,-0.249983059372872
"1832",-0.247755979699564,-0.171397673587116,-0.49862300643034,-0.465027856514335,-0.496670359307557,-0.0613013582083589
"1840",-0.247755979699564,-0.171397673587116,0.460572012444757,0.633117634970136,-0.482150996146607,-0.181671597245238
"1842",0.678035411717584,0.826120072991082,0.643266006497338,0.607794814330896,-0.699234446749148,0.388096890067413
"1845",1.45637664900317,-1.10015720061931,-0.49862300643034,-0.465027856514335,0.19196591878102,0.473886943776117
"1847",1.45637664900317,-1.10015720061931,0.354692583184231,-0.635569369421799,0.67186684996733,0.160214480856726
"1851",0.574633689886265,-0.537024776779195,0.478423762167585,-0.265519254781489,-0.0758026766610596,0.876941619668632
"1854",-0.292536550763818,-0.0877726003311019,0.404643586485553,0.0273419289800116,0.646144619460864,-0.267002725215767
"1855",-0.184302247483032,-0.222093582761843,-1.1450596229657,0.00857903082459028,-0.0803495326250798,0.767089583251121
"1858",-0.247755979699564,-0.171397673587116,0.457892213424327,0.236829970107901,-0.217288317629016,0.534036053734775
"1859",-0.53220546356425,0.407423284849228,-0.988094135785487,0.737200937690409,-0.635066731306576,-0.105903563869182
"1860",0.697440711633871,-0.785226006601963,0.574129297797463,1.01772087492476,0.646144619460864,-0.267002725215767
"1865",-0.247755979699564,-0.171397673587116,0.426724082731692,-0.38908752670411,-0.635066731306576,-0.105903563869182
"1871",-0.292536550763818,-0.0877726003311019,0.0989359946603178,-0.83123148573812,0.386978114248907,0.0388392250753889
"1878",-0.595659195780783,0.458119194023954,0.362945919636808,-0.753813668392903,0.351087010834887,-0.0169295298565255
"1880",1.29167073114985,-0.855243995609898,0.34416304702812,-0.790807469982703,-0.373488823171223,0.601151141139618
"1882",-0.623889338616413,0.622278030189346,0.416194546575582,-0.544325627265013,-0.0415525122865705,-0.295903988689492
"1884",-0.0195963296297108,-0.467006787771259,-1.2072888385577,-0.270227341658935,-0.153120602186443,0.0400355997981796
"1887",0.697440711633871,-0.785226006601963,0.238697510652113,-0.770598309241443,0.966013073020958,-0.715082249835742
"1889",-0.36749954571093,0.162510079839811,0.238697510652113,-0.770598309241443,-0.20705277595619,-0.876613026407906
"1892",-0.292536550763818,-0.0877726003311019,-1.09181099602692,0.21806707195248,-0.153120602186443,0.0400355997981796
"1894",-0.0195963296297108,-0.467006787771259,-0.988094135785487,0.737200937690409,0.364279136013886,-0.342743448079227
"1895",0.366087923781277,-0.0751753760815146,0.416194546575582,-0.544325627265013,0.585164028183756,0.201593686882939
"1898",-0.247755979699564,-0.171397673587116,0.223184403645013,-0.81444684488958,0.520996312741184,0.695594140819535
"1900",-0.292536550763818,-0.0877726003311019,-0.638384522422135,-0.525661033011012,-0.0895114730251495,0.0973028615877283
"1902",0.697440711633871,-0.785226006601963,-1.16384249557438,-0.0284147707652094,0.278315941273523,-0.743983513309467
"1905",-0.595659195780783,0.458119194023954,0.478423762167585,-0.265519254781489,-0.0449751003961507,-0.282594338120569
"1908",-0.520696200833671,0.207836513853041,0.362945919636808,-0.753813668392903,-0.337380584796413,0.169886914659831
"1911",-0.0195963296297108,-0.467006787771259,0.550078682412012,0.24389904915387,0.607346335233686,-0.52227631626605
"1913",-0.36749954571093,0.162510079839811,0.415300737271207,0.0718763077444268,0.0526304004408583,-0.0770023003954569
"1914",-0.457242468617139,0.157140604678315,-0.92696875169717,1.09138114106486,0.287477881673593,-0.0741967916460746
"1916",-0.457242468617139,0.157140604678315,0.354692583184231,-0.635569369421799,-0.162282542586513,-0.629751121865213
"1918",-0.247755979699564,-0.171397673587116,-0.988094135785487,0.737200937690409,-0.0415525122865705,-0.295903988689492
"1920",-0.520696200833671,0.207836513853041,0.499886433796703,0.167762211670546,-0.482150996146607,-0.181671597245238
"1926",-0.292536550763818,-0.0877726003311019,0.353071521679203,-0.206930064739098,-0.153120602186443,0.0400355997981796
"1928",-0.247755979699564,-0.171397673587116,0.34416304702812,-0.790807469982703,0.0665929895037224,-0.618533926608241
"1930",-0.520696200833671,0.207836513853041,0.425175135228812,-0.475007295909378,0.364279136013886,-0.342743448079227
"1933",-0.457242468617139,0.157140604678315,0.406392262620124,-0.512001097499178,-0.379365993189055,-0.0599826345525617
"1934",-0.0195963296297108,-0.467006787771259,-1.1450596229657,0.00857903082459028,-0.526921229516283,-0.428533501787931
"1935",-0.0195963296297108,-0.467006787771259,0.0989359946603178,-0.83123148573812,1.61778946786647,-0.78981615051194
"1936",-0.0195963296297108,-0.467006787771259,-1.34705035454949,-0.330860518155611,-0.401716982696263,-0.0581173779044057
"1937",0.259794572646443,-0.161078614152389,0.354692583184231,-0.635569369421799,0.287477881673593,-0.0741967916460746
"1938",-0.520696200833671,0.207836513853041,0.481103561188016,0.130768410080746,0.607346335233686,-0.52227631626605
"1945",-0.0195963296297108,-0.467006787771259,-1.22607171116639,-0.307221143248734,1.05197626776132,-0.313842184605502
"1946",-0.623889338616413,0.622278030189346,0.282143853635429,-0.528785738347718,0.646144619460864,-0.267002725215767
"1950",-0.53220546356425,0.407423284849228,0.478423762167585,-0.265519254781489,-0.0895114730251495,0.0973028615877283
"1951",-0.457242468617139,0.157140604678315,0.426724082731692,-0.38908752670411,0.287477881673593,-0.0741967916460746
"1952",-0.0195963296297108,-0.467006787771259,0.34416304702812,-0.790807469982703,1.07467524599634,0.0677404885491141
"1956",-0.520696200833671,0.207836513853041,0.282143853635429,-0.528785738347718,-0.374005494356314,-0.504301535163987
"1958",-0.184302247483032,-0.222093582761843,0.488953298323696,-0.110281154220585,0.214148225830951,-0.249983059372872
"1959",-0.0195963296297108,-0.467006787771259,0.375638024812008,0.150977570822006,-0.315198277746483,-0.553983088489157
"1961",-0.184302247483032,-0.222093582761843,0.0989359946603178,-0.83123148573812,-0.153120602186443,0.0400355997981796
"1962",-0.292536550763818,-0.0877726003311019,-1.22607171116639,-0.307221143248734,0.581976904018292,0.226997728720829
"1965",-0.595659195780783,0.458119194023954,0.34416304702812,-0.790807469982703,0.646144619460864,-0.267002725215767
"1968",0.405095190583477,1.20535426043124,-1.22607171116639,-0.307221143248734,-0.153120602186443,0.0400355997981796
"1969",-0.247755979699564,-0.171397673587116,0.406392262620124,-0.512001097499178,0.754290121251157,-0.589632663134516
"1973",-0.184302247483032,-0.222093582761843,0.385860713876865,-0.00965187260978815,0.930092336119038,-0.818717413985665
"1974",-0.0195963296297108,-0.467006787771259,0.481103561188016,0.130768410080746,0.525414589160922,-0.600849858391488
"1976",-0.520696200833671,0.207836513853041,0.34416304702812,-0.790807469982703,-0.217288317629016,0.534036053734775
"1977",1.29167073114985,-0.855243995609898,0.219914638043425,-0.807592110831242,0.543178619791114,-0.0282758623294542
"1979",-0.247755979699564,-0.171397673587116,0.539421531626358,0.199364670389455,-0.409379926585243,0.545382386207703
"1980",-0.595659195780783,0.458119194023954,0.219914638043425,-0.807592110831242,0.220190269167215,-0.00568732408214096
"1981",-0.292536550763818,-0.0877726003311019,0.532603511992218,0.879599477687825,1.63958494716426,0.105424368654896
"1982",-0.247755979699564,-0.171397673587116,0.260448666154613,-0.580820012983642,-0.79435650581772,-0.337091836737373
"1983",-0.0195963296297108,-0.467006787771259,0.477319930663898,-0.190145423890558,0.607346335233686,-0.52227631626605
"1987",-0.53220546356425,0.407423284849228,0.373475455792918,-0.598575567831999,-0.546318711589179,0.312328856691358
"1989",-0.595659195780783,0.458119194023954,0.595349957585562,0.80514037637958,0.783813793324951,0.951690165212795
"1990",-0.0195963296297108,-0.467006787771259,0.519017597512643,0.591010173482356,-0.409379926585243,0.545382386207703
"1992",0.366087923781277,-0.0751753760815146,0.219914638043425,-0.807592110831242,0.14742046349452,0.585525855455814
"1995",-0.623889338616413,0.622278030189346,-0.517405879039027,-0.502021658104135,-0.105720227729143,0.198096465247103
"1996",-0.457242468617139,0.157140604678315,-1.2072888385577,-0.270227341658935,-0.474488052257626,-0.785171361357347
"1997",-0.698852333563524,0.87256071036026,0.478423762167585,-0.265519254781489,-0.373488823171223,0.601151141139618
"2002",-0.350949117482305,0.243043842749189,-1.22607171116639,-0.307221143248734,0.646144619460864,-0.267002725215767
"2004",-0.457242468617139,0.157140604678315,0.528891995470248,0.0441265698285513,-0.0415525122865705,-0.295903988689492
"2005",-0.0195963296297108,-0.467006787771259,0.435704671384922,-0.319769195348475,-0.474488052257626,-0.785171361357347
"2007",-0.53220546356425,0.407423284849228,-1.15404021161893,-0.0607393005310451,0.0665929895037224,-0.618533926608241
"2009",0.913322158590549,0.892558175667467,-1.09181099602692,0.21806707195248,-0.217288317629016,0.534036053734775
"2013",-0.247755979699564,-0.171397673587116,-1.03068561193861,0.572247275326935,-0.306036337346413,0.115803633174235
"2016",-0.520696200833671,0.207836513853041,-0.436393790838336,-0.186221484030811,-0.591088944958855,0.0654669521486646
"2017",-0.53220546356425,0.407423284849228,0.477319930663898,-0.190145423890558,0.754290121251157,-0.589632663134516
"2018",-0.247755979699564,-0.171397673587116,0.416194546575582,-0.544325627265013,-0.337380584796413,0.169886914659831
"2019",0.678035411717584,0.826120072991082,-1.34705035454949,-0.330860518155611,0.0665929895037224,-0.618533926608241
"2020",-0.595659195780783,0.458119194023954,0.71797730506523,1.25056432191082,0.0138321162136806,-0.33227589144574
"2022",-0.0195963296297108,-0.467006787771259,0.416194546575582,-0.544325627265013,-0.482150996146607,-0.181671597245238
"2023",-0.520696200833671,0.207836513853041,0.356855152203321,0.113983769232207,-0.79435650581772,-0.337091836737373
"2026",-0.520696200833671,0.207836513853041,0.418874345596012,-0.148037962402779,-0.153120602186443,0.0400355997981796
"2027",-0.520696200833671,0.207836513853041,-0.49862300643034,-0.465027856514335,-0.546318711589179,0.312328856691358
"2028",-0.247755979699564,-0.171397673587116,0.519017597512643,0.591010173482356,-0.306036337346413,0.115803633174235
"2030",-0.247755979699564,-0.171397673587116,0.282143853635429,-0.528785738347718,0.031218557274793,0.431149994763449
"2032",-0.0195963296297108,-0.467006787771259,-1.09181099602692,0.21806707195248,-0.374005494356314,-0.504301535163987
"2034",-0.0195963296297108,-0.467006787771259,-1.22607171116639,-0.307221143248734,0.121977618003973,-0.654905829364489
"2035",-0.350949117482305,0.243043842749189,-1.1450596229657,0.00857903082459028,-0.423899289746193,0.665752625244583
"2036",1.39507245298117,0.507900854160378,0.404643586485553,0.0273419289800116,0.69382620115914,0.984416425267795
"2037",1.61095389993784,2.18568503642981,-0.988094135785487,0.737200937690409,0.253227717299103,1.09864881671205
"2039",-0.457242468617139,0.157140604678315,0.488953298323696,-0.110281154220585,-0.0803495326250798,0.767089583251121
"2041",-0.0195963296297108,-0.467006787771259,0.457892213424327,0.236829970107901,-0.211246274292752,0.778331789025506
"2042",-0.350949117482305,0.243043842749189,0.478423762167585,-0.265519254781489,-0.635066731306576,-0.105903563869182
"2044",-0.36749954571093,0.162510079839811,0.574129297797463,1.01772087492476,0.581976904018292,0.226997728720829
"2046",-0.247755979699564,-0.171397673587116,-0.988094135785487,0.737200937690409,-0.153120602186443,0.0400355997981796
"2047",-0.36749954571093,0.162510079839811,0.170967494207779,-0.58474964302043,0.16674785137365,-0.408043924821796
"2048",-0.457242468617139,0.157140604678315,-1.15404021161893,-0.0607393005310451,0.239518920935014,0.319010058631146
"2049",-0.595659195780783,0.458119194023954,-0.49862300643034,-0.465027856514335,-0.374005494356314,-0.504301535163987
"2053",-0.698852333563524,0.87256071036026,0.416194546575582,-0.544325627265013,0.396140054648976,0.708625946738782
"2055",-0.0195963296297108,-0.467006787771259,0.605190382696833,0.670609750596274,0.525414589160922,-0.600849858391488
"2056",-0.184302247483032,-0.222093582761843,0.643266006497338,0.607794814330896,-0.699234446749148,0.388096890067413
"2057",-0.0195963296297108,-0.467006787771259,0.300926726244117,-0.491791936757918,0.966013073020958,-0.715082249835742
"2060",-0.520696200833671,0.207836513853041,0.528891995470248,0.0441265698285513,-0.635066731306576,-0.105903563869182
"2061",-0.184302247483032,-0.222093582761843,0.71797730506523,1.25056432191082,0.287477881673593,-0.0741967916460746
"2062",-0.292536550763818,-0.0877726003311019,-0.383145163899562,0.023266557097079,-0.0763193478461505,-0.228511056634973
"2065",-0.0195963296297108,-0.467006787771259,0.582140622409021,0.253614610956441,-0.153120602186443,0.0400355997981796
"2068",-0.520696200833671,0.207836513853041,0.539549146255902,0.0886609485929665,0.287477881673593,-0.0741967916460746
"2070",0.739339607739586,-0.781937981788611,0.223184403645013,-0.81444684488958,1.18282074778663,-0.254889449369635
"2072",-0.595659195780783,0.458119194023954,-1.2072888385577,-0.270227341658935,-0.79435650581772,-0.337091836737373
"2074",-0.36749954571093,0.162510079839811,0.416921798776234,-0.356762996938274,0.974070122466759,-0.647346897967818
"2075",-0.184302247483032,-0.222093582761843,0.354692583184231,-0.635569369421799,0.300111420571313,0.151257005857368
"2077",-0.0195963296297108,-0.467006787771259,0.0989359946603178,-0.83123148573812,0.0138321162136806,-0.33227589144574
"2080",-0.350949117482305,0.243043842749189,0.395226611295418,-0.408797271574198,-0.79435650581772,-0.337091836737373
"2081",-0.623889338616413,0.622278030189346,0.219914638043425,-0.807592110831242,-0.79435650581772,-0.337091836737373
"2082",-0.36749954571093,0.162510079839811,0.488953298323696,-0.110281154220585,-0.0449751003961507,-0.282594338120569
"2084",-0.0195963296297108,-0.467006787771259,0.425175135228812,-0.475007295909378,0.395623383463885,-0.396826729564824
"2085",-0.247755979699564,-0.171397673587116,-1.09181099602692,0.21806707195248,-0.409379926585243,0.545382386207703
"2087",-0.184302247483032,-0.222093582761843,0.491633097344126,0.28600651064165,0.0138321162136806,-0.33227589144574
"2088",0.366087923781277,-0.0751753760815146,0.291946137590887,-0.561110268113553,-0.482150996146607,-0.181671597245238
"2089",-0.0195963296297108,-0.467006787771259,-1.2072888385577,-0.270227341658935,1.23375329886381,0.152263828044631
"2090",-0.184302247483032,-0.222093582761843,-1.15404021161893,-0.0607393005310451,-0.162282542586513,-0.629751121865213
"2092",-0.595659195780783,0.458119194023954,0.665017161999838,0.797573110588697,-0.858524221260292,0.156908617199223
"2095",2.36988983730714,1.87075384241246,-0.218302919569809,0.896580626209464,-0.248632565079016,0.588119335220371
"2096",-0.698852333563524,0.87256071036026,0.550078682412012,0.24389904915387,-0.526404558331192,0.676919174515674
"2099",-0.0195963296297108,-0.467006787771259,-1.22607171116639,-0.307221143248734,0.607346335233686,-0.52227631626605
"2100",-0.520696200833671,0.207836513853041,0.34416304702812,-0.790807469982703,-0.699234446749148,0.388096890067413
"2101",-0.53220546356425,0.407423284849228,0.34416304702812,-0.790807469982703,-0.635066731306576,-0.105903563869182
"2102",0.469281061564018,-0.48961689241782,0.435704671384922,-0.319769195348475,-0.370204052788985,0.609804087110831
"2103",-0.184302247483032,-0.222093582761843,-1.2072888385577,-0.270227341658935,0.351087010834887,-0.0169295298565255
"2106",-0.520696200833671,0.207836513853041,-0.988094135785487,0.737200937690409,-0.374005494356314,-0.504301535163987
"2107",-0.184302247483032,-0.222093582761843,-1.34705035454949,-0.330860518155611,0.966013073020958,-0.715082249835742
"2109",-0.457242468617139,0.157140604678315,-0.92696875169717,1.09138114106486,0.0665929895037224,-0.618533926608241
"2110",-0.247755979699564,-0.171397673587116,-1.16384249557438,-0.0284147707652094,0.607346335233686,-0.52227631626605
"2111",-0.184302247483032,-0.222093582761843,0.487849466820009,-0.0349073233296545,0.278315941273523,-0.743983513309467
"2112",1.61095389993784,2.18568503642981,0.71797730506523,1.25056432191082,-0.699234446749148,0.388096890067413
"2113",1.61095389993784,2.18568503642981,-1.22607171116639,-0.307221143248734,0.395623383463885,-0.396826729564824
"2114",-0.184302247483032,-0.222093582761843,-0.436393790838336,-0.186221484030811,-0.526921229516283,-0.428533501787931
"2115",-0.247755979699564,-0.171397673587116,-1.1450596229657,0.00857903082459028,-0.23326526778505,0.842857616627177
"2124",-0.247755979699564,-0.171397673587116,-1.15404021161893,-0.0607393005310451,-0.591088944958855,0.0654669521486646
"2127",0.678035411717584,0.826120072991082,-1.15404021161893,-0.0607393005310451,-0.0541370407962202,-0.952381059783962
"2128",-0.0195963296297108,-0.467006787771259,0.426724082731692,-0.38908752670411,-0.162282542586513,-0.629751121865213
"2129",-0.0195963296297108,-0.467006787771259,0.35417535318289,-0.282303895630029,-0.184464849636443,0.0941188812837757
"2131",-0.0195963296297108,-0.467006787771259,-1.09291482753061,0.29344090284341,-0.635066731306576,-0.105903563869182
"2133",-0.520696200833671,0.207836513853041,0.643266006497338,0.607794814330896,0.966013073020958,-0.715082249835742
"2134",0.739339607739586,-0.781937981788611,-1.15404021161893,-0.0607393005310451,0.549220663127378,0.216019872961277
"2135",-0.53220546356425,0.407423284849228,-1.06012563533295,0.49071909497272,-0.635066731306576,-0.105903563869182
"2137",-0.350949117482305,0.243043842749189,0.416194546575582,-0.544325627265013,0.256133634223593,-0.0201135101604785
"2139",-0.698852333563524,0.87256071036026,0.477319930663898,-0.190145423890558,-0.306036337346413,0.115803633174235
"2141",-0.0195963296297108,-0.467006787771259,0.425175135228812,-0.475007295909378,0.00242527406115016,-0.124533472671645
"2144",-0.623889338616413,0.622278030189346,-1.1450596229657,0.00857903082459028,-0.591088944958855,0.0654669521486646
"2145",-0.0195963296297108,-0.467006787771259,-0.455176663447024,-0.22321528562061,0.68011740479505,0.204777667186892
"2147",-0.292536550763818,-0.0877726003311019,0.614260444823794,0.731430456172891,0.249523921948549,0.018600182246334
"2148",-0.457242468617139,0.157140604678315,-0.445374379491566,-0.255539815386446,-0.153120602186443,0.0400355997981796
"2152",-0.184302247483032,-0.222093582761843,0.362945919636808,-0.753813668392903,-0.409379926585243,0.545382386207703
"2154",-0.292536550763818,-0.0877726003311019,0.528891995470248,0.0441265698285513,0.217336613885083,1.04288006178014
"2159",-0.0195963296297108,-0.467006787771259,-1.04134276272426,0.52771289656252,-0.374005494356314,-0.504301535163987
"2161",-0.623889338616413,0.622278030189346,0.406392262620124,-0.512001097499178,0.287477881673593,-0.0741967916460746
"2163",-0.520696200833671,0.207836513853041,0.35417535318289,-0.282303895630029,-0.395506256902721,0.908183103887158
"2164",-0.520696200833671,0.207836513853041,0.282143853635429,-0.528785738347718,0.19196591878102,0.473886943776117
"2165",0.469281061564018,-0.48961689241782,-1.09181099602692,0.21806707195248,0.287477881673593,-0.0741967916460746
"2169",-0.0195963296297108,-0.467006787771259,0.291946137590887,-0.561110268113553,-0.852482177924028,0.401204352489954
"2170",0.466399386605478,-0.402703794348454,0.426724082731692,-0.38908752670411,0.351087010834887,-0.0169295298565255
"2172",-0.184302247483032,-0.222093582761843,-1.15404021161893,-0.0607393005310451,-0.11169378007508,0.821172864736717
"2174",-0.350949117482305,0.243043842749189,0.238697510652113,-0.770598309241443,-0.852482177924028,0.401204352489954
"2175",-0.0195963296297108,-0.467006787771259,0.375638024812008,0.150977570822006,-0.357180610067264,-0.438014577612704
"2176",3.08692687857072,1.55253462358175,-1.22607171116639,-0.307221143248734,0.331455668021313,0.0971737243717721
"2177",1.22821699893331,-0.804548086435172,-1.22607171116639,-0.307221143248734,-0.374005494356314,-0.504301535163987
"2179",-0.520696200833671,0.207836513853041,0.291946137590887,-0.561110268113553,-0.184464849636443,0.0941188812837757
"2180",-0.457242468617139,0.157140604678315,0.362945919636808,-0.753813668392903,-0.79435650581772,-0.337091836737373
"2185",0.163276741588514,0.143188000006602,0.488953298323696,-0.110281154220585,0.14456554432372,0.315826078327193
"2187",-0.520696200833671,0.207836513853041,-0.87185705141235,1.51809184250727,-0.635066731306576,-0.105903563869182
"2189",0.349537495552652,-0.155709138990892,0.385860713876865,-0.00965187260978815,0.607346335233686,-0.52227631626605
"2190",0.196340840429911,-0.110382704977663,0.34416304702812,-0.790807469982703,-0.546318711589179,0.312328856691358
"2192",-0.595659195780783,0.458119194023954,0.34416304702812,-0.790807469982703,0.16674785137365,-0.408043924821796
"2194",-0.457242468617139,0.157140604678315,-0.455176663447024,-0.22321528562061,-0.306036337346413,0.115803633174235
"2196",2.15400839035046,0.192969660143027,0.477319930663898,-0.190145423890558,-0.22923508300612,-0.152743023258917
"2199",-0.247755979699564,-0.171397673587116,0.219914638043425,-0.807592110831242,-0.482150996146607,-0.181671597245238
"2201",-0.457242468617139,0.157140604678315,0.238697510652113,-0.770598309241443,-0.374005494356314,-0.504301535163987
"2203",-0.623889338616413,0.622278030189346,0.435704671384922,-0.319769195348475,-0.306036337346413,0.115803633174235
"2204",-0.595659195780783,0.458119194023954,0.71797730506523,1.25056432191082,-0.635066731306576,-0.105903563869182
"2207",-0.292536550763818,-0.0877726003311019,-1.09291482753061,0.29344090284341,-0.209625373740035,-0.0694637103773345
"2208",-0.457242468617139,0.157140604678315,0.519017597512643,0.591010173482356,-0.693192403412884,0.632392625358144
"2210",1.45637664900317,-1.10015720061931,0.34416304702812,-0.790807469982703,0.657935097745119,0.928647670335881
"2212",1.29167073114985,-0.855243995609898,-1.2072888385577,-0.270227341658935,-0.184464849636443,0.0941188812837757
"2214",-0.247755979699564,-0.171397673587116,0.418874345596012,-0.148037962402779,-0.0415525122865705,-0.295903988689492
"2220",-0.520696200833671,0.207836513853041,0.404643586485553,0.0273419289800116,-0.26534332138093,0.278521203220869
"2221",-0.247755979699564,-0.171397673587116,-1.09181099602692,0.21806707195248,-0.153120602186443,0.0400355997981796
"2222",-0.0195963296297108,-0.467006787771259,0.219914638043425,-0.807592110831242,0.715491837023979,-0.844906254184799
"2223",-0.292536550763818,-0.0877726003311019,0.373475455792918,-0.598575567831999,1.07415857481125,-1.03771218775449
"2224",0.739339607739586,-0.781937981788611,-0.517405879039027,-0.502021658104135,-0.162282542586513,-0.629751121865213
"2225",-0.292536550763818,-0.0877726003311019,0.426724082731692,-0.38908752670411,0.607346335233686,-0.52227631626605
"2227",-0.184302247483032,-0.222093582761843,0.457892213424327,0.236829970107901,-0.162282542586513,-0.629751121865213
"2228",-0.0195963296297108,-0.467006787771259,0.426724082731692,-0.38908752670411,-0.217288317629016,0.534036053734775
"2230",-0.0195963296297108,-0.467006787771259,-1.15404021161893,-0.0607393005310451,1.8001624655748,0.074883352886197
"2231",-0.0195963296297108,-0.467006787771259,0.426724082731692,-0.38908752670411,0.214148225830951,-0.249983059372872
"2232",-0.457242468617139,0.157140604678315,0.550078682412012,0.24389904915387,0.0803978288811474,0.809826532263789
"2237",0.748616240737228,1.13747138067688,0.669372145108614,1.15814115761529,-0.153120602186443,0.0400355997981796
"2240",-0.247755979699564,-0.171397673587116,0.219914638043425,-0.807592110831242,0.14456554432372,0.315826078327193
"2241",-0.520696200833671,0.207836513853041,0.34416304702812,-0.790807469982703,-0.75037871947,-0.165721320719526
"2242",0.739339607739586,-0.781937981788611,-1.2072888385577,-0.270227341658935,-0.264609515235049,0.896940898112773
"2245",-0.520696200833671,0.207836513853041,-1.2072888385577,-0.270227341658935,0.205546135600828,-0.152770333771513
"2246",-0.0195963296297108,-0.467006787771259,-1.2072888385577,-0.270227341658935,-0.686211004027427,-0.659721774656122
"2248",-0.520696200833671,0.207836513853041,0.477319930663898,-0.190145423890558,-0.858524221260292,0.156908617199223
"2250",-0.520696200833671,0.207836513853041,-1.22607171116639,-0.307221143248734,0.0277959691652128,0.444459645332372
"2251",-0.292536550763818,-0.0877726003311019,0.291946137590887,-0.561110268113553,0.102580135931078,0.0859565291148
"2252",-0.0195963296297108,-0.467006787771259,0.435704671384922,-0.319769195348475,-0.0449751003961507,-0.282594338120569
"2254",-0.247755979699564,-0.171397673587116,0.478423762167585,-0.265519254781489,-0.374005494356314,-0.504301535163987
"2255",-0.184302247483032,-0.222093582761843,0.362945919636808,-0.753813668392903,-0.686211004027427,-0.659721774656122
"2256",-0.184302247483032,-0.222093582761843,-1.22607171116639,-0.307221143248734,-0.482150996146607,-0.181671597245238
"2258",0.424500490499764,-0.405991819161806,0.426724082731692,-0.38908752670411,-0.184464849636443,0.0941188812837757
"2260",-0.520696200833671,0.207836513853041,-1.2072888385577,-0.270227341658935,-0.482150996146607,-0.181671597245238
"2263",-0.36749954571093,0.162510079839811,0.643266006497338,0.607794814330896,0.0665929895037224,-0.618533926608241
"2266",-0.623889338616413,0.622278030189346,0.34416304702812,-0.790807469982703,-0.153120602186443,0.0400355997981796
"2267",-0.0195963296297108,-0.467006787771259,-0.445374379491566,-0.255539815386446,0.274893353163943,-0.730673862740544
"2268",-0.184302247483032,-0.222093582761843,0.656851920976913,0.896384118536365,-0.19789083555612,-0.206826304744514
"2277",0.532734793780551,-0.540312801592546,-1.09181099602692,0.21806707195248,0.22331016623102,0.419803662290521
"2278",0.405095190583477,1.20535426043124,0.373475455792918,-0.598575567831999,0.0138321162136806,-0.33227589144574
"2279",0.259794572646443,-0.161078614152389,0.238697510652113,-0.770598309241443,0.274893353163943,-0.730673862740544
"2282",-0.292536550763818,-0.0877726003311019,0.241967276253701,-0.77745304329978,0.287477881673593,-0.0741967916460746
"2288",-0.457242468617139,0.157140604678315,-1.34705035454949,-0.330860518155611,-0.686211004027427,-0.659721774656122
"2293",-0.0195963296297108,-0.467006787771259,0.219914638043425,-0.807592110831242,0.278315941273523,-0.743983513309467
"2304",-0.698852333563524,0.87256071036026,0.539549146255902,0.0886609485929665,0.690122405808585,-0.0956322091979202
"2308",-0.623889338616413,0.622278030189346,-1.09291482753061,0.29344090284341,-0.374005494356314,-0.504301535163987
"2309",-0.520696200833671,0.207836513853041,0.416921798776234,-0.356762996938274,-0.374005494356314,-0.504301535163987
"2310",-0.36749954571093,0.162510079839811,-1.2072888385577,-0.270227341658935,0.646144619460864,-0.267002725215767
"2312",-0.623889338616413,0.622278030189346,0.406392262620124,-0.512001097499178,0.256133634223593,-0.0201135101604785
"2314",-0.520696200833671,0.207836513853041,0.77308900535005,1.67727502335322,-0.370204052788985,0.609804087110831
"2315",0.678035411717584,0.826120072991082,0.34416304702812,-0.790807469982703,-0.153120602186443,0.0400355997981796
"2317",-0.292536550763818,-0.0877726003311019,-1.2072888385577,-0.270227341658935,0.607346335233686,-0.52227631626605
"2320",-0.0195963296297108,-0.467006787771259,0.477319930663898,-0.190145423890558,-0.105720227729143,0.198096465247103
"2321",0.469281061564018,-0.48961689241782,0.426724082731692,-0.38908752670411,0.364795807198976,0.762709228224378
"2323",2.38929513722343,0.259407762819412,-1.22607171116639,-0.307221143248734,0.943830765971027,0.00878775331324681
"2324",1.43697134908688,0.51118887897373,-1.09181099602692,0.21806707195248,0.256133634223593,-0.0201135101604785
"2325",0.511179957669733,-0.486328867604468,-1.2072888385577,-0.270227341658935,0.657935097745119,0.928647670335881
"2331",-0.184302247483032,-0.222093582761843,-1.16384249557438,-0.0284147707652094,0.629141814531476,0.372964202900786
"2335",-0.595659195780783,0.458119194023954,0.406392262620124,-0.512001097499178,1.44149572778753,0.267689286455889
"2339",0.955276777799207,-0.425313898995015,0.478423762167585,-0.265519254781489,-0.109142815838723,0.211406115816026
"2342",-0.0195963296297108,-0.467006787771259,0.478423762167585,-0.265519254781489,-0.162282542586513,-0.629751121865213
"2344",-0.247755979699564,-0.171397673587116,-0.92696875169717,1.09138114106486,-0.22923508300612,-0.152743023258917
"2346",-0.53220546356425,0.407423284849228,0.416194546575582,-0.544325627265013,-0.482150996146607,-0.181671597245238
"2350",-0.520696200833671,0.207836513853041,0.404643586485553,0.0273419289800116,-0.153120602186443,0.0400355997981796
"2352",-0.0195963296297108,-0.467006787771259,0.34416304702812,-0.790807469982703,0.607346335233686,-0.52227631626605
"2357",-0.520696200833671,0.207836513853041,0.584820421429452,0.649902275818676,-0.211246274292752,0.778331789025506
"2359",-0.457242468617139,0.157140604678315,-0.436393790838336,-0.186221484030811,-0.306036337346413,0.115803633174235
"2360",1.61095389993784,2.18568503642981,0.34416304702812,-0.790807469982703,0.395623383463885,-0.396826729564824
"2365",-0.595659195780783,0.458119194023954,0.238697510652113,-0.770598309241443,-0.562295661745213,0.62115041958376
"2367",-0.53220546356425,0.407423284849228,0.478423762167585,-0.265519254781489,-0.0373121565071706,-0.886094102232679
"2369",-0.36749954571093,0.162510079839811,-1.15404021161893,-0.0607393005310451,-0.79435650581772,-0.337091836737373
"2374",-0.53220546356425,0.407423284849228,0.667381457133024,1.05162221909727,-0.315198277746483,-0.553983088489157
"2378",-0.292536550763818,-0.0877726003311019,0.36591420253062,-0.601029173724901,-0.20705277595619,-0.876613026407906
"2381",-0.0195963296297108,-0.467006787771259,-0.49862300643034,-0.465027856514335,-0.0415525122865705,-0.295903988689492
"2383",-0.595659195780783,0.458119194023954,0.539421531626358,0.199364670389455,-0.721585436256357,0.389962146715569
"2384",-0.623889338616413,0.622278030189346,-0.988094135785487,0.737200937690409,0.22331016623102,0.419803662290521
"2385",-0.595659195780783,0.458119194023954,0.356855152203321,0.113983769232207,-0.465326111857557,-0.115384639693955
"2388",-0.247755979699564,-0.171397673587116,0.416194546575582,-0.544325627265013,-0.00835019083624964,0.391594111703249
"2394",-0.247755979699564,-0.171397673587116,-0.517405879039027,-0.502021658104135,0.0665929895037224,-0.618533926608241
"2396",-0.0195963296297108,-0.467006787771259,-0.436393790838336,-0.186221484030811,-0.529493827300129,0.378615814242641
"2398",-0.698852333563524,0.87256071036026,0.415300737271207,0.0718763077444268,0.0138321162136806,-0.33227589144574
"2401",-0.36749954571093,0.162510079839811,0.300926726244117,-0.491791936757918,0.205546135600828,-0.152770333771513
"2402",-0.292536550763818,-0.0877726003311019,0.542389814520171,0.352149165057457,-0.011537315001714,0.416998153541139
"2404",0.739339607739586,-0.781937981788611,0.406392262620124,-0.512001097499178,0.715491837023979,-0.844906254184799
"2409",0.226730473805046,0.092492090831876,0.322677881746616,-0.302013640500117,-0.364162009452721,0.854099822401562
"2410",0.678035411717584,0.826120072991082,0.60360329403814,0.686896077408476,0.715491837023979,-0.844906254184799
"2412",-0.623889338616413,0.622278030189346,0.488953298323696,-0.110281154220585,-0.11169378007508,0.821172864736717
"2413",0.678035411717584,0.826120072991082,-0.49862300643034,-0.465027856514335,-0.109142815838723,0.211406115816026
"2414",-0.184302247483032,-0.222093582761843,0.0989359946603178,-0.83123148573812,0.255565965284813,0.262895917537065
"2419",1.45637664900317,-1.10015720061931,-1.09291482753061,0.29344090284341,1.44149572778753,0.267689286455889
"2420",2.15400839035046,0.192969660143027,0.291946137590887,-0.561110268113553,0.256133634223593,-0.0201135101604785
"2421",-0.623889338616413,0.622278030189346,0.238697510652113,-0.770598309241443,0.364795807198976,0.762709228224378
"2422",-0.457242468617139,0.157140604678315,0.643266006497338,0.607794814330896,-0.482150996146607,-0.181671597245238
"2426",-0.36749954571093,0.162510079839811,0.667381457133024,1.05162221909727,0.607346335233686,-0.52227631626605
"2429",-0.184302247483032,-0.222093582761843,-0.638384522422135,-0.525661033011012,-0.0449751003961507,-0.282594338120569
"2432",-0.36749954571093,0.162510079839811,0.362945919636808,-0.753813668392903,-0.482150996146607,-0.181671597245238
"2436",-0.350949117482305,0.243043842749189,-1.2072888385577,-0.270227341658935,-0.79435650581772,-0.337091836737373
"2437",-0.0195963296297108,-0.467006787771259,-1.2072888385577,-0.270227341658935,-0.106659374070286,-0.308190573263648
"2438",0.678035411717584,0.826120072991082,0.300926726244117,-0.491791936757918,0.287477881673593,-0.0741967916460746
"2442",-0.0195963296297108,-0.467006787771259,0.362945919636808,-0.753813668392903,0.360248951234956,0.652857191806867
"2446",-0.0195963296297108,-0.467006787771259,-1.15404021161893,-0.0607393005310451,-0.153120602186443,0.0400355997981796
"2448",-0.292536550763818,-0.0877726003311019,-0.322019779811246,0.377446760471534,0.459232512625179,-0.339559467775275
"2449",-0.457242468617139,0.157140604678315,0.539549146255902,0.0886609485929665,-0.357180610067264,-0.438014577612704
"2450",-0.247755979699564,-0.171397673587116,0.362945919636808,-0.753813668392903,-0.0763193478461505,-0.228511056634973
"2452",0.678035411717584,0.826120072991082,0.415300737271207,0.0718763077444268,0.607346335233686,-0.52227631626605
"2462",0.678035411717584,0.826120072991082,-1.1450596229657,0.00857903082459028,0.395623383463885,-0.396826729564824
"2464",0.678035411717584,0.826120072991082,0.238697510652113,-0.770598309241443,0.715491837023979,-0.844906254184799
"2466",-0.520696200833671,0.207836513853041,0.648840596365355,1.66049038250468,-0.370204052788985,0.609804087110831
"2467",-0.595659195780783,0.458119194023954,-1.03780312724579,0.720151604285814,0.71600850820907,0.260546422118806
"2472",-0.292536550763818,-0.0877726003311019,0.238697510652113,-0.770598309241443,-0.0541370407962202,-0.952381059783962
"2477",-0.457242468617139,0.157140604678315,0.605190382696833,0.670609750596274,-0.0449751003961507,-0.282594338120569
"2478",-0.36749954571093,0.162510079839811,0.375638024812008,0.150977570822006,-0.145457658297463,-0.56346416431393
"2479",0.574633689886265,-0.537024776779195,0.643266006497338,0.607794814330896,0.520996312741184,0.695594140819535
"2482",-0.457242468617139,0.157140604678315,0.406392262620124,-0.512001097499178,0.22331016623102,0.419803662290521
"2485",-0.698852333563524,0.87256071036026,-1.16384249557438,-0.0284147707652094,-0.211246274292752,0.778331789025506
"2487",1.61095389993784,2.18568503642981,0.593728896080535,1.23377968106228,0.607346335233686,-0.52227631626605
"2489",-0.623889338616413,0.622278030189346,0.487849466820009,-0.0349073233296545,-0.0415525122865705,-0.295903988689492
"2495",0.184831577699332,0.0892040660185241,0.51010912286156,0.00713276823875158,0.031218557274793,0.431149994763449
"2500",0.469281061564018,-0.48961689241782,0.528891995470248,0.0441265698285513,0.395623383463885,-0.396826729564824
"2501",-0.623889338616413,0.622278030189346,-1.1450596229657,0.00857903082459028,-0.409379926585243,0.545382386207703
"2502",-0.247755979699564,-0.171397673587116,-1.2072888385577,-0.270227341658935,-0.0415525122865705,-0.295903988689492
"2505",-0.595659195780783,0.458119194023954,0.219914638043425,-0.807592110831242,-0.465326111857557,-0.115384639693955
"2506",-0.623889338616413,0.622278030189346,-1.2072888385577,-0.270227341658935,-0.858524221260292,0.156908617199223
"2508",-0.184302247483032,-0.222093582761843,0.362945919636808,-0.753813668392903,-0.482150996146607,-0.181671597245238
"2510",0.532734793780551,-0.540312801592546,0.223184403645013,-0.81444684488958,0.364279136013886,-0.342743448079227
"2512",-0.520696200833671,0.207836513853041,-0.329137295118429,0.525351089430413,0.395623383463885,-0.396826729564824
"2515",-0.53220546356425,0.407423284849228,-1.22607171116639,-0.307221143248734,1.05249293894641,0.791610491698103
"2516",-0.292536550763818,-0.0877726003311019,0.404643586485553,0.0273419289800116,-0.23326526778505,0.842857616627177
"2518",-0.292536550763818,-0.0877726003311019,0.373475455792918,-0.598575567831999,-0.118304756238792,-0.458380605847367
"2523",-0.520696200833671,0.207836513853041,0.532603511992218,0.879599477687825,0.581976904018292,0.226997728720829
"2524",-0.0195963296297108,-0.467006787771259,0.238697510652113,-0.770598309241443,0.287477881673593,-0.0741967916460746
"2526",0.330132195636365,1.45563694060215,0.415300737271207,0.0718763077444268,-0.0449751003961507,-0.282594338120569
"2531",-0.350949117482305,0.243043842749189,0.479354885053444,0.670111436559935,-0.19789083555612,-0.206826304744514
"2532",-0.698852333563524,0.87256071036026,0.291946137590887,-0.561110268113553,-0.0449751003961507,-0.282594338120569
"2533",0.678035411717584,0.826120072991082,0.77308900535005,1.67727502335322,-0.686211004027427,-0.659721774656122
"2535",-0.36749954571093,0.162510079839811,0.362945919636808,-0.753813668392903,-0.482150996146607,-0.181671597245238
"2536",-0.292536550763818,-0.0877726003311019,0.282143853635429,-0.528785738347718,-0.153120602186443,0.0400355997981796
"2538",0.0931477026471694,0.304058811358643,0.679901681264724,1.3133792581762,0.19196591878102,0.473886943776117
"2539",-0.520696200833671,0.207836513853041,0.34416304702812,-0.790807469982703,-0.858524221260292,0.156908617199223
"2540",0.739339607739586,-0.781937981788611,0.35417535318289,-0.282303895630029,0.646144619460864,-0.267002725215767
"2547",-0.247755979699564,-0.171397673587116,-1.22607171116639,-0.307221143248734,0.364279136013886,-0.342743448079227
"2550",-0.53220546356425,0.407423284849228,0.478423762167585,-0.265519254781489,0.0665929895037224,-0.618533926608241
"2554",-0.457242468617139,0.157140604678315,0.488953298323696,-0.110281154220585,0.256133634223593,-0.0201135101604785
"2555",-0.247755979699564,-0.171397673587116,0.0989359946603178,-0.83123148573812,-0.306036337346413,0.115803633174235
"2557",-0.292536550763818,-0.0877726003311019,0.550078682412012,0.24389904915387,1.03878414258232,0.0119717336171997
"2561",1.61095389993784,2.18568503642981,-1.2072888385577,-0.270227341658935,0.322293727621244,-0.572612997291621
"2565",-0.247755979699564,-0.171397673587116,0.354692583184231,-0.635569369421799,-0.374005494356314,-0.504301535163987
"2566",-0.457242468617139,0.157140604678315,-1.1450596229657,0.00857903082459028,-0.162282542586513,-0.629751121865213
"2568",-0.0195963296297108,-0.467006787771259,0.34416304702812,-0.790807469982703,-0.109142815838723,0.211406115816026
"2571",-0.0195963296297108,-0.467006787771259,0.71797730506523,1.25056432191082,-0.226450258029085,-0.135750667928618
"2575",0.913322158590549,0.892558175667467,-0.988094135785487,0.737200937690409,-0.162282542586513,-0.629751121865213
"2577",-0.698852333563524,0.87256071036026,0.592670158565132,0.408852711517345,-0.546318711589179,0.312328856691358
"2578",-0.247755979699564,-0.171397673587116,0.416194546575582,-0.544325627265013,-0.197374164371029,0.898626371559091
"2579",-0.292536550763818,-0.0877726003311019,0.238697510652113,-0.770598309241443,-0.271220491398762,-0.382612572471311
"2583",-0.53220546356425,0.407423284849228,-1.22607171116639,-0.307221143248734,-0.0664758629425578,1.12989030093058
"2584",-0.595659195780783,0.458119194023954,0.241967276253701,-0.77745304329978,0.591722184368724,0.963036497685723
"2585",-0.520696200833671,0.207836513853041,0.488953298323696,-0.110281154220585,0.693309529974049,-0.12103625103581
"2586",-0.247755979699564,-0.171397673587116,0.354692583184231,-0.635569369421799,-0.373488823171223,0.601151141139618
"2588",-0.247755979699564,-0.171397673587116,0.219914638043425,-0.807592110831242,0.217336613885083,1.04288006178014
"2590",-0.184302247483032,-0.222093582761843,0.415300737271207,0.0718763077444268,-0.546318711589179,0.312328856691358
"2592",-0.184302247483032,-0.222093582761843,-0.638384522422135,-0.525661033011012,-0.226450258029085,-0.135750667928618
"2594",-0.698852333563524,0.87256071036026,0.406392262620124,-0.512001097499178,-0.0415525122865705,-0.295903988689492
"2595",-0.520696200833671,0.207836513853041,0.406392262620124,-0.512001097499178,-0.0449751003961507,-0.282594338120569
"2599",-0.184302247483032,-0.222093582761843,-0.163191219284989,1.32329132765187,0.125401470002222,0.650051683057485
"2600",-0.595659195780783,0.458119194023954,0.643266006497338,0.607794814330896,-0.211246274292752,0.778331789025506
"2602",-0.292536550763818,-0.0877726003311019,0.373475455792918,-0.598575567831999,0.0665929895037224,-0.618533926608241
"2603",-0.520696200833671,0.207836513853041,-1.16384249557438,-0.0284147707652094,0.229352209567284,0.664099397581252
"2605",-0.247755979699564,-0.171397673587116,0.375638024812008,0.150977570822006,-0.635066731306576,-0.105903563869182
"2607",-0.247755979699564,-0.171397673587116,0.71797730506523,1.25056432191082,-0.374005494356314,-0.504301535163987
"2608",-0.595659195780783,0.458119194023954,0.435704671384922,-0.319769195348475,-0.153120602186443,0.0400355997981796
"2610",-0.0195963296297108,-0.467006787771259,-0.988094135785487,0.737200937690409,0.82706119081252,0.137421320318426
"2611",-0.0195963296297108,-0.467006787771259,0.313697293093387,-0.371331971855752,0.386978114248907,0.0388392250753889
"2615",-0.623889338616413,0.622278030189346,0.457892213424327,0.236829970107901,0.22331016623102,0.419803662290521
"2619",-0.292536550763818,-0.0877726003311019,0.291946137590887,-0.561110268113553,-0.474488052257626,-0.785171361357347
"2620",0.259794572646443,-0.161078614152389,0.238697510652113,-0.770598309241443,0.67186684996733,0.160214480856726
"2622",-0.520696200833671,0.207836513853041,-1.09181099602692,0.21806707195248,0.252711046114013,-0.00680385959155561
"2624",-0.457242468617139,0.157140604678315,0.362945919636808,-0.753813668392903,-0.79435650581772,-0.337091836737373
"2625",1.45637664900317,-1.10015720061931,-1.22607171116639,-0.307221143248734,-0.00835019083624964,0.391594111703249
"2628",-0.0195963296297108,-0.467006787771259,0.542961167104829,0.391803378112749,0.205546135600828,-0.152770333771513
"2629",-0.698852333563524,0.87256071036026,0.238697510652113,-0.770598309241443,-0.79435650581772,-0.337091836737373
"2631",-0.0195963296297108,-0.467006787771259,0.362945919636808,-0.753813668392903,0.0665929895037224,-0.618533926608241
"2633",-0.292536550763818,-0.0877726003311019,0.354692583184231,-0.635569369421799,-0.374005494356314,-0.504301535163987
"2642",-0.292536550763818,-0.0877726003311019,-0.988094135785487,0.737200937690409,0.0866031857750442,0.394778092007202
"2643",0.469281061564018,-0.48961689241782,0.592670158565132,0.408852711517345,0.14456554432372,0.315826078327193
"2644",-0.623889338616413,0.622278030189346,0.563664596891588,0.532488353359339,0.205546135600828,-0.152770333771513
"2646",-0.292536550763818,-0.0877726003311019,0.592670158565132,0.408852711517345,0.520996312741184,0.695594140819535
"2650",-0.350949117482305,0.243043842749189,0.539549146255902,0.0886609485929665,-0.228718411821029,0.952709653044688
"2651",-0.247755979699564,-0.171397673587116,0.34416304702812,-0.790807469982703,-0.482150996146607,-0.181671597245238
"2653",-0.0195963296297108,-0.467006787771259,0.478423762167585,-0.265519254781489,-0.526921229516283,-0.428533501787931
"2655",2.38929513722343,0.259407762819412,-1.1450596229657,0.00857903082459028,-0.153120602186443,0.0400355997981796
"2657",-0.247755979699564,-0.171397673587116,0.35417535318289,-0.282303895630029,0.256133634223593,-0.0201135101604785
"2660",-0.623889338616413,0.622278030189346,0.35417535318289,-0.282303895630029,-0.248632565079016,0.588119335220371
"2662",-0.595659195780783,0.458119194023954,0.653795542653449,0.7630329148918,0.468394453025249,0.330227253888118
"2663",-0.595659195780783,0.458119194023954,0.406392262620124,-0.512001097499178,0.396140054648976,0.708625946738782
"2669",-0.595659195780783,0.458119194023954,0.238697510652113,-0.770598309241443,-0.852482177924028,0.401204352489954
"2670",-0.520696200833671,0.207836513853041,0.643266006497338,0.607794814330896,-0.0449751003961507,-0.282594338120569
"2671",-0.247755979699564,-0.171397673587116,-1.1450596229657,0.00857903082459028,-0.546318711589179,0.312328856691358
"2672",-0.698852333563524,0.87256071036026,-1.2072888385577,-0.270227341658935,-0.635066731306576,-0.105903563869182
"2673",-0.292536550763818,-0.0877726003311019,0.252496812409811,-0.622214942738876,-0.162282542586513,-0.629751121865213
"2677",2.38929513722343,0.259407762819412,0.656851920976913,0.896384118536365,-0.184464849636443,0.0941188812837757
"2678",1.45637664900317,-1.10015720061931,0.322677881746616,-0.302013640500117,0.907910029069108,-0.0948474108366763
"2679",-0.36749954571093,0.162510079839811,0.37644373868673,-0.445791073163998,1.36726823186949,-0.919640154860996
"2680",-0.292536550763818,-0.0877726003311019,0.34416304702812,-0.790807469982703,0.715491837023979,-0.844906254184799
"2683",-0.247755979699564,-0.171397673587116,-0.92696875169717,1.09138114106486,-0.153120602186443,0.0400355997981796
"2685",0.0931477026471694,0.304058811358643,0.362945919636808,-0.753813668392903,0.585164028183756,0.201593686882939
"2689",-0.698852333563524,0.87256071036026,0.385860713876865,-0.00965187260978815,-0.452692572959836,0.110069157809488
"2690",-0.698852333563524,0.87256071036026,0.643266006497338,0.607794814330896,-0.105720227729143,0.198096465247103
"2693",-0.520696200833671,0.207836513853041,0.435704671384922,-0.319769195348475,-0.105720227729143,0.198096465247103
"2697",0.739339607739586,-0.781937981788611,-1.04134276272426,0.52771289656252,0.19196591878102,0.473886943776117
"2698",-0.53220546356425,0.407423284849228,0.4376572182047,-0.111044160812979,0.607346335233686,-0.52227631626605
"2704",-0.292536550763818,-0.0877726003311019,0.643266006497338,0.607794814330896,-0.379365993189055,-0.0599826345525617
"2707",-0.53220546356425,0.407423284849228,0.519017597512643,0.591010173482356,0.275410024349034,0.374778813563061
"2708",1.16403112795277,0.890423066413887,-1.09181099602692,0.21806707195248,-0.0541370407962202,-0.952381059783962
"2710",-0.247755979699564,-0.171397673587116,0.592670158565132,0.408852711517345,-0.635066731306576,-0.105903563869182
"2711",-0.520696200833671,0.207836513853041,-1.22607171116639,-0.307221143248734,-0.0996781843928787,0.442392200537834
"2714",-0.247755979699564,-0.171397673587116,0.479354885053444,0.670111436559935,-0.395506256902721,0.908183103887158
"2717",0.739339607739586,-0.781937981788611,-1.15404021161893,-0.0607393005310451,1.05197626776132,-0.313842184605502
"2718",-0.247755979699564,-0.171397673587116,0.238697510652113,-0.770598309241443,-0.635066731306576,-0.105903563869182
"2719",0.259794572646443,-0.161078614152389,-1.09181099602692,0.21806707195248,0.300111420571313,0.151257005857368
"2721",-0.520696200833671,0.207836513853041,0.35417535318289,-0.282303895630029,1.04791644949449,0.633892046062584
"2722",-0.292536550763818,-0.0877726003311019,0.488953298323696,-0.110281154220585,-0.226450258029085,-0.135750667928618
"2724",-0.457242468617139,0.157140604678315,0.241967276253701,-0.77745304329978,-0.337380584796413,0.169886914659831
"2727",-0.520696200833671,0.207836513853041,0.406392262620124,-0.512001097499178,-0.306036337346413,0.115803633174235
"2728",-0.350949117482305,0.243043842749189,0.510415969952814,0.32300031223145,-0.526404558331192,0.676919174515674
"2730",-0.0195963296297108,-0.467006787771259,0.728506841221341,1.40580242247172,-0.315198277746483,-0.553983088489157
"2733",-0.36749954571093,0.162510079839811,0.478423762167585,-0.265519254781489,0.646144619460864,-0.267002725215767
"2738",-0.36749954571093,0.162510079839811,-1.34705035454949,-0.330860518155611,0.205546135600828,-0.152770333771513
"2739",0.532734793780551,-0.540312801592546,0.34416304702812,-0.790807469982703,-0.482150996146607,-0.181671597245238
"2740",-0.595659195780783,0.458119194023954,0.582140622409021,0.253614610956441,-0.162282542586513,-0.629751121865213
"2745",-0.184302247483032,-0.222093582761843,0.550078682412012,0.24389904915387,-0.409379926585243,0.545382386207703
"2747",0.913322158590549,0.892558175667467,0.728506841221341,1.40580242247172,0.657935097745119,0.928647670335881
"2748",0.0931477026471694,0.304058811358643,0.291946137590887,-0.561110268113553,0.966013073020958,-0.715082249835742
"2753",-0.0195963296297108,-0.467006787771259,0.34416304702812,-0.790807469982703,-0.0415525122865705,-0.295903988689492
"2754",-0.247755979699564,-0.171397673587116,-0.988094135785487,0.737200937690409,-0.562295661745213,0.62115041958376
"2759",-0.520696200833671,0.207836513853041,0.519017597512643,0.591010173482356,-0.546318711589179,0.312328856691358
"2760",-0.595659195780783,0.458119194023954,-0.92696875169717,1.09138114106486,0.718915689022228,0.460051258237175
"2761",-0.457242468617139,0.157140604678315,-1.16384249557438,-0.0284147707652094,-0.474488052257626,-0.785171361357347
"2763",0.678035411717584,0.826120072991082,-1.15404021161893,-0.0607393005310451,0.395623383463885,-0.396826729564824
"2765",-0.247755979699564,-0.171397673587116,0.643266006497338,0.607794814330896,0.22331016623102,0.419803662290521
"2766",-0.520696200833671,0.207836513853041,-1.09291482753061,0.29344090284341,-0.306036337346413,0.115803633174235
"2768",-0.36749954571093,0.162510079839811,0.679901681264724,1.3133792581762,0.646144619460864,-0.267002725215767
"2769",-0.0195963296297108,-0.467006787771259,-1.22607171116639,-0.307221143248734,-0.474488052257626,-0.785171361357347
"2771",0.697440711633871,-0.785226006601963,-1.03068561193861,0.572247275326935,-0.0725179062788219,0.885594565639845
"2772",-0.457242468617139,0.157140604678315,0.477319930663898,-0.190145423890558,0.395623383463885,-0.396826729564824
"2776",1.45637664900317,-1.10015720061931,0.582140622409021,0.253614610956441,0.278315941273523,-0.743983513309467
"2778",-0.0195963296297108,-0.467006787771259,0.71797730506523,1.25056432191082,1.00089724392749,0.381921677900144
"2779",-0.247755979699564,-0.171397673587116,0.460572012444757,0.633117634970136,-0.0444584292110597,0.822858338183036
"2780",-0.520696200833671,0.207836513853041,0.653795542653449,0.7630329148918,-0.635066731306576,-0.105903563869182
"2781",0.685162508520696,1.18816728985161,-0.92696875169717,1.09138114106486,1.1727727075867,0.620860240143337
"2782",-0.0195963296297108,-0.467006787771259,-0.988094135785487,0.737200937690409,-0.0895114730251495,0.0973028615877283
"2792",-0.0195963296297108,-0.467006787771259,0.373475455792918,-0.598575567831999,-0.409379926585243,0.545382386207703
"2793",-0.247755979699564,-0.171397673587116,0.35417535318289,-0.282303895630029,0.0644208787251139,1.11864809515619
"2795",-0.292536550763818,-0.0877726003311019,0.34416304702812,-0.790807469982703,0.395623383463885,-0.396826729564824
"2796",-0.457242468617139,0.157140604678315,0.561172687128858,0.389142966647256,-0.858524221260292,0.156908617199223
"2798",-0.292536550763818,-0.0877726003311019,-1.1450596229657,0.00857903082459028,0.287477881673593,-0.0741967916460746
"2799",-0.247755979699564,-0.171397673587116,0.294625936611317,-0.164822603251318,-0.153120602186443,0.0400355997981796
"2800",-0.292536550763818,-0.0877726003311019,0.4376572182047,-0.111044160812979,0.607346335233686,-0.52227631626605
"2801",1.22821699893331,-0.804548086435172,-1.09181099602692,0.21806707195248,-0.105720227729143,0.198096465247103
"2808",0.697440711633871,-0.785226006601963,0.478423762167585,-0.265519254781489,0.693309529974049,-0.12103625103581
"2812",-0.0195963296297108,-0.467006787771259,-0.988094135785487,0.737200937690409,-0.0415525122865705,-0.295903988689492
"2814",-0.0195963296297108,-0.467006787771259,0.223184403645013,-0.81444684488958,-0.162282542586513,-0.629751121865213
"2815",-0.292536550763818,-0.0877726003311019,-1.32826748194081,-0.293866716565812,0.278315941273523,-0.743983513309467
"2816",-0.0195963296297108,-0.467006787771259,-1.27501885500203,-0.0843786754379221,-0.162282542586513,-0.629751121865213
"2817",-0.520696200833671,0.207836513853041,0.238697510652113,-0.770598309241443,-0.87263661010846,-0.933259650857581
"2818",-0.0195963296297108,-0.467006787771259,0.539421531626358,0.199364670389455,-0.0948688957860302,0.887459822288
"2820",0.678035411717584,0.826120072991082,-0.87185705141235,1.51809184250727,-0.401548300238985,0.663887368596427
"2823",-0.292536550763818,-0.0877726003311019,-1.22607171116639,-0.307221143248734,0.0671096606888131,0.486918749695364
"2824",0.196340840429911,-0.110382704977663,-1.22607171116639,-0.307221143248734,0.966013073020958,-0.715082249835742
"2825",-0.247755979699564,-0.171397673587116,-1.16384249557438,-0.0284147707652094,-0.858524221260292,0.156908617199223
"2826",0.739339607739586,-0.781937981788611,0.362945919636808,-0.753813668392903,-0.0373121565071706,-0.886094102232679
"2828",-0.595659195780783,0.458119194023954,0.282143853635429,-0.528785738347718,-0.482150996146607,-0.181671597245238
"2829",-0.0195963296297108,-0.467006787771259,-0.975573911653786,0.998957976769339,-0.153120602186443,0.0400355997981796
"2830",-0.0195963296297108,-0.467006787771259,0.300926726244117,-0.491791936757918,-0.22923508300612,-0.152743023258917
"2834",-0.292536550763818,-0.0877726003311019,0.425175135228812,-0.475007295909378,1.2591227300792,-0.597010216942247
"2843",1.29167073114985,-0.855243995609898,-1.22607171116639,-0.307221143248734,1.01660183553239,0.735841736766189
"2849",-0.184302247483032,-0.222093582761843,-1.22607171116639,-0.307221143248734,0.395623383463885,-0.396826729564824
"2851",-0.520696200833671,0.207836513853041,0.60360329403814,0.686896077408476,-0.465326111857557,-0.115384639693955
"2853",-0.457242468617139,0.157140604678315,0.354692583184231,-0.635569369421799,0.395623383463885,-0.396826729564824
"2855",-0.292536550763818,-0.0877726003311019,-1.1450596229657,0.00857903082459028,0.287477881673593,-0.0741967916460746
"2856",-0.457242468617139,0.157140604678315,0.519017597512643,0.591010173482356,-0.153120602186443,0.0400355997981796
"2861",1.61095389993784,2.18568503642981,-1.09181099602692,0.21806707195248,0.322293727621244,-0.572612997291621
"2862",-0.53220546356425,0.407423284849228,0.457892213424327,0.236829970107901,-0.306036337346413,0.115803633174235
"2864",-0.184302247483032,-0.222093582761843,-0.92696875169717,1.09138114106486,-0.79435650581772,-0.337091836737373
"2865",-0.457242468617139,0.157140604678315,0.238697510652113,-0.770598309241443,-0.356663938882173,0.667438098690901
"2866",-0.698852333563524,0.87256071036026,0.34416304702812,-0.790807469982703,-0.105720227729143,0.198096465247103
"2870",-0.292536550763818,-0.0877726003311019,0.550078682412012,0.24389904915387,-0.699234446749148,0.388096890067413
"2873",-0.520696200833671,0.207836513853041,0.425175135228812,-0.475007295909378,-0.635066731306576,-0.105903563869182
"2875",-0.595659195780783,0.458119194023954,0.643266006497338,0.607794814330896,-0.0803495326250798,0.767089583251121
"2879",-0.623889338616413,0.622278030189346,0.698377706782158,1.0345055157733,-0.699234446749148,0.388096890067413
"2881",-0.184302247483032,-0.222093582761843,-1.2072888385577,-0.270227341658935,-0.560838074750129,0.432699095728237
"2882",-0.0195963296297108,-0.467006787771259,0.35417535318289,-0.282303895630029,0.287477881673593,-0.0741967916460746
"2884",-0.292536550763818,-0.0877726003311019,0.238697510652113,-0.770598309241443,0.214148225830951,-0.249983059372872
"2886",-0.184302247483032,-0.222093582761843,-1.06012563533295,0.49071909497272,0.0665929895037224,-0.618533926608241
"2887",-0.595659195780783,0.458119194023954,-1.1450596229657,0.00857903082459028,0.22331016623102,0.419803662290521
"2888",-0.0195963296297108,-0.467006787771259,0.460572012444757,0.633117634970136,0.525414589160922,-0.600849858391488
"2890",-0.247755979699564,-0.171397673587116,-1.03068561193861,0.572247275326935,-0.306036337346413,0.115803633174235
"2891",-0.292536550763818,-0.0877726003311019,0.60360329403814,0.686896077408476,-0.465326111857557,-0.115384639693955
"2892",-0.0195963296297108,-0.467006787771259,0.300926726244117,-0.491791936757918,-0.635066731306576,-0.105903563869182
"2893",0.739339607739586,-0.781937981788611,-1.16384249557438,-0.0284147707652094,-0.0803495326250798,0.767089583251121
"2896",-0.520696200833671,0.207836513853041,0.643266006497338,0.607794814330896,0.287477881673593,-0.0741967916460746
"2898",-0.0195963296297108,-0.467006787771259,0.297895702212905,-0.171677337309656,-0.0895114730251495,0.0973028615877283
"2899",-0.247755979699564,-0.171397673587116,0.519017597512643,0.591010173482356,0.525414589160922,-0.600849858391488
"2900",-0.53220546356425,0.407423284849228,0.437945702078082,-0.354547331007212,-0.379365993189055,-0.0599826345525617
"2903",-0.595659195780783,0.458119194023954,0.34416304702812,-0.790807469982703,-0.75037871947,-0.165721320719526
"2904",-0.457242468617139,0.157140604678315,0.490012035839099,0.714645815324351,-0.11169378007508,0.821172864736717
"2909",-0.0195963296297108,-0.467006787771259,0.418874345596012,-0.148037962402779,-0.0726865887360997,0.163589819139012
"2912",-0.53220546356425,0.407423284849228,0.223184403645013,-0.81444684488958,0.395623383463885,-0.396826729564824
"2914",-0.350949117482305,0.243043842749189,-0.49862300643034,-0.465027856514335,-0.0415525122865705,-0.295903988689492
"2917",-0.292536550763818,-0.0877726003311019,0.34416304702812,-0.790807469982703,-0.20705277595619,-0.876613026407906
"2919",-0.292536550763818,-0.0877726003311019,0.219914638043425,-0.807592110831242,-0.0895114730251495,0.0973028615877283
"2921",-0.0195963296297108,-0.467006787771259,0.34416304702812,-0.790807469982703,0.607346335233686,-0.52227631626605
"2922",0.405095190583477,1.20535426043124,0.238697510652113,-0.770598309241443,1.30971149259063,0.853913769659683
"2923",-0.698852333563524,0.87256071036026,0.219914638043425,-0.807592110831242,-0.613439934466063,0.0673322087968202
"2925",0.469281061564018,-0.48961689241782,0.584820421429452,0.649902275818676,-0.546318711589179,0.312328856691358
"2926",-0.0195963296297108,-0.467006787771259,-0.49862300643034,-0.465027856514335,0.646144619460864,-0.267002725215767
"2927",-0.53220546356425,0.407423284849228,0.532603511992218,0.879599477687825,-0.164785046176594,0.430105615963679
"2929",-0.247755979699564,-0.171397673587116,0.519017597512643,0.591010173482356,-0.0415525122865705,-0.295903988689492
"2930",-0.292536550763818,-0.0877726003311019,-1.03068561193861,0.572247275326935,1.07415857481125,-1.03771218775449
"2931",-0.247755979699564,-0.171397673587116,0.656851920976913,0.896384118536365,0.031218557274793,0.431149994763449
"2933",0.405095190583477,1.20535426043124,-1.32826748194081,-0.293866716565812,-0.366342550467334,-1.1078012992761
"2935",-0.36749954571093,0.162510079839811,0.354692583184231,-0.635569369421799,0.278315941273523,-0.743983513309467
"2937",-0.350949117482305,0.243043842749189,0.425175135228812,-0.475007295909378,0.287477881673593,-0.0741967916460746
"2939",-0.0195963296297108,-0.467006787771259,-1.22607171116639,-0.307221143248734,-0.162282542586513,-0.629751121865213
"2944",-0.0195963296297108,-0.467006787771259,0.34416304702812,-0.790807469982703,0.278315941273523,-0.743983513309467
"2945",0.739339607739586,-0.781937981788611,-0.87185705141235,1.51809184250727,0.287477881673593,-0.0741967916460746
"2951",-0.457242468617139,0.157140604678315,-0.92696875169717,1.09138114106486,-0.242427208185119,0.173070894963785
"2952",0.685162508520696,1.18816728985161,0.34416304702812,-0.790807469982703,-0.686211004027427,-0.659721774656122
"2953",0.511179957669733,-0.486328867604468,-0.988094135785487,0.737200937690409,0.585164028183756,0.201593686882939
"2956",-0.350949117482305,0.243043842749189,-1.2072888385577,-0.270227341658935,-0.721585436256357,0.389962146715569
"2957",-0.457242468617139,0.157140604678315,0.282143853635429,-0.528785738347718,-0.357180610067264,-0.438014577612704
"2960",-0.247755979699564,-0.171397673587116,0.501435381299584,0.253681980875814,-0.686211004027427,-0.659721774656122
"2961",-0.292536550763818,-0.0877726003311019,-0.445374379491566,-0.255539815386446,-0.474488052257626,-0.785171361357347
"2963",-0.292536550763818,-0.0877726003311019,0.501435381299584,0.253681980875814,-0.315198277746483,-0.553983088489157
"2964",-0.247755979699564,-0.171397673587116,0.478423762167585,-0.265519254781489,0.646144619460864,-0.267002725215767
"2966",0.0931477026471694,0.304058811358643,-1.15404021161893,-0.0607393005310451,-0.685694332842336,0.445730901647483
"2967",-0.457242468617139,0.157140604678315,0.404643586485553,0.0273419289800116,-0.79435650581772,-0.337091836737373
"2971",-0.0195963296297108,-0.467006787771259,0.233713939801123,-0.659208744328676,0.214148225830951,-0.249983059372872
"2972",-0.457242468617139,0.157140604678315,0.238697510652113,-0.770598309241443,0.364279136013886,-0.342743448079227
"2974",0.739339607739586,-0.781937981788611,0.487849466820009,-0.0349073233296545,-0.228718411821029,0.952709653044688
"2976",-0.247755979699564,-0.171397673587116,-0.279428303658126,0.542400422835008,-0.858524221260292,0.156908617199223
"2977",-0.184302247483032,-0.222093582761843,0.282143853635429,-0.528785738347718,-0.526921229516283,-0.428533501787931
"2978",-0.184302247483032,-0.222093582761843,0.291946137590887,-0.561110268113553,0.395623383463885,-0.396826729564824
"2980",-0.520696200833671,0.207836513853041,-1.2072888385577,-0.270227341658935,-0.153120602186443,0.0400355997981796
"2981",0.739339607739586,-0.781937981788611,-1.2072888385577,-0.270227341658935,1.22061083561766,-0.276647848506277
"2982",0.739339607739586,-0.781937981788611,0.404643586485553,0.0273419289800116,-0.248632565079016,0.588119335220371
"2983",-0.247755979699564,-0.171397673587116,0.4376572182047,-0.111044160812979,-0.392555042296193,0.611669343758987
"2986",-0.457242468617139,0.157140604678315,0.510415969952814,0.32300031223145,0.0665929895037224,-0.618533926608241
"2987",1.67225809595985,0.577626981650116,-1.34705035454949,-0.330860518155611,0.287477881673593,-0.0741967916460746
"2988",-0.623889338616413,0.622278030189346,-0.218302919569809,0.896580626209464,0.278317205162192,0.574283649681429
"2989",-0.0195963296297108,-0.467006787771259,0.233713939801123,-0.659208744328676,-0.482150996146607,-0.181671597245238
"2993",-0.247755979699564,-0.171397673587116,0.416194546575582,-0.544325627265013,0.0665929895037224,-0.618533926608241
"2996",-0.247755979699564,-0.171397673587116,-0.988094135785487,0.737200937690409,-0.197374164371029,0.898626371559091
"2998",-0.247755979699564,-0.171397673587116,0.595349957585562,0.80514037637958,-0.482150996146607,-0.181671597245238
"3000",-0.247755979699564,-0.171397673587116,0.528891995470248,0.0441265698285513,-0.00354827828478693,0.498542926817969
"3001",-0.247755979699564,-0.171397673587116,-0.279428303658126,0.542400422835008,-0.482150996146607,-0.181671597245238
"3002",-0.36749954571093,0.162510079839811,0.488953298323696,-0.110281154220585,-0.0449751003961507,-0.282594338120569
"3004",-0.520696200833671,0.207836513853041,-0.92696875169717,1.09138114106486,-0.306036337346413,0.115803633174235
"3005",-0.184302247483032,-0.222093582761843,0.219914638043425,-0.807592110831242,-0.00354827828478693,0.498542926817969
"3010",1.45637664900317,-1.10015720061931,0.528891995470248,0.0441265698285513,0.395623383463885,-0.396826729564824
"3011",-0.698852333563524,0.87256071036026,0.415300737271207,0.0718763077444268,0.22331016623102,0.419803662290521
"3012",-0.292536550763818,-0.0877726003311019,0.539549146255902,0.0886609485929665,0.287477881673593,-0.0741967916460746
"3013",-0.0195963296297108,-0.467006787771259,0.373475455792918,-0.598575567831999,-0.421348325509836,0.0559858763238917
"3014",-0.520696200833671,0.207836513853041,0.404643586485553,0.0273419289800116,0.287477881673593,-0.0741967916460746
"3015",-0.595659195780783,0.458119194023954,0.550078682412012,0.24389904915387,0.161292573416242,0.705820437989399
"3017",0.739339607739586,-0.781937981788611,0.291946137590887,-0.561110268113553,0.325482115675376,0.720250123861386
"3018",-0.350949117482305,0.243043842749189,0.457892213424327,0.236829970107901,-0.635066731306576,-0.105903563869182
"3022",1.01873051001574,-0.476009808169741,0.457892213424327,0.236829970107901,0.966013073020958,-0.715082249835742
"3026",-0.520696200833671,0.207836513853041,0.291946137590887,-0.561110268113553,-0.0449751003961507,-0.282594338120569
"3027",-0.53220546356425,0.407423284849228,0.437051892773707,0.261654604002228,-0.474488052257626,-0.785171361357347
"3028",-0.292536550763818,-0.0877726003311019,0.34416304702812,-0.790807469982703,0.690122405808585,-0.0956322091979202
"3029",-0.623889338616413,0.622278030189346,0.353071521679203,-0.206930064739098,0.331455668021313,0.0971737243717721
"3030",-0.247755979699564,-0.171397673587116,0.362945919636808,-0.753813668392903,-0.401548300238985,0.663887368596427
"3032",-0.698852333563524,0.87256071036026,0.404643586485553,0.0273419289800116,0.0644208787251139,1.11864809515619
"3033",-0.698852333563524,0.87256071036026,-0.49862300643034,-0.465027856514335,-0.635066731306576,-0.105903563869182
"3034",-0.292536550763818,-0.0877726003311019,0.354692583184231,-0.635569369421799,0.0138321162136806,-0.33227589144574
"3035",-0.0195963296297108,-0.467006787771259,0.479354885053444,0.670111436559935,-0.315198277746483,-0.553983088489157
"3042",1.22821699893331,-0.804548086435172,0.362945919636808,-0.753813668392903,0.256133634223593,-0.0201135101604785
"3044",1.29167073114985,-0.855243995609898,0.362945919636808,-0.753813668392903,-0.0415525122865705,-0.295903988689492
"3048",-0.53220546356425,0.407423284849228,-1.22607171116639,-0.307221143248734,-0.392555042296193,0.611669343758987
"3056",-0.292536550763818,-0.0877726003311019,0.425175135228812,-0.475007295909378,-0.635066731306576,-0.105903563869182
"3059",-0.247755979699564,-0.171397673587116,0.238697510652113,-0.770598309241443,-0.211246274292752,0.778331789025506
"3061",-0.0195963296297108,-0.467006787771259,-1.03780312724579,0.720151604285814,-0.366342550467334,-1.1078012992761
"3064",0.0181847077000579,0.554341491529556,0.264434172621159,1.03313997160954,0.956127010557816,0.135059773357451
"3067",-0.0195963296297108,-0.467006787771259,0.282143853635429,-0.528785738347718,-0.0415525122865705,-0.295903988689492
"3069",-0.184302247483032,-0.222093582761843,0.582140622409021,0.253614610956441,-0.699234446749148,0.388096890067413
"3070",-0.247755979699564,-0.171397673587116,0.0989359946603178,-0.83123148573812,1.44149572778753,0.267689286455889
"3071",-0.0195963296297108,-0.467006787771259,0.282143853635429,-0.528785738347718,0.16674785137365,-0.408043924821796
"3073",-0.698852333563524,0.87256071036026,0.426724082731692,-0.38908752670411,1.12474733732268,0.413211798847439
"3074",-0.0195963296297108,-0.467006787771259,0.519017597512643,0.591010173482356,-0.153120602186443,0.0400355997981796
"3076",-0.520696200833671,0.207836513853041,0.219914638043425,-0.807592110831242,0.287477881673593,-0.0741967916460746
"3077",-0.520696200833671,0.207836513853041,0.34416304702812,-0.790807469982703,0.0277959691652128,0.444459645332372
"3081",-0.0195963296297108,-0.467006787771259,-1.1450596229657,0.00857903082459028,0.287477881673593,-0.0741967916460746
"3083",1.61095389993784,2.18568503642981,-1.16384249557438,-0.0284147707652094,0.598185658722285,0.126204125061454
"3085",-0.292536550763818,-0.0877726003311019,-0.49862300643034,-0.465027856514335,-0.635066731306576,-0.105903563869182
"3086",-0.292536550763818,-0.0877726003311019,0.373475455792918,-0.598575567831999,-0.0895114730251495,0.0973028615877283
"3088",-0.184302247483032,-0.222093582761843,0.362945919636808,-0.753813668392903,0.0665929895037224,-0.618533926608241
"3090",-0.595659195780783,0.458119194023954,0.593728896080535,1.23377968106228,0.205546135600828,-0.152770333771513
"3091",-0.247755979699564,-0.171397673587116,0.542389814520171,0.352149165057457,-0.374005494356314,-0.504301535163987
"3093",-0.595659195780783,0.458119194023954,0.35417535318289,-0.282303895630029,-0.482150996146607,-0.181671597245238
"3097",0.574633689886265,-0.537024776779195,0.362945919636808,-0.753813668392903,-0.546318711589179,0.312328856691358
"3099",0.259794572646443,-0.161078614152389,0.219914638043425,-0.807592110831242,0.943830765971027,0.00878775331324681
"3102",0.184831577699332,0.0892040660185241,0.643266006497338,0.607794814330896,-0.356663938882173,0.667438098690901
"3103",-0.520696200833671,0.207836513853041,-1.2072888385577,-0.270227341658935,-0.79435650581772,-0.337091836737373
"3105",-0.36749954571093,0.162510079839811,-1.34705035454949,-0.330860518155611,-0.145457658297463,-0.56346416431393
"3106",-0.184302247483032,-0.222093582761843,0.238697510652113,-0.770598309241443,0.611377783901284,-0.199609793161248
"3108",0.739339607739586,-0.781937981788611,-1.15404021161893,-0.0607393005310451,-0.0803495326250798,0.767089583251121
"3111",-0.247755979699564,-0.171397673587116,-1.03068561193861,0.572247275326935,0.646144619460864,-0.267002725215767
"3116",-0.0195963296297108,-0.467006787771259,-0.92696875169717,1.09138114106486,0.966013073020958,-0.715082249835742
"3120",-0.457242468617139,0.157140604678315,0.77308900535005,1.67727502335322,-0.153120602186443,0.0400355997981796
"3126",-0.0195963296297108,-0.467006787771259,-1.22607171116639,-0.307221143248734,0.102580135931078,0.0859565291148
"3127",-0.292536550763818,-0.0877726003311019,0.643266006497338,0.607794814330896,0.396140054648976,0.708625946738782
"3128",-0.0195963296297108,-0.467006787771259,0.539549146255902,0.0886609485929665,1.07467524599634,0.0677404885491141
"3130",-0.0195963296297108,-0.467006787771259,0.34416304702812,-0.790807469982703,-0.858524221260292,0.156908617199223
"3132",-0.53220546356425,0.407423284849228,0.478423762167585,-0.265519254781489,0.396140054648976,0.708625946738782
"3134",-0.36749954571093,0.162510079839811,0.362945919636808,-0.753813668392903,0.71600850820907,0.260546422118806
"3135",0.913322158590549,0.892558175667467,0.37592650868539,-0.0925255993722273,-0.153120602186443,0.0400355997981796
"3136",-0.292536550763818,-0.0877726003311019,0.373475455792918,-0.598575567831999,0.278315941273523,-0.743983513309467
"3139",-0.595659195780783,0.458119194023954,0.532603511992218,0.879599477687825,-0.526921229516283,-0.428533501787931
"3143",-0.457242468617139,0.157140604678315,0.477319930663898,-0.190145423890558,0.287477881673593,-0.0741967916460746
"3144",-0.247755979699564,-0.171397673587116,0.353071521679203,-0.206930064739098,0.287477881673593,-0.0741967916460746
"3151",0.0181847077000579,0.554341491529556,0.425175135228812,-0.475007295909378,0.718915689022228,0.460051258237175
"3152",-0.595659195780783,0.458119194023954,0.500174917670085,-0.0757409585236875,0.0665929895037224,-0.618533926608241
"3154",-0.457242468617139,0.157140604678315,0.51010912286156,0.00713276823875158,0.141378420158256,0.341230120165083
"3156",-0.520696200833671,0.207836513853041,-0.279428303658126,0.542400422835008,-0.79435650581772,-0.337091836737373
"3158",-0.520696200833671,0.207836513853041,0.362945919636808,-0.753813668392903,0.360248951234956,0.652857191806867
"3159",-0.595659195780783,0.458119194023954,-0.445374379491566,-0.255539815386446,-0.858524221260292,0.156908617199223
"3160",1.18343642786906,-0.720923013179157,0.643266006497338,0.607794814330896,-0.526404558331192,0.676919174515674
"3162",-0.623889338616413,0.622278030189346,-1.16384249557438,-0.0284147707652094,-0.217288317629016,0.534036053734775
"3163",-0.0195963296297108,-0.467006787771259,0.435704671384922,-0.319769195348475,0.274893353163943,-0.730673862740544
"3165",-0.457242468617139,0.157140604678315,0.219914638043425,-0.807592110831242,-0.0758026766610596,0.876941619668632
"3167",-0.0195963296297108,-0.467006787771259,0.491633097344126,0.28600651064165,-0.162282542586513,-0.629751121865213
"3172",-0.0195963296297108,-0.467006787771259,-1.15404021161893,-0.0607393005310451,-0.430510265909906,-0.613800845339501
"3173",-0.457242468617139,0.157140604678315,0.592670158565132,0.408852711517345,-0.0444584292110597,0.822858338183036
"3174",0.405095190583477,1.20535426043124,-1.22607171116639,-0.307221143248734,0.395623383463885,-0.396826729564824
"3177",-0.623889338616413,0.622278030189346,0.528891995470248,0.0441265698285513,-0.546318711589179,0.312328856691358
"3178",-0.520696200833671,0.207836513853041,0.415300737271207,0.0718763077444268,0.19196591878102,0.473886943776117
"3179",-0.698852333563524,0.87256071036026,0.643266006497338,0.607794814330896,0.0138321162136806,-0.33227589144574
"3180",-0.623889338616413,0.622278030189346,0.34416304702812,-0.790807469982703,-0.0415525122865705,-0.295903988689492
"3183",-0.623889338616413,0.622278030189346,0.584820421429452,0.649902275818676,0.0138321162136806,-0.33227589144574
"3184",-0.457242468617139,0.157140604678315,0.170967494207779,-0.58474964302043,-0.482150996146607,-0.181671597245238
"3185",-0.184302247483032,-0.222093582761843,-0.638384522422135,-0.525661033011012,0.943830765971027,0.00878775331324681
"3186",-0.0195963296297108,-0.467006787771259,0.291946137590887,-0.561110268113553,0.300111420571313,0.151257005857368
"3187",-0.0195963296297108,-0.467006787771259,0.362945919636808,-0.753813668392903,-0.145457658297463,-0.56346416431393
"3189",0.466399386605478,-0.402703794348454,-1.22607171116639,-0.307221143248734,0.386461443063816,-1.06661345122822
"3191",0.330132195636365,1.45563694060215,0.656851920976913,0.896384118536365,-0.033888304508922,0.418863410189294
"3195",-0.520696200833671,0.207836513853041,0.416194546575582,-0.544325627265013,-0.170827089512858,0.185809880672948
"3197",0.184831577699332,0.0892040660185241,0.353071521679203,-0.206930064739098,0.278317205162192,0.574283649681429
"3198",-0.520696200833671,0.207836513853041,0.550078682412012,0.24389904915387,-0.153120602186443,0.0400355997981796
"3199",-0.457242468617139,0.157140604678315,-1.03068561193861,0.572247275326935,-0.374005494356314,-0.504301535163987
"3203",-0.0195963296297108,-0.467006787771259,0.539549146255902,0.0886609485929665,0.395623383463885,-0.396826729564824
"3204",-0.247755979699564,-0.171397673587116,0.528891995470248,0.0441265698285513,-0.262058550998692,0.287174149192082
"3207",2.36988983730714,1.87075384241246,0.241665793545925,-0.617813814573442,-0.19789083555612,-0.206826304744514
"3208",3.08692687857072,1.55253462358175,-1.2072888385577,-0.270227341658935,1.23694042302927,0.126859786206741
"3209",-0.520696200833671,0.207836513853041,0.582140622409021,0.253614610956441,-0.264609515235049,0.896940898112773
"3210",-0.520696200833671,0.207836513853041,0.479643368926827,0.426608266365702,0.993850595655012,0.424454004621824
"3213",-0.247755979699564,-0.171397673587116,0.435704671384922,-0.319769195348475,0.205546135600828,-0.152770333771513
"3214",-0.292536550763818,-0.0877726003311019,0.305745439348585,-0.412726901610987,0.372498854000952,-0.525081825015432
"3216",-0.0195963296297108,-0.467006787771259,-1.1450596229657,0.00857903082459028,1.61778946786647,-0.78981615051194
"3217",-0.247755979699564,-0.171397673587116,0.362945919636808,-0.753813668392903,1.11100890747069,-0.414293368451472
"3222",-0.292536550763818,-0.0877726003311019,-1.15404021161893,-0.0607393005310451,0.16674785137365,-0.408043924821796
"3225",-0.520696200833671,0.207836513853041,0.291946137590887,-0.561110268113553,-0.699234446749148,0.388096890067413
"3231",-0.520696200833671,0.207836513853041,0.35417535318289,-0.282303895630029,0.0277959691652128,0.444459645332372
"3233",-0.247755979699564,-0.171397673587116,0.426724082731692,-0.38908752670411,-0.23326526778505,0.842857616627177
"3234",-0.247755979699564,-0.171397673587116,-0.445374379491566,-0.255539815386446,-0.153120602186443,0.0400355997981796
"3237",-0.520696200833671,0.207836513853041,0.416194546575582,-0.544325627265013,-0.546318711589179,0.312328856691358
"3238",-0.53220546356425,0.407423284849228,0.354692583184231,-0.635569369421799,-0.19789083555612,-0.206826304744514
"3239",-0.53220546356425,0.407423284849228,0.362945919636808,-0.753813668392903,-0.562295661745213,0.62115041958376
"3240",-0.698852333563524,0.87256071036026,-1.15404021161893,-0.0607393005310451,-0.153120602186443,0.0400355997981796
"3241",-0.457242468617139,0.157140604678315,-1.15404021161893,-0.0607393005310451,-0.0803495326250798,0.767089583251121
"3244",-0.0195963296297108,-0.467006787771259,0.479354885053444,0.670111436559935,-0.392555042296193,0.611669343758987
"3245",1.45637664900317,-1.10015720061931,0.35417535318289,-0.282303895630029,0.879663050528455,0.502788207249843
"3252",-0.184302247483032,-0.222093582761843,-1.03068561193861,0.572247275326935,0.657935097745119,0.928647670335881
"3253",1.45637664900317,-1.10015720061931,-0.49862300643034,-0.465027856514335,-0.22923508300612,-0.152743023258917
"3254",0.955276777799207,-0.425313898995015,0.300926726244117,-0.491791936757918,1.01660183553239,0.735841736766189
"3255",0.424500490499764,-0.405991819161806,0.223184403645013,-0.81444684488958,-0.0449751003961507,-0.282594338120569
"3260",-0.0195963296297108,-0.467006787771259,0.300926726244117,-0.491791936757918,-0.19789083555612,-0.206826304744514
"3263",-0.247755979699564,-0.171397673587116,0.425175135228812,-0.475007295909378,-0.211246274292752,0.778331789025506
"3267",2.32799094120143,1.86746581759911,-1.22607171116639,-0.307221143248734,0.930092336119038,-0.818717413985665
"3268",1.22821699893331,-0.804548086435172,-1.09181099602692,0.21806707195248,-0.153120602186443,0.0400355997981796
"3269",-0.292536550763818,-0.0877726003311019,0.582140622409021,0.253614610956441,-0.0449751003961507,-0.282594338120569
"3270",-0.520696200833671,0.207836513853041,0.653795542653449,0.7630329148918,-0.306036337346413,0.115803633174235
"3274",-0.292536550763818,-0.0877726003311019,0.238697510652113,-0.770598309241443,0.633560090951214,-0.923479796310237
"3276",-0.184302247483032,-0.222093582761843,0.291946137590887,-0.561110268113553,-0.315198277746483,-0.553983088489157
"3277",-0.457242468617139,0.157140604678315,-1.22607171116639,-0.307221143248734,-0.79435650581772,-0.337091836737373
"3278",1.22821699893331,-0.804548086435172,0.519017597512643,0.591010173482356,-0.22923508300612,-0.152743023258917
"3280",0.511179957669733,-0.486328867604468,-1.03068561193861,0.572247275326935,0.328904703784956,0.706940473292463
"3281",-0.36749954571093,0.162510079839811,0.582140622409021,0.253614610956441,-0.153120602186443,0.0400355997981796
"3283",-0.36749954571093,0.162510079839811,-1.15404021161893,-0.0607393005310451,0.16674785137365,-0.408043924821796
"3287",-0.184302247483032,-0.222093582761843,0.238697510652113,-0.770598309241443,0.395623383463885,-0.396826729564824
"3297",-0.247755979699564,-0.171397673587116,-0.163191219284989,1.32329132765187,-0.217288317629016,0.534036053734775
"3299",-0.36749954571093,0.162510079839811,0.438672954278734,-0.166984700680473,0.543178619791114,-0.0282758623294542
"3300",-0.350949117482305,0.243043842749189,0.425175135228812,-0.475007295909378,0.22331016623102,0.419803662290521
"3302",-0.595659195780783,0.458119194023954,-1.2072888385577,-0.270227341658935,0.0671096606888131,0.486918749695364
"3303",0.163276741588514,0.143188000006602,0.241665793545925,-0.617813814573442,-0.562295661745213,0.62115041958376
"3304",-0.292536550763818,-0.0877726003311019,0.238697510652113,-0.770598309241443,0.205546135600828,-0.152770333771513
"3306",-0.457242468617139,0.157140604678315,-0.517405879039027,-0.502021658104135,0.313691637391121,-0.475400271690262
"3307",-0.623889338616413,0.622278030189346,0.425175135228812,-0.475007295909378,-0.538655767700198,-0.291170907420752
"3308",-0.247755979699564,-0.171397673587116,0.698377706782158,1.0345055157733,-0.217288317629016,0.534036053734775
"3311",-0.292536550763818,-0.0877726003311019,0.488953298323696,-0.110281154220585,-0.0444584292110597,0.822858338183036
"3313",-0.698852333563524,0.87256071036026,-0.92696875169717,1.09138114106486,0.321354581280101,-1.07890003580237
"3316",-0.184302247483032,-0.222093582761843,-1.04134276272426,0.52771289656252,0.364795807198976,0.762709228224378
"3319",-0.247755979699564,-0.171397673587116,0.406392262620124,-0.512001097499178,0.885705093864719,0.747083942540573
"3320",-0.184302247483032,-0.222093582761843,-0.92696875169717,1.09138114106486,-0.2844095405059,0.289039405840238
"3321",-0.457242468617139,0.157140604678315,0.35417535318289,-0.282303895630029,0.396140054648976,0.708625946738782
"3322",0.424500490499764,-0.405991819161806,0.437945702078082,-0.354547331007212,0.585164028183756,0.201593686882939
"3324",-0.0195963296297108,-0.467006787771259,-1.22607171116639,-0.307221143248734,0.966013073020958,-0.715082249835742
"3329",-0.520696200833671,0.207836513853041,0.241665793545925,-0.617813814573442,-0.23326526778505,0.842857616627177
"3330",-0.184302247483032,-0.222093582761843,0.300926726244117,-0.491791936757918,-0.0449751003961507,-0.282594338120569
"3334",-0.595659195780783,0.458119194023954,0.481103561188016,0.130768410080746,0.278317205162192,0.574283649681429
"3341",-0.53220546356425,0.407423284849228,-1.21389347091372,0.269801527936533,0.395623383463885,-0.396826729564824
"3344",-0.292536550763818,-0.0877726003311019,0.233713939801123,-0.659208744328676,0.102580135931078,0.0859565291148
"3346",-0.595659195780783,0.458119194023954,0.34416304702812,-0.790807469982703,-0.370204052788985,0.609804087110831
"3349",-0.520696200833671,0.207836513853041,-1.16384249557438,-0.0284147707652094,0.278317205162192,0.574283649681429
"3350",3.08692687857072,1.55253462358175,-1.06012563533295,0.49071909497272,0.987808552318748,0.180158269331093
"3351",-0.292536550763818,-0.0877726003311019,-0.92696875169717,1.09138114106486,0.0665929895037224,-0.618533926608241
"3353",-0.53220546356425,0.407423284849228,0.35417535318289,-0.282303895630029,0.718915689022228,0.460051258237175
"3354",-0.292536550763818,-0.0877726003311019,-0.322019779811246,0.377446760471534,0.0138321162136806,-0.33227589144574
"3360",-0.184302247483032,-0.222093582761843,0.35417535318289,-0.282303895630029,0.943830765971027,0.00878775331324681
"3362",-0.184302247483032,-0.222093582761843,0.519017597512643,0.591010173482356,-0.482150996146607,-0.181671597245238
"3364",-0.595659195780783,0.458119194023954,0.457892213424327,0.236829970107901,0.0665929895037224,-0.618533926608241
"3365",-0.0195963296297108,-0.467006787771259,0.35417535318289,-0.282303895630029,0.0138321162136806,-0.33227589144574
"3367",-0.595659195780783,0.458119194023954,0.416921798776234,-0.356762996938274,-0.562295661745213,0.62115041958376
"3369",-0.595659195780783,0.458119194023954,0.34416304702812,-0.790807469982703,-0.858524221260292,0.156908617199223
"3371",-0.0195963296297108,-0.467006787771259,0.373475455792918,-0.598575567831999,-0.374005494356314,-0.504301535163987
"3372",-0.36749954571093,0.162510079839811,0.653795542653449,0.7630329148918,0.824154009999362,-0.0620835157999427
"3375",-0.623889338616413,0.622278030189346,0.35417535318289,-0.282303895630029,-0.0415525122865705,-0.295903988689492
"3378",-0.247755979699564,-0.171397673587116,0.425175135228812,-0.475007295909378,-0.105720227729143,0.198096465247103
"3381",-0.292536550763818,-0.0877726003311019,0.539549146255902,0.0886609485929665,0.364279136013886,-0.342743448079227
"3383",-0.247755979699564,-0.171397673587116,0.219914638043425,-0.807592110831242,0.00242527406115016,-0.124533472671645
"3384",-0.247755979699564,-0.171397673587116,0.291946137590887,-0.561110268113553,0.229352209567284,0.664099397581252
"3385",-0.457242468617139,0.157140604678315,0.478423762167585,-0.265519254781489,0.300111420571313,0.151257005857368
"3397",-0.520696200833671,0.207836513853041,0.643266006497338,0.607794814330896,-0.153120602186443,0.0400355997981796
"3398",-0.36749954571093,0.162510079839811,0.384697075139308,-0.564035372135102,-0.474488052257626,-0.785171361357347
"3400",-0.53220546356425,0.407423284849228,0.435704671384922,-0.319769195348475,-0.482150996146607,-0.181671597245238
"3407",0.678035411717584,0.826120072991082,-1.22607171116639,-0.307221143248734,-0.153120602186443,0.0400355997981796
"3410",0.678035411717584,0.826120072991082,0.219914638043425,-0.807592110831242,0.031218557274793,0.431149994763449
"3411",-0.0195963296297108,-0.467006787771259,-1.22607171116639,-0.307221143248734,0.278315941273523,-0.743983513309467
"3413",-0.520696200833671,0.207836513853041,0.643266006497338,0.607794814330896,-0.635066731306576,-0.105903563869182
"3415",0.469281061564018,-0.48961689241782,0.35417535318289,-0.282303895630029,-0.409379926585243,0.545382386207703
"3416",0.405095190583477,1.20535426043124,0.519017597512643,0.591010173482356,0.214148225830951,-0.249983059372872
"3417",-0.292536550763818,-0.0877726003311019,0.582140622409021,0.253614610956441,-0.262058550998692,0.287174149192082
"3419",-0.457242468617139,0.157140604678315,0.478423762167585,-0.265519254781489,0.525414589160922,-0.600849858391488
"3423",-0.53220546356425,0.407423284849228,0.35417535318289,-0.282303895630029,-0.0415525122865705,-0.295903988689492
"3425",-0.53220546356425,0.407423284849228,0.435704671384922,-0.319769195348475,-0.153120602186443,0.0400355997981796
"3427",1.29167073114985,-0.855243995609898,0.425175135228812,-0.475007295909378,0.585164028183756,0.201593686882939
"3428",-0.623889338616413,0.622278030189346,0.34416304702812,-0.790807469982703,-0.546318711589179,0.312328856691358
"3430",-0.0195963296297108,-0.467006787771259,0.478423762167585,-0.265519254781489,-0.23326526778505,0.842857616627177
"3431",-0.184302247483032,-0.222093582761843,0.550078682412012,0.24389904915387,-0.211246274292752,0.778331789025506
"3435",-0.247755979699564,-0.171397673587116,0.362945919636808,-0.753813668392903,-0.19789083555612,-0.206826304744514
"3437",-0.247755979699564,-0.171397673587116,-0.988094135785487,0.737200937690409,-0.79435650581772,-0.337091836737373
"3439",-0.292536550763818,-0.0877726003311019,0.291946137590887,-0.561110268113553,1.3418988006541,-0.170366109874118
"3441",-0.0195963296297108,-0.467006787771259,0.550643150972748,0.233904866086352,0.901845357578386,-0.221081795899146
"3442",-0.0195963296297108,-0.467006787771259,-1.27501885500203,-0.0843786754379221,-0.374005494356314,-0.504301535163987
"3445",1.22821699893331,-0.804548086435172,0.238697510652113,-0.770598309241443,-0.30123442479495,0.222752448288955
"3448",-0.0195963296297108,-0.467006787771259,-1.1450596229657,0.00857903082459028,-0.184464849636443,0.0941188812837757
"3449",-0.53220546356425,0.407423284849228,0.499886433796703,0.167762211670546,-0.315198277746483,-0.553983088489157
"3450",-0.292536550763818,-0.0877726003311019,0.313408809220005,-0.127828801661519,0.598185658722285,0.126204125061454
"3453",-0.595659195780783,0.458119194023954,0.539549146255902,0.0886609485929665,0.287477881673593,-0.0741967916460746
"3454",-0.247755979699564,-0.171397673587116,0.385860713876865,-0.00965187260978815,-0.211246274292752,0.778331789025506
"3457",-0.247755979699564,-0.171397673587116,0.362945919636808,-0.753813668392903,2.38777114497774,0.494149906146595
"3458",-0.247755979699564,-0.171397673587116,0.477319930663898,-0.190145423890558,-0.0415525122865705,-0.295903988689492
"3461",0.163276741588514,0.143188000006602,-0.92696875169717,1.09138114106486,-0.79435650581772,-0.337091836737373
"3462",-0.457242468617139,0.157140604678315,-1.22607171116639,-0.307221143248734,0.395623383463885,-0.396826729564824
"3463",-0.184302247483032,-0.222093582761843,0.653795542653449,0.7630329148918,-0.19789083555612,-0.206826304744514
"3465",-0.698852333563524,0.87256071036026,0.478423762167585,-0.265519254781489,-0.206536104771099,0.228839649895699
"3466",-0.292536550763818,-0.0877726003311019,0.656851920976913,0.896384118536365,-0.162282542586513,-0.629751121865213
"3471",-0.247755979699564,-0.171397673587116,0.415300737271207,0.0718763077444268,0.287477881673593,-0.0741967916460746
"3472",-0.247755979699564,-0.171397673587116,0.373475455792918,-0.598575567831999,-0.0415525122865705,-0.295903988689492
"3473",-0.520696200833671,0.207836513853041,-1.2072888385577,-0.270227341658935,-0.482150996146607,-0.181671597245238
"3474",0.366087923781277,-0.0751753760815146,-0.445374379491566,-0.255539815386446,0.585164028183756,0.201593686882939
"3475",-0.595659195780783,0.458119194023954,0.490012035839099,0.714645815324351,1.29338190517902,0.450406134946665
"3476",0.163276741588514,0.143188000006602,0.435704671384922,-0.319769195348475,0.287477881673593,-0.0741967916460746
"3477",-0.36749954571093,0.162510079839811,0.219914638043425,-0.807592110831242,0.549220663127378,0.216019872961277
"3479",0.739339607739586,-0.781937981788611,-1.1450596229657,0.00857903082459028,0.287477881673593,-0.0741967916460746
"3481",-0.53220546356425,0.407423284849228,-1.09291482753061,0.29344090284341,-0.858524221260292,0.156908617199223
"3482",0.511179957669733,-0.486328867604468,0.656851920976913,0.896384118536365,0.253227717299103,1.09864881671205
"3484",-0.36749954571093,0.162510079839811,-0.436393790838336,-0.186221484030811,0.607346335233686,-0.52227631626605
"3485",-0.595659195780783,0.458119194023954,0.238697510652113,-0.770598309241443,-0.79435650581772,-0.337091836737373
"3486",-0.520696200833671,0.207836513853041,-1.16384249557438,-0.0284147707652094,-0.153120602186443,0.0400355997981796
"3490",-0.36749954571093,0.162510079839811,0.71797730506523,1.25056432191082,-0.526921229516283,-0.428533501787931
"3491",-0.520696200833671,0.207836513853041,0.71797730506523,1.25056432191082,-0.306036337346413,0.115803633174235
"3492",-0.0195963296297108,-0.467006787771259,-1.22607171116639,-0.307221143248734,-0.209625373740035,-0.0694637103773345
"3493",-0.520696200833671,0.207836513853041,0.479354885053444,0.670111436559935,-0.474488052257626,-0.785171361357347
"3494",-0.247755979699564,-0.171397673587116,0.437945702078082,-0.354547331007212,-0.482150996146607,-0.181671597245238
"3495",0.469281061564018,-0.48961689241782,0.592670158565132,0.408852711517345,0.646144619460864,-0.267002725215767
"3496",0.739339607739586,-0.781937981788611,-1.34705035454949,-0.330860518155611,0.634076762136305,0.181972879993368
"3497",-0.623889338616413,0.622278030189346,-0.436393790838336,-0.186221484030811,-0.482150996146607,-0.181671597245238
"3498",-0.0195963296297108,-0.467006787771259,-1.2072888385577,-0.270227341658935,-0.482150996146607,-0.181671597245238
"3499",-0.595659195780783,0.458119194023954,0.322677881746616,-0.302013640500117,-0.858524221260292,0.156908617199223
"3502",-0.457242468617139,0.157140604678315,-0.322019779811246,0.377446760471534,-0.699234446749148,0.388096890067413
"3503",-0.53220546356425,0.407423284849228,0.356341287280791,-0.213784798797435,-0.465326111857557,-0.115384639693955
"3504",-0.247755979699564,-0.171397673587116,0.238697510652113,-0.770598309241443,-0.19789083555612,-0.206826304744514
"3505",-0.698852333563524,0.87256071036026,0.60360329403814,0.686896077408476,-0.79435650581772,-0.337091836737373
"3506",-0.520696200833671,0.207836513853041,0.426724082731692,-0.38908752670411,-0.721585436256357,0.389962146715569
"3507",-0.0195963296297108,-0.467006787771259,-1.34705035454949,-0.330860518155611,0.0665929895037224,-0.618533926608241
"3509",-0.0195963296297108,-0.467006787771259,0.0989359946603178,-0.83123148573812,0.122494289189064,0.450546846939116
"3511",-0.184302247483032,-0.222093582761843,0.425175135228812,-0.475007295909378,0.139364059065086,0.108520056844701
"3513",-0.184302247483032,-0.222093582761843,0.643266006497338,0.607794814330896,-0.184464849636443,0.0941188812837757
"3515",-0.520696200833671,0.207836513853041,0.416921798776234,-0.356762996938274,-0.482150996146607,-0.181671597245238
"3516",-0.0195963296297108,-0.467006787771259,-1.2072888385577,-0.270227341658935,0.543178619791114,-0.0282758623294542
"3518",-0.0195963296297108,-0.467006787771259,0.238697510652113,-0.770598309241443,0.966013073020958,-0.715082249835742
"3520",-0.247755979699564,-0.171397673587116,-1.2072888385577,-0.270227341658935,-0.184464849636443,0.0941188812837757
"3523",-0.698852333563524,0.87256071036026,0.373475455792918,-0.598575567831999,-0.105720227729143,0.198096465247103
"3527",-0.292536550763818,-0.0877726003311019,0.783618541506161,1.83251312391413,-0.635066731306576,-0.105903563869182
"3528",-0.292536550763818,-0.0877726003311019,0.362945919636808,-0.753813668392903,-0.374005494356314,-0.504301535163987
"3532",-0.292536550763818,-0.0877726003311019,-1.2072888385577,-0.270227341658935,-0.79435650581772,-0.337091836737373
"3533",-0.0195963296297108,-0.467006787771259,-1.2072888385577,-0.270227341658935,0.191026772439878,-0.0324000947346335
"3535",-0.457242468617139,0.157140604678315,0.416194546575582,-0.544325627265013,-0.374005494356314,-0.504301535163987
"3537",-0.247755979699564,-0.171397673587116,0.35417535318289,-0.282303895630029,-0.79435650581772,-0.337091836737373
"3538",0.697440711633871,-0.785226006601963,-1.2072888385577,-0.270227341658935,1.07415857481125,-1.03771218775449
"3539",-0.247755979699564,-0.171397673587116,0.416194546575582,-0.544325627265013,-0.388524857517264,-0.383931296127108
"3542",-0.36749954571093,0.162510079839811,0.241967276253701,-0.77745304329978,-0.721585436256357,0.389962146715569
"3545",-0.457242468617139,0.157140604678315,0.238697510652113,-0.770598309241443,-0.430510265909906,-0.613800845339501
"3547",1.29167073114985,-0.855243995609898,0.415300737271207,0.0718763077444268,0.364279136013886,-0.342743448079227
"3548",-0.457242468617139,0.157140604678315,0.354692583184231,-0.635569369421799,-0.409379926585243,0.545382386207703
"3550",1.01873051001574,-0.476009808169741,0.35417535318289,-0.282303895630029,-0.409379926585243,0.545382386207703
"3552",0.739339607739586,-0.781937981788611,0.477319930663898,-0.190145423890558,-0.409379926585243,0.545382386207703
"3555",-0.184302247483032,-0.222093582761843,0.653795542653449,0.7630329148918,1.72593496965677,-1.11244608843069
"3560",-0.457242468617139,0.157140604678315,0.415300737271207,0.0718763077444268,-0.699234446749148,0.388096890067413
"3563",1.22821699893331,-0.804548086435172,0.0989359946603178,-0.83123148573812,-0.337380584796413,0.169886914659831
"3565",-0.457242468617139,0.157140604678315,0.404643586485553,0.0273419289800116,0.607346335233686,-0.52227631626605
"3566",-0.247755979699564,-0.171397673587116,0.550078682412012,0.24389904915387,-0.211246274292752,0.778331789025506
"3568",-0.247755979699564,-0.171397673587116,0.34416304702812,-0.790807469982703,-0.79435650581772,-0.337091836737373
"3570",-0.457242468617139,0.157140604678315,0.425175135228812,-0.475007295909378,1.11246533382737,0.0459820894124717
"3573",-0.184302247483032,-0.222093582761843,-1.1450596229657,0.00857903082459028,0.585164028183756,0.201593686882939
"3574",1.45637664900317,-1.10015720061931,-1.04134276272426,0.52771289656252,0.14456554432372,0.315826078327193
"3578",-0.457242468617139,0.157140604678315,0.415300737271207,0.0718763077444268,-0.0415525122865705,-0.295903988689492
"3579",-0.184302247483032,-0.222093582761843,0.34416304702812,-0.790807469982703,0.300111420571313,0.151257005857368
"3580",-0.184302247483032,-0.222093582761843,-1.1450596229657,0.00857903082459028,-0.635066731306576,-0.105903563869182
"3583",-0.0195963296297108,-0.467006787771259,0.435704671384922,-0.319769195348475,-0.153120602186443,0.0400355997981796
"3584",-0.53220546356425,0.407423284849228,0.656851920976913,0.896384118536365,-0.465326111857557,-0.115384639693955
"3586",-0.698852333563524,0.87256071036026,0.648840596365355,1.66049038250468,-0.23326526778505,0.842857616627177
"3589",-0.247755979699564,-0.171397673587116,-1.2072888385577,-0.270227341658935,-0.482150996146607,-0.181671597245238
"3592",-0.36749954571093,0.162510079839811,0.4376572182047,-0.111044160812979,0.607346335233686,-0.52227631626605
"3595",-0.595659195780783,0.458119194023954,-0.218302919569809,0.896580626209464,-0.306036337346413,0.115803633174235
"3597",-0.350949117482305,0.243043842749189,0.51010912286156,0.00713276823875158,-0.211246274292752,0.778331789025506
"3598",-0.36749954571093,0.162510079839811,0.170967494207779,-0.58474964302043,-0.162282542586513,-0.629751121865213
"3605",-0.520696200833671,0.207836513853041,-0.351459803205588,0.295918580117319,-0.106659374070286,-0.308190573263648
"3609",-0.457242468617139,0.157140604678315,0.499886433796703,0.167762211670546,-0.306036337346413,0.115803633174235
"3616",-0.292536550763818,-0.0877726003311019,0.291946137590887,-0.561110268113553,0.0644208787251139,1.11864809515619
"3618",-0.0195963296297108,-0.467006787771259,0.51010912286156,0.00713276823875158,0.160775902231151,-0.399632238314206
"3619",0.226730473805046,0.092492090831876,-1.03068561193861,0.572247275326935,0.287477881673593,-0.0741967916460746
"3620",0.739339607739586,-0.781937981788611,0.582140622409021,0.253614610956441,0.14456554432372,0.315826078327193
"3622",-0.0195963296297108,-0.467006787771259,-0.436393790838336,-0.186221484030811,0.657935097745119,0.928647670335881
"3624",-0.0195963296297108,-0.467006787771259,0.238697510652113,-0.770598309241443,-0.0415525122865705,-0.295903988689492
"3628",-0.292536550763818,-0.0877726003311019,-1.09181099602692,0.21806707195248,0.0138321162136806,-0.33227589144574
"3630",-0.53220546356425,0.407423284849228,-1.15404021161893,-0.0607393005310451,-0.474488052257626,-0.785171361357347
"3631",0.678035411717584,0.826120072991082,-1.04134276272426,0.52771289656252,-0.79435650581772,-0.337091836737373
"3632",-0.623889338616413,0.622278030189346,0.300926726244117,-0.491791936757918,-0.26534332138093,0.278521203220869
"3635",-0.595659195780783,0.458119194023954,0.373475455792918,-0.598575567831999,0.943830765971027,0.00878775331324681
"3637",-0.0195963296297108,-0.467006787771259,0.34416304702812,-0.790807469982703,-0.635066731306576,-0.105903563869182
"3638",-0.0195963296297108,-0.467006787771259,-1.22607171116639,-0.307221143248734,-0.379365993189055,-0.0599826345525617
"3640",-0.595659195780783,0.458119194023954,0.77308900535005,1.67727502335322,-0.685694332842336,0.445730901647483
"3643",0.405095190583477,1.20535426043124,-1.03068561193861,0.572247275326935,0.0665929895037224,-0.618533926608241
"3645",-0.292536550763818,-0.0877726003311019,0.539549146255902,0.0886609485929665,-0.370204052788985,0.609804087110831
"3650",-0.0195963296297108,-0.467006787771259,0.488953298323696,-0.110281154220585,-0.686211004027427,-0.659721774656122
"3651",-0.184302247483032,-0.222093582761843,-1.16384249557438,-0.0284147707652094,-0.315198277746483,-0.553983088489157
"3653",-0.623889338616413,0.622278030189346,0.34416304702812,-0.790807469982703,0.205546135600828,-0.152770333771513
"3654",1.29167073114985,-0.855243995609898,0.519017597512643,0.591010173482356,0.256133634223593,-0.0201135101604785
"3658",-0.595659195780783,0.458119194023954,0.425175135228812,-0.475007295909378,0.585164028183756,0.201593686882939
"3659",-0.520696200833671,0.207836513853041,-1.2072888385577,-0.270227341658935,-0.306036337346413,0.115803633174235
"3661",0.301693468752157,-0.157790589339037,0.238697510652113,-0.770598309241443,-0.540276668252915,0.556624591982088
"3663",-0.292536550763818,-0.0877726003311019,0.481103561188016,0.130768410080746,0.0138321162136806,-0.33227589144574
"3664",-0.595659195780783,0.458119194023954,0.479643368926827,0.426608266365702,-0.0415525122865705,-0.295903988689492
"3665",-0.184302247483032,-0.222093582761843,-0.266908079526426,0.804157461913938,-0.0449751003961507,-0.282594338120569
"3666",-0.623889338616413,0.622278030189346,0.643266006497338,0.607794814330896,-0.153120602186443,0.0400355997981796
"3668",-0.53220546356425,0.407423284849228,0.477319930663898,-0.190145423890558,-0.145457658297463,-0.56346416431393
"3670",-0.184302247483032,-0.222093582761843,-1.15404021161893,-0.0607393005310451,0.287477881673593,-0.0741967916460746
"3672",-0.0195963296297108,-0.467006787771259,0.373475455792918,-0.598575567831999,1.51426679734889,0.994743269908831
"3673",-0.698852333563524,0.87256071036026,0.488953298323696,-0.110281154220585,-0.373488823171223,0.601151141139618
"3677",-0.247755979699564,-0.171397673587116,0.238697510652113,-0.770598309241443,0.966013073020958,-0.715082249835742
"3678",-0.350949117482305,0.243043842749189,-0.322019779811246,0.377446760471534,-0.0415525122865705,-0.295903988689492
"3682",0.405095190583477,1.20535426043124,-1.2072888385577,-0.270227341658935,-0.20705277595619,-0.876613026407906
"3684",1.61095389993784,2.18568503642981,-0.988094135785487,0.737200937690409,0.629141814531476,0.372964202900786
"3688",-0.457242468617139,0.157140604678315,-1.06012563533295,0.49071909497272,0.141378420158256,0.341230120165083
"3690",-0.184302247483032,-0.222093582761843,-1.2072888385577,-0.270227341658935,-0.526921229516283,-0.428533501787931
"3692",0.913322158590549,0.892558175667467,-1.06012563533295,0.49071909497272,-0.686211004027427,-0.659721774656122
"3693",-0.0195963296297108,-0.467006787771259,-1.16384249557438,-0.0284147707652094,0.607346335233686,-0.52227631626605
"3695",-0.457242468617139,0.157140604678315,0.643266006497338,0.607794814330896,0.0277959691652128,0.444459645332372
"3696",-0.292536550763818,-0.0877726003311019,0.219914638043425,-0.807592110831242,0.274893353163943,-0.730673862740544
"3697",-0.520696200833671,0.207836513853041,-1.34705035454949,-0.330860518155611,0.360248951234956,0.652857191806867
"3698",-0.457242468617139,0.157140604678315,0.219914638043425,-0.807592110831242,0.607346335233686,-0.52227631626605
"3700",0.424500490499764,-0.405991819161806,0.528891995470248,0.0441265698285513,1.18181381527915,0.786345723434336
"3701",-0.292536550763818,-0.0877726003311019,0.643266006497338,0.607794814330896,0.16674785137365,-0.408043924821796
"3704",-0.184302247483032,-0.222093582761843,0.362945919636808,-0.753813668392903,-0.120572910030736,0.630079715125939
"3705",-0.0195963296297108,-0.467006787771259,-1.2072888385577,-0.270227341658935,0.16674785137365,-0.408043924821796
"3708",-0.0195963296297108,-0.467006787771259,-0.517405879039027,-0.502021658104135,-0.226450258029085,-0.135750667928618
"3713",-0.36749954571093,0.162510079839811,-1.32826748194081,-0.293866716565812,-0.357180610067264,-0.438014577612704
"3716",-0.0195963296297108,-0.467006787771259,0.362945919636808,-0.753813668392903,0.322293727621244,-0.572612997291621
"3717",-0.0195963296297108,-0.467006787771259,-1.2072888385577,-0.270227341658935,0.287477881673593,-0.0741967916460746
"3720",-0.36749954571093,0.162510079839811,0.60360329403814,0.686896077408476,0.754806792436248,0.515820013169089
"3721",-0.292536550763818,-0.0877726003311019,0.60714292951661,0.87933478513177,0.031218557274793,0.431149994763449
"3726",0.405095190583477,1.20535426043124,0.519017597512643,0.591010173482356,2.20193429560843,0.975778124164548
"3727",-0.184302247483032,-0.222093582761843,0.478423762167585,-0.265519254781489,0.980681098630471,0.632206572616265
"3729",-0.520696200833671,0.207836513853041,0.34416304702812,-0.790807469982703,-0.526921229516283,-0.428533501787931
"3730",-0.520696200833671,0.207836513853041,-1.03068561193861,0.572247275326935,-0.482150996146607,-0.181671597245238
"3733",-0.247755979699564,-0.171397673587116,0.553135060735477,0.377250252798436,-0.465326111857557,-0.115384639693955
"3735",0.678035411717584,0.826120072991082,-1.21389347091372,0.269801527936533,-0.465326111857557,-0.115384639693955
"3737",-0.0195963296297108,-0.467006787771259,-1.04134276272426,0.52771289656252,0.585164028183756,0.201593686882939
"3738",-0.0195963296297108,-0.467006787771259,-1.22607171116639,-0.307221143248734,0.096608186788579,0.0943682156223898
"3744",-0.457242468617139,0.157140604678315,-1.2072888385577,-0.270227341658935,0.754290121251157,-0.589632663134516
"3745",-0.698852333563524,0.87256071036026,0.532431630948718,0.236565277551846,0.252711046114013,-0.00680385959155561
"3746",-0.0195963296297108,-0.467006787771259,0.362945919636808,-0.753813668392903,-0.693192403412884,0.632392625358144
"3749",-0.292536550763818,-0.0877726003311019,0.385860713876865,-0.00965187260978815,0.629141814531476,0.372964202900786
"3750",-0.184302247483032,-0.222093582761843,0.34416304702812,-0.790807469982703,-0.217288317629016,0.534036053734775
"3752",-0.457242468617139,0.157140604678315,0.219914638043425,-0.807592110831242,-0.217288317629016,0.534036053734775
"3754",0.0600836038057722,0.557629516342908,0.354692583184231,-0.635569369421799,0.287477881673593,-0.0741967916460746
"3756",-0.595659195780783,0.458119194023954,0.60360329403814,0.686896077408476,-0.19789083555612,-0.206826304744514
"3767",-0.247755979699564,-0.171397673587116,-1.06012563533295,0.49071909497272,-0.103100772502459,0.455701851106757
"3768",-0.457242468617139,0.157140604678315,-0.445374379491566,-0.255539815386446,-0.374005494356314,-0.504301535163987
"3770",-0.623889338616413,0.622278030189346,0.385860713876865,-0.00965187260978815,-0.45415015995492,0.29852048166501
"3774",-0.247755979699564,-0.171397673587116,-1.22607171116639,-0.307221143248734,-0.699234446749148,0.388096890067413
"3779",-0.292536550763818,-0.0877726003311019,0.327208110977703,0.0205545648410479,-0.162282542586513,-0.629751121865213
"3783",-0.457242468617139,0.157140604678315,0.539549146255902,0.0886609485929665,-0.109142815838723,0.211406115816026
"3785",-0.292536550763818,-0.0877726003311019,0.354692583184231,-0.635569369421799,-0.366342550467334,-1.1078012992761
"3787",-0.457242468617139,0.157140604678315,0.219914638043425,-0.807592110831242,0.607346335233686,-0.52227631626605
"3789",-0.623889338616413,0.622278030189346,0.385860713876865,-0.00965187260978815,-0.374005494356314,-0.504301535163987
"3790",-0.247755979699564,-0.171397673587116,0.648840596365355,1.66049038250468,0.287477881673593,-0.0741967916460746
"3791",-0.520696200833671,0.207836513853041,-1.2072888385577,-0.270227341658935,-0.109142815838723,0.211406115816026
"3792",-0.36749954571093,0.162510079839811,0.429403881752123,0.00720013815812524,0.16674785137365,-0.408043924821796
"3794",-0.623889338616413,0.622278030189346,0.584820421429452,0.649902275818676,-0.529493827300129,0.378615814242641
"3795",-0.184302247483032,-0.222093582761843,0.35417535318289,-0.282303895630029,-0.262058550998692,0.287174149192082
"3796",-0.292536550763818,-0.0877726003311019,0.488953298323696,-0.110281154220585,-0.11169378007508,0.821172864736717
"3798",-0.0195963296297108,-0.467006787771259,0.584820421429452,0.649902275818676,-0.465326111857557,-0.115384639693955
"3799",-0.623889338616413,0.622278030189346,0.425175135228812,-0.475007295909378,-0.217288317629016,0.534036053734775
"3802",-0.247755979699564,-0.171397673587116,-0.3326769305969,0.332912381707119,-0.184464849636443,0.0941188812837757
"3809",-0.0195963296297108,-0.467006787771259,0.669372145108614,1.15814115761529,-0.421348325509836,0.0559858763238917
"3811",0.301693468752157,-0.157790589339037,0.238697510652113,-0.770598309241443,1.37732801234496,0.761689740392485
"3812",-0.184302247483032,-0.222093582761843,-1.16384249557438,-0.0284147707652094,-0.0449751003961507,-0.282594338120569
"3813",-0.292536550763818,-0.0877726003311019,0.362945919636808,-0.753813668392903,-0.162282542586513,-0.629751121865213
"3815",-0.292536550763818,-0.0877726003311019,-1.09181099602692,0.21806707195248,-0.11169378007508,0.821172864736717
"3816",-0.0195963296297108,-0.467006787771259,0.648840596365355,1.66049038250468,-0.370204052788985,0.609804087110831
"3818",0.469281061564018,-0.48961689241782,0.426724082731692,-0.38908752670411,1.05197626776132,-0.313842184605502
"3819",-0.350949117482305,0.243043842749189,0.71797730506523,1.25056432191082,-0.140487063288723,0.265489397301622
"3820",-0.247755979699564,-0.171397673587116,0.488953298323696,-0.110281154220585,-0.858524221260292,0.156908617199223
"3824",-0.457242468617139,0.157140604678315,0.415300737271207,0.0718763077444268,0.074257197281371,0.0962334722705453
"3826",-0.184302247483032,-0.222093582761843,0.385860713876865,-0.00965187260978815,0.205546135600828,-0.152770333771513
"3831",-0.698852333563524,0.87256071036026,0.478423762167585,-0.265519254781489,-0.153120602186443,0.0400355997981796
"3834",-0.623889338616413,0.622278030189346,0.362945919636808,-0.753813668392903,-0.79435650581772,-0.337091836737373
"3835",-0.520696200833671,0.207836513853041,0.354692583184231,-0.635569369421799,-0.482150996146607,-0.181671597245238
"3838",-0.0195963296297108,-0.467006787771259,0.34416304702812,-0.790807469982703,-0.315198277746483,-0.553983088489157
"3839",-0.184302247483032,-0.222093582761843,-1.15404021161893,-0.0607393005310451,-0.374005494356314,-0.504301535163987
"3840",-0.520696200833671,0.207836513853041,0.487849466820009,-0.0349073233296545,-0.0803495326250798,0.767089583251121
"3841",-0.247755979699564,-0.171397673587116,0.519017597512643,0.591010173482356,0.256133634223593,-0.0201135101604785
"3843",-0.0195963296297108,-0.467006787771259,0.0989359946603178,-0.83123148573812,-0.101479871949743,-0.392093648296084
"3846",-0.53220546356425,0.407423284849228,0.362945919636808,-0.753813668392903,-0.0449751003961507,-0.282594338120569
"3849",-0.0195963296297108,-0.467006787771259,0.238697510652113,-0.770598309241443,0.607346335233686,-0.52227631626605
"3852",-0.36749954571093,0.162510079839811,0.416194546575582,-0.544325627265013,0.108622179267342,0.330252264405531
"3853",-0.457242468617139,0.157140604678315,0.362945919636808,-0.753813668392903,-0.482150996146607,-0.181671597245238
"3854",-0.247755979699564,-0.171397673587116,0.260448666154613,-0.580820012983642,-0.388524857517264,-0.383931296127108
"3857",-0.247755979699564,-0.171397673587116,0.282143853635429,-0.528785738347718,-0.0415525122865705,-0.295903988689492
"3861",-0.292536550763818,-0.0877726003311019,0.429403881752123,0.00720013815812524,-0.474488052257626,-0.785171361357347
"3863",-0.247755979699564,-0.171397673587116,0.404643586485553,0.0273419289800116,0.693309529974049,-0.12103625103581
"3868",-0.698852333563524,0.87256071036026,0.488953298323696,-0.110281154220585,-0.19789083555612,-0.206826304744514
"3871",-0.698852333563524,0.87256071036026,0.416194546575582,-0.544325627265013,0.718915689022228,0.460051258237175
"3872",-0.0195963296297108,-0.467006787771259,0.457892213424327,0.236829970107901,0.525414589160922,-0.600849858391488
"3874",-0.595659195780783,0.458119194023954,0.34416304702812,-0.790807469982703,0.287477881673593,-0.0741967916460746
"3876",-0.292536550763818,-0.0877726003311019,0.238697510652113,-0.770598309241443,-0.379365993189055,-0.0599826345525617
"3877",-0.520696200833671,0.207836513853041,0.291946137590887,-0.561110268113553,-0.699234446749148,0.388096890067413
"3879",-0.350949117482305,0.243043842749189,0.35417535318289,-0.282303895630029,0.0665929895037224,-0.618533926608241
"3880",2.36988983730714,1.87075384241246,-1.16384249557438,-0.0284147707652094,0.278315941273523,-0.743983513309467
"3882",-0.0195963296297108,-0.467006787771259,-1.1450596229657,0.00857903082459028,-0.0444584292110597,0.822858338183036
"3883",-0.0195963296297108,-0.467006787771259,0.356855152203321,0.113983769232207,-0.79435650581772,-0.337091836737373
"3886",-0.292536550763818,-0.0877726003311019,-0.445374379491566,-0.255539815386446,-0.474488052257626,-0.785171361357347
"3888",0.391436391658367,-0.15242111417754,0.477319930663898,-0.190145423890558,0.0997953109540431,0.0689641737845002
"3890",-0.0195963296297108,-0.467006787771259,0.238697510652113,-0.770598309241443,0.966013073020958,-0.715082249835742
"3892",-0.698852333563524,0.87256071036026,0.404643586485553,0.0273419289800116,-0.011537315001714,0.416998153541139
"3893",-0.698852333563524,0.87256071036026,0.478423762167585,-0.265519254781489,-0.482150996146607,-0.181671597245238
"3894",-0.595659195780783,0.458119194023954,0.457892213424327,0.236829970107901,-0.357180610067264,-0.438014577612704
"3895",0.511179957669733,-0.486328867604468,0.295215903192474,-0.56796500217189,0.256133634223593,-0.0201135101604785
"3899",-0.0195963296297108,-0.467006787771259,0.478423762167585,-0.265519254781489,-0.306036337346413,0.115803633174235
"3900",0.739339607739586,-0.781937981788611,-1.21389347091372,0.269801527936533,0.102580135931078,0.0859565291148
"3901",-0.247755979699564,-0.171397673587116,0.653795542653449,0.7630329148918,-0.577548831052043,0.123100963728734
"3904",-0.247755979699564,-0.171397673587116,0.478423762167585,-0.265519254781489,0.0644208787251139,1.11864809515619
"3909",-0.457242468617139,0.157140604678315,0.34416304702812,-0.790807469982703,1.72593496965677,-1.11244608843069
"3915",-0.520696200833671,0.207836513853041,-1.09181099602692,0.21806707195248,-0.217288317629016,0.534036053734775
"3918",-0.0195963296297108,-0.467006787771259,0.426724082731692,-0.38908752670411,0.607346335233686,-0.52227631626605
"3919",0.574633689886265,-0.537024776779195,-1.22607171116639,-0.307221143248734,-0.105720227729143,0.198096465247103
"3920",-0.184302247483032,-0.222093582761843,0.219914638043425,-0.807592110831242,-0.306036337346413,0.115803633174235
"3921",0.259794572646443,-0.161078614152389,0.539549146255902,0.0886609485929665,-0.482150996146607,-0.181671597245238
"3925",-0.53220546356425,0.407423284849228,0.300926726244117,-0.491791936757918,-0.306036337346413,0.115803633174235
"3930",-0.595659195780783,0.458119194023954,0.528891995470248,0.0441265698285513,-0.721585436256357,0.389962146715569
"3931",0.739339607739586,-0.781937981788611,0.238697510652113,-0.770598309241443,0.364279136013886,-0.342743448079227
"3932",-0.457242468617139,0.157140604678315,0.35417535318289,-0.282303895630029,-0.105720227729143,0.198096465247103
"3933",-0.457242468617139,0.157140604678315,0.362945919636808,-0.753813668392903,0.386461443063816,-1.06661345122822
"3934",0.196340840429911,-0.110382704977663,0.373475455792918,-0.598575567831999,0.525414589160922,-0.600849858391488
"3936",0.697440711633871,-0.785226006601963,0.478423762167585,-0.265519254781489,0.585164028183756,0.201593686882939
"3937",-0.350949117482305,0.243043842749189,0.34416304702812,-0.790807469982703,-0.153120602186443,0.0400355997981796
"3938",-0.520696200833671,0.207836513853041,0.435704671384922,-0.319769195348475,-0.162282542586513,-0.629751121865213
"3943",-0.0195963296297108,-0.467006787771259,-1.22607171116639,-0.307221143248734,-0.409379926585243,0.545382386207703
"3944",-0.0195963296297108,-0.467006787771259,0.233713939801123,-0.659208744328676,0.287477881673593,-0.0741967916460746
"3947",-0.623889338616413,0.622278030189346,0.519017597512643,0.591010173482356,-0.562295661745213,0.62115041958376
"3948",-0.520696200833671,0.207836513853041,0.519017597512643,0.591010173482356,-0.153120602186443,0.0400355997981796
"3949",-0.184302247483032,-0.222093582761843,0.582140622409021,0.253614610956441,-0.184464849636443,0.0941188812837757
"3950",-0.350949117482305,0.243043842749189,0.291946137590887,-0.561110268113553,0.360248951234956,0.652857191806867
"3954",-0.247755979699564,-0.171397673587116,0.34416304702812,-0.790807469982703,-0.79435650581772,-0.337091836737373
"3955",-0.53220546356425,0.407423284849228,0.385860713876865,-0.00965187260978815,-0.0444584292110597,0.822858338183036
"3956",-0.292536550763818,-0.0877726003311019,0.362945919636808,-0.753813668392903,1.44149572778753,0.267689286455889
"3957",-0.520696200833671,0.207836513853041,0.238697510652113,-0.770598309241443,-0.388524857517264,-0.383931296127108
"3961",-0.0195963296297108,-0.467006787771259,-0.218302919569809,0.896580626209464,-0.374005494356314,-0.504301535163987
"3962",-0.520696200833671,0.207836513853041,0.519017597512643,0.591010173482356,-0.529493827300129,0.378615814242641
"3963",-0.292536550763818,-0.0877726003311019,0.362945919636808,-0.753813668392903,-0.635066731306576,-0.105903563869182
"3965",1.43697134908688,0.51118887897373,0.300926726244117,-0.491791936757918,-0.153120602186443,0.0400355997981796
"3966",1.45637664900317,-1.10015720061931,0.291946137590887,-0.561110268113553,0.801971702949432,0.661786487349046
"3968",-0.457242468617139,0.157140604678315,0.34416304702812,-0.790807469982703,0.395623383463885,-0.396826729564824
"3972",-0.36749954571093,0.162510079839811,0.35417535318289,-0.282303895630029,-0.197374164371029,0.898626371559091
"3976",-0.698852333563524,0.87256071036026,-0.455176663447024,-0.22321528562061,-0.546318711589179,0.312328856691358
"3978",-0.247755979699564,-0.171397673587116,-1.2072888385577,-0.270227341658935,-0.315198277746483,-0.553983088489157
"3979",-0.595659195780783,0.458119194023954,0.373475455792918,-0.598575567831999,-0.392555042296193,0.611669343758987
"3981",-0.457242468617139,0.157140604678315,0.643266006497338,0.607794814330896,-0.11169378007508,0.821172864736717
"3983",2.15400839035046,0.192969660143027,-1.15404021161893,-0.0607393005310451,-0.526921229516283,-0.428533501787931
"3986",-0.184302247483032,-0.222093582761843,0.603891777911522,0.443392907214242,-0.26534332138093,0.278521203220869
"3988",-0.0195963296297108,-0.467006787771259,0.362945919636808,-0.753813668392903,0.715491837023979,-0.844906254184799
"3989",-0.520696200833671,0.207836513853041,0.117718867269005,-0.79423768414832,0.549220663127378,0.216019872961277
"3990",0.366087923781277,-0.0751753760815146,-1.34705035454949,-0.330860518155611,1.0473997783094,-0.471560630241021
"3993",-0.292536550763818,-0.0877726003311019,-1.16384249557438,-0.0284147707652094,1.2591227300792,-0.597010216942247
"3996",-0.520696200833671,0.207836513853041,-1.16384249557438,-0.0284147707652094,-0.109142815838723,0.211406115816026
"3997",-0.36749954571093,0.162510079839811,-0.988094135785487,0.737200937690409,-0.374005494356314,-0.504301535163987
"3998",-0.247755979699564,-0.171397673587116,0.720128862284658,1.2242838120311,-0.248632565079016,0.588119335220371
"3999",-0.53220546356425,0.407423284849228,0.51010912286156,0.00713276823875158,-0.686211004027427,-0.659721774656122
"4003",1.45637664900317,-1.10015720061931,-0.988094135785487,0.737200937690409,-0.306036337346413,0.115803633174235
"4004",-0.698852333563524,0.87256071036026,0.643266006497338,0.607794814330896,0.141378420158256,0.341230120165083
"4006",0.238239736535625,-0.107094680164311,0.362945919636808,-0.753813668392903,0.581976904018292,0.226997728720829
"4010",-0.698852333563524,0.87256071036026,0.457892213424327,0.236829970107901,0.68011740479505,0.204777667186892
"4012",-0.247755979699564,-0.171397673587116,0.561300301758402,0.278439244850768,-0.374005494356314,-0.504301535163987
"4014",-0.457242468617139,0.157140604678315,0.519017597512643,0.591010173482356,-0.153120602186443,0.0400355997981796
"4015",-0.520696200833671,0.207836513853041,0.539549146255902,0.0886609485929665,-0.153120602186443,0.0400355997981796
"4017",-0.457242468617139,0.157140604678315,0.425175135228812,-0.475007295909378,0.360248951234956,0.652857191806867
"4018",-0.36749954571093,0.162510079839811,-1.15404021161893,-0.0607393005310451,0.651324121581406,-0.350905800248203
"4019",0.238239736535625,-0.107094680164311,-1.22607171116639,-0.307221143248734,-0.858524221260292,0.156908617199223
"4020",0.697440711633871,-0.785226006601963,0.223184403645013,-0.81444684488958,0.0665929895037224,-0.618533926608241
"4022",-0.350949117482305,0.243043842749189,-0.92696875169717,1.09138114106486,-0.264609515235049,0.896940898112773
"4024",-0.457242468617139,0.157140604678315,0.457892213424327,0.236829970107901,0.0665929895037224,-0.618533926608241
"4025",-0.520696200833671,0.207836513853041,-1.09181099602692,0.21806707195248,0.395623383463885,-0.396826729564824
"4029",-0.36749954571093,0.162510079839811,0.425175135228812,-0.475007295909378,0.395623383463885,-0.396826729564824
"4030",0.469281061564018,-0.48961689241782,0.291946137590887,-0.561110268113553,-0.482150996146607,-0.181671597245238
"4031",-0.184302247483032,-0.222093582761843,0.35417535318289,-0.282303895630029,0.256133634223593,-0.0201135101604785
"4033",-0.184302247483032,-0.222093582761843,-1.09181099602692,0.21806707195248,0.278315941273523,-0.743983513309467
"4035",0.330132195636365,1.45563694060215,0.238697510652113,-0.770598309241443,0.386461443063816,-1.06661345122822
"4040",-0.0195963296297108,-0.467006787771259,0.34416304702812,-0.790807469982703,0.278315941273523,-0.743983513309467
"4041",-0.350949117482305,0.243043842749189,0.426724082731692,-0.38908752670411,0.888674524733006,0.620407281322833
"4043",-0.0195963296297108,-0.467006787771259,-0.638384522422135,-0.525661033011012,0.386461443063816,-1.06661345122822
"4044",-0.0195963296297108,-0.467006787771259,0.241665793545925,-0.617813814573442,0.966013073020958,-0.715082249835742
"4045",-0.0195963296297108,-0.467006787771259,0.490012035839099,0.714645815324351,0.0138321162136806,-0.33227589144574
"4046",0.405095190583477,1.20535426043124,0.219914638043425,-0.807592110831242,0.372498854000952,-0.525081825015432
"4047",-0.0195963296297108,-0.467006787771259,0.490012035839099,0.714645815324351,0.966013073020958,-0.715082249835742
"4049",0.913322158590549,0.892558175667467,-1.1450596229657,0.00857903082459028,0.901845357578386,-0.221081795899146
"4050",1.61095389993784,2.18568503642981,0.708907242938269,1.1897436163342,0.00242527406115016,-0.124533472671645
"4051",0.469281061564018,-0.48961689241782,0.287204578580916,0.196141261796429,-0.0763193478461505,-0.228511056634973
"4052",-0.0195963296297108,-0.467006787771259,-1.06012563533295,0.49071909497272,-0.538655767700198,-0.291170907420752
"4053",-0.292536550763818,-0.0877726003311019,0.291946137590887,-0.561110268113553,-0.79435650581772,-0.337091836737373
"4055",-0.0195963296297108,-0.467006787771259,0.491633097344126,0.28600651064165,-0.538655767700198,-0.291170907420752
"4056",-0.292536550763818,-0.0877726003311019,0.428886651750782,0.360465611949896,-0.162282542586513,-0.629751121865213
"4057",-0.247755979699564,-0.171397673587116,-1.22607171116639,-0.307221143248734,-0.686211004027427,-0.659721774656122
"4058",-0.350949117482305,0.243043842749189,0.416194546575582,-0.544325627265013,0.939254276519108,-0.148930692322272
"4059",-0.0195963296297108,-0.467006787771259,0.532603511992218,0.879599477687825,0.0138321162136806,-0.33227589144574
"4060",-0.292536550763818,-0.0877726003311019,0.384697075139308,-0.564035372135102,0.386461443063816,-1.06661345122822
"4062",-0.595659195780783,0.458119194023954,0.532603511992218,0.879599477687825,0.690122405808585,-0.0956322091979202
"4063",-0.595659195780783,0.458119194023954,0.233713939801123,-0.659208744328676,-0.686211004027427,-0.659721774656122
"4064",0.405095190583477,1.20535426043124,0.395226611295418,-0.408797271574198,-0.474488052257626,-0.785171361357347
"4066",-0.184302247483032,-0.222093582761843,-1.16384249557438,-0.0284147707652094,0.278315941273523,-0.743983513309467
"4067",-0.36749954571093,0.162510079839811,0.418874345596012,-0.148037962402779,-0.401716982696263,-0.0581173779044057
"4068",0.739339607739586,-0.781937981788611,0.553135060735477,0.377250252798436,0.607346335233686,-0.52227631626605
"4069",-0.292536550763818,-0.0877726003311019,0.426724082731692,-0.38908752670411,0.386461443063816,-1.06661345122822
"4070",-0.0195963296297108,-0.467006787771259,0.492163593058527,0.688365305444632,-0.315198277746483,-0.553983088489157
"4072",0.913322158590549,0.892558175667467,-0.988094135785487,0.737200937690409,0.287477881673593,-0.0741967916460746
"4073",0.739339607739586,-0.781937981788611,-1.15404021161893,-0.0607393005310451,0.278315941273523,-0.743983513309467
"4074",-0.36749954571093,0.162510079839811,0.553135060735477,0.377250252798436,-0.206536104771099,0.228839649895699
"4075",-0.0195963296297108,-0.467006787771259,0.499886433796703,0.167762211670546,-0.225765637453702,0.898702028062385
"4076",-0.247755979699564,-0.171397673587116,0.481103561188016,0.130768410080746,-0.79435650581772,-0.337091836737373
"4077",-0.623889338616413,0.622278030189346,0.51010912286156,0.00713276823875158,-0.306036337346413,0.115803633174235
"4078",0.739339607739586,-0.781937981788611,0.219914638043425,-0.807592110831242,-0.370204052788985,0.609804087110831
"4079",-0.184302247483032,-0.222093582761843,-0.988094135785487,0.737200937690409,-0.562295661745213,0.62115041958376
"4081",0.0931477026471694,0.304058811358643,0.60360329403814,0.686896077408476,0.718915689022228,0.460051258237175
"4084",0.469281061564018,-0.48961689241782,0.238697510652113,-0.770598309241443,-0.374005494356314,-0.504301535163987
"4085",-0.623889338616413,0.622278030189346,-1.2072888385577,-0.270227341658935,-0.409379926585243,0.545382386207703
"4086",-0.623889338616413,0.622278030189346,0.4376572182047,-0.111044160812979,-0.79435650581772,-0.337091836737373
"4087",-0.36749954571093,0.162510079839811,0.679901681264724,1.3133792581762,-0.220408214692821,0.108545067362113
"4088",-0.698852333563524,0.87256071036026,0.300926726244117,-0.491791936757918,-0.357180610067264,-0.438014577612704
"4089",-0.0195963296297108,-0.467006787771259,0.510415969952814,0.32300031223145,-0.242427208185119,0.173070894963785
"4090",-0.520696200833671,0.207836513853041,0.519017597512643,0.591010173482356,0.161292573416242,0.705820437989399
"4091",-0.595659195780783,0.458119194023954,-0.988094135785487,0.737200937690409,-0.635066731306576,-0.105903563869182
"4092",1.43697134908688,0.51118887897373,0.362945919636808,-0.753813668392903,-0.554796031413865,0.676994831018968
"4093",-0.0195963296297108,-0.467006787771259,0.624789980979904,0.886668556733794,-0.0541370407962202,-0.952381059783962
"4094",-0.520696200833671,0.207836513853041,0.300926726244117,-0.491791936757918,-0.79435650581772,-0.337091836737373
"4095",1.61095389993784,2.18568503642981,0.37644373868673,-0.445791073163998,1.61778946786647,-0.78981615051194
"4096",-0.292536550763818,-0.0877726003311019,0.532603511992218,0.879599477687825,1.72645164084186,-0.00699341212708379
"4097",-0.0195963296297108,-0.467006787771259,-1.15404021161893,-0.0607393005310451,0.865924620676466,-0.32471696004907
"4098",-0.247755979699564,-0.171397673587116,0.71797730506523,1.25056432191082,-0.392555042296193,0.611669343758987
"4099",-0.520696200833671,0.207836513853041,0.416194546575582,-0.544325627265013,-0.858524221260292,0.156908617199223
"4100",0.581969370737954,1.60260880618791,0.60360329403814,0.686896077408476,-0.858524221260292,0.156908617199223
"4101",-0.520696200833671,0.207836513853041,-0.92696875169717,1.09138114106486,-0.721585436256357,0.389962146715569
"4102",-0.520696200833671,0.207836513853041,0.260448666154613,-0.580820012983642,-0.184464849636443,0.0941188812837757
"4103",-0.292536550763818,-0.0877726003311019,-1.1450596229657,0.00857903082459028,0.715491837023979,-0.844906254184799
"4104",-0.53220546356425,0.407423284849228,0.362945919636808,-0.753813668392903,-0.482150996146607,-0.181671597245238
"4105",1.61095389993784,2.18568503642981,-0.87185705141235,1.51809184250727,0.520996312741184,0.695594140819535
"4106",-0.698852333563524,0.87256071036026,0.282143853635429,-0.528785738347718,-0.686211004027427,-0.659721774656122
"4107",-0.292536550763818,-0.0877726003311019,-1.2072888385577,-0.270227341658935,-0.162282542586513,-0.629751121865213
"4108",-0.457242468617139,0.157140604678315,0.582140622409021,0.253614610956441,-0.591088944958855,0.0654669521486646
"4109",-0.292536550763818,-0.0877726003311019,0.60360329403814,0.686896077408476,-0.0503355992288916,0.161724562490856
"4110",-0.0195963296297108,-0.467006787771259,-1.15404021161893,-0.0607393005310451,-0.337380584796413,0.169886914659831
"4111",-0.0195963296297108,-0.467006787771259,0.294625936611317,-0.164822603251318,-0.162282542586513,-0.629751121865213
"4112",-0.247755979699564,-0.171397673587116,-1.04134276272426,0.52771289656252,-0.526921229516283,-0.428533501787931
"4113",-0.292536550763818,-0.0877726003311019,-1.09181099602692,0.21806707195248,0.0526304004408583,-0.0770023003954569
"4114",1.43697134908688,0.51118887897373,-1.06012563533295,0.49071909497272,0.943830765971027,0.00878775331324681
"4115",0.574633689886265,-0.537024776779195,-0.92696875169717,1.09138114106486,0.525414589160922,-0.600849858391488
"4116",-0.292536550763818,-0.0877726003311019,-1.22607171116639,-0.307221143248734,-0.474488052257626,-0.785171361357347
"4117",-0.0195963296297108,-0.467006787771259,0.561172687128858,0.389142966647256,-0.153120602186443,0.0400355997981796
"4118",0.678035411717584,0.826120072991082,0.4376572182047,-0.111044160812979,0.607346335233686,-0.52227631626605
"4119",-0.36749954571093,0.162510079839811,0.406392262620124,-0.512001097499178,-0.0536203696111294,0.153071616519643
"4121",-0.292536550763818,-0.0877726003311019,-0.988094135785487,0.737200937690409,-0.145457658297463,-0.56346416431393
"4123",-0.247755979699564,-0.171397673587116,0.665017161999838,0.797573110588697,0.328904703784956,0.706940473292463
"4125",-0.623889338616413,0.622278030189346,0.528891995470248,0.0441265698285513,-0.699234446749148,0.388096890067413
"4126",-0.0195963296297108,-0.467006787771259,0.418874345596012,-0.148037962402779,-0.306036337346413,0.115803633174235
"4127",0.739339607739586,-0.781937981788611,0.532603511992218,0.879599477687825,-0.0803495326250798,0.767089583251121
"4129",-0.0195963296297108,-0.467006787771259,0.460572012444757,0.633117634970136,-0.0415525122865705,-0.295903988689492
"4130",-0.520696200833671,0.207836513853041,-0.988094135785487,0.737200937690409,-0.496670359307557,-0.0613013582083589
"4131",-0.0195963296297108,-0.467006787771259,0.36591420253062,-0.601029173724901,0.0526304004408583,-0.0770023003954569
"4132",-0.36749954571093,0.162510079839811,0.605190382696833,0.670609750596274,-0.379365993189055,-0.0599826345525617
"4134",-0.247755979699564,-0.171397673587116,-1.2072888385577,-0.270227341658935,0.126859056997305,0.461600359201962
"4135",-0.595659195780783,0.458119194023954,-0.92696875169717,1.09138114106486,-0.357180610067264,-0.438014577612704
"4136",-0.292536550763818,-0.0877726003311019,0.595349957585562,0.80514037637958,-0.206536104771099,0.228839649895699
"4137",-0.457242468617139,0.157140604678315,0.60714292951661,0.87933478513177,0.160775902231151,-0.399632238314206
"4138",-0.292536550763818,-0.0877726003311019,0.219914638043425,-0.807592110831242,-0.315198277746483,-0.553983088489157
"4140",-0.520696200833671,0.207836513853041,-1.22607171116639,-0.307221143248734,-0.858524221260292,0.156908617199223
"4141",1.29167073114985,-0.855243995609898,0.35417535318289,-0.282303895630029,0.328904703784956,0.706940473292463
"4142",-0.184302247483032,-0.222093582761843,0.35417535318289,-0.282303895630029,-0.0803495326250798,0.767089583251121
"4143",0.697440711633871,-0.785226006601963,0.77308900535005,1.67727502335322,-0.388008186332173,0.721521380176497
"4144",-0.457242468617139,0.157140604678315,0.238697510652113,-0.770598309241443,0.879663050528455,0.502788207249843
"4145",-0.0195963296297108,-0.467006787771259,0.584820421429452,0.649902275818676,0.607346335233686,-0.52227631626605
"4147",0.391436391658367,-0.15242111417754,-0.92696875169717,1.09138114106486,-0.153120602186443,0.0400355997981796
"4149",-0.698852333563524,0.87256071036026,0.300926726244117,-0.491791936757918,-0.858524221260292,0.156908617199223
"4150",-0.292536550763818,-0.0877726003311019,0.375638024812008,0.150977570822006,-0.474488052257626,-0.785171361357347
"4151",0.574633689886265,-0.537024776779195,0.532603511992218,0.879599477687825,-0.79435650581772,-0.337091836737373
"4152",-0.0195963296297108,-0.467006787771259,0.373475455792918,-0.598575567831999,0.715491837023979,-0.844906254184799
"4153",-0.698852333563524,0.87256071036026,0.730658398440769,1.379521912592,-0.23326526778505,0.842857616627177
"4154",-0.595659195780783,0.458119194023954,-0.49862300643034,-0.465027856514335,-0.560838074750129,0.432699095728237
"4155",-0.457242468617139,0.157140604678315,-0.322019779811246,0.377446760471534,-0.75037871947,-0.165721320719526
"4157",-0.0195963296297108,-0.467006787771259,0.582140622409021,0.253614610956441,0.214148225830951,-0.249983059372872
"4158",-0.53220546356425,0.407423284849228,-0.351459803205588,0.295918580117319,-0.635066731306576,-0.105903563869182
"4159",-0.0195963296297108,-0.467006787771259,-1.22607171116639,-0.307221143248734,-0.315198277746483,-0.553983088489157
"4161",-0.457242468617139,0.157140604678315,0.603891777911522,0.443392907214242,-0.374005494356314,-0.504301535163987
"4162",-0.0195963296297108,-0.467006787771259,0.238697510652113,-0.770598309241443,-0.106659374070286,-0.308190573263648
"4163",-0.0195963296297108,-0.467006787771259,0.656851920976913,0.896384118536365,-0.465326111857557,-0.115384639693955
"4164",-0.53220546356425,0.407423284849228,0.427782820247095,0.435839442840826,-0.306036337346413,0.115803633174235
"4166",0.913322158590549,0.892558175667467,-0.988094135785487,0.737200937690409,-0.106659374070286,-0.308190573263648
"4167",-0.53220546356425,0.407423284849228,0.60360329403814,0.686896077408476,-0.153120602186443,0.0400355997981796
"4168",0.405095190583477,1.20535426043124,0.362945919636808,-0.753813668392903,0.287477881673593,-0.0741967916460746
"4170",-0.184302247483032,-0.222093582761843,-1.1450596229657,0.00857903082459028,-0.0415525122865705,-0.295903988689492
"4172",-0.184302247483032,-0.222093582761843,-1.09181099602692,0.21806707195248,-0.0415525122865705,-0.295903988689492
"4173",-0.36749954571093,0.162510079839811,0.614260444823794,0.731430456172891,-0.357180610067264,-0.438014577612704
"4174",-0.0195963296297108,-0.467006787771259,0.479354885053444,0.670111436559935,-0.162282542586513,-0.629751121865213
"4175",-0.184302247483032,-0.222093582761843,-0.92696875169717,1.09138114106486,0.278317205162192,0.574283649681429
"4176",-0.595659195780783,0.458119194023954,-1.03068561193861,0.572247275326935,-0.306036337346413,0.115803633174235
"4177",-0.623889338616413,0.622278030189346,0.675546698155949,0.952811211149601,-0.852482177924028,0.401204352489954
"4178",-0.0195963296297108,-0.467006787771259,-1.1450596229657,0.00857903082459028,0.278315941273523,-0.743983513309467
"4179",-0.457242468617139,0.157140604678315,0.362945919636808,-0.753813668392903,-0.482150996146607,-0.181671597245238
"4180",0.532734793780551,-0.540312801592546,0.384697075139308,-0.564035372135102,-0.231807680789966,0.654406292771654
"4181",0.0931477026471694,0.304058811358643,0.593728896080535,1.23377968106228,-0.635066731306576,-0.105903563869182
"4182",-0.0195963296297108,-0.467006787771259,0.71797730506523,1.25056432191082,-0.315198277746483,-0.553983088489157
"4184",-0.0195963296297108,-0.467006787771259,-1.1450596229657,0.00857903082459028,-0.315198277746483,-0.553983088489157
"4185",-0.247755979699564,-0.171397673587116,0.375638024812008,0.150977570822006,-0.306036337346413,0.115803633174235
"4186",-0.0195963296297108,-0.467006787771259,0.499886433796703,0.167762211670546,-0.145457658297463,-0.56346416431393
"4187",-0.623889338616413,0.622278030189346,0.425175135228812,-0.475007295909378,-0.686211004027427,-0.659721774656122
"4188",-0.520696200833671,0.207836513853041,-1.2072888385577,-0.270227341658935,-0.635066731306576,-0.105903563869182
"4189",-0.0195963296297108,-0.467006787771259,0.584820421429452,0.649902275818676,0.0138321162136806,-0.33227589144574
"4190",2.36988983730714,1.87075384241246,0.313408809220005,-0.127828801661519,0.386461443063816,-1.06661345122822
"4191",-0.36749954571093,0.162510079839811,0.77308900535005,1.67727502335322,-0.162282542586513,-0.629751121865213
"4192",2.36988983730714,1.87075384241246,0.595349957585562,0.80514037637958,0.68011740479505,0.204777667186892
"4193",0.748616240737228,1.13747138067688,-0.436393790838336,-0.186221484030811,-0.0415525122865705,-0.295903988689492
"4194",-0.184302247483032,-0.222093582761843,0.362945919636808,-0.753813668392903,0.16674785137365,-0.408043924821796
"4195",-0.457242468617139,0.157140604678315,0.34416304702812,-0.790807469982703,-0.526921229516283,-0.428533501787931
"4196",0.405095190583477,1.20535426043124,-0.92696875169717,1.09138114106486,-0.19789083555612,-0.206826304744514
"4197",-0.247755979699564,-0.171397673587116,0.478423762167585,-0.265519254781489,0.14456554432372,0.315826078327193
"4199",-0.184302247483032,-0.222093582761843,0.643266006497338,0.607794814330896,-0.364162009452721,0.854099822401562
"4200",-0.0195963296297108,-0.467006787771259,0.282143853635429,-0.528785738347718,0.520996312741184,0.695594140819535
"4201",-0.0195963296297108,-0.467006787771259,-1.15404021161893,-0.0607393005310451,0.585164028183756,0.201593686882939
"4202",-0.520696200833671,0.207836513853041,0.35417535318289,-0.282303895630029,0.386462706952484,0.25165371176268
"4203",-0.247755979699564,-0.171397673587116,-0.92696875169717,1.09138114106486,-0.373488823171223,0.601151141139618
"4204",0.678035411717584,0.826120072991082,0.375638024812008,0.150977570822006,-0.0803495326250798,0.767089583251121
"4205",-0.247755979699564,-0.171397673587116,-1.27501885500203,-0.0843786754379221,0.252711046114013,-0.00680385959155561
"4206",1.29167073114985,-0.855243995609898,0.643266006497338,0.607794814330896,0.205546135600828,-0.152770333771513
"4207",-0.0195963296297108,-0.467006787771259,0.366657436158778,0.0816592394663709,-0.162282542586513,-0.629751121865213
"4208",2.38929513722343,0.259407762819412,-1.04134276272426,0.52771289656252,-0.109142815838723,0.211406115816026
"4209",0.0931477026471694,0.304058811358643,0.584820421429452,0.649902275818676,-0.0449751003961507,-0.282594338120569
"4210",-0.53220546356425,0.407423284849228,0.425175135228812,-0.475007295909378,-0.370204052788985,0.609804087110831
"4211",0.532734793780551,-0.540312801592546,0.667381457133024,1.05162221909727,-0.635066731306576,-0.105903563869182
"4212",0.739339607739586,-0.781937981788611,-1.1450596229657,0.00857903082459028,-0.145457658297463,-0.56346416431393
"4213",1.67225809595985,0.577626981650116,0.584820421429452,0.649902275818676,0.278315941273523,-0.743983513309467
"4214",1.45637664900317,-1.10015720061931,0.120687150162818,-0.641453189480318,0.657935097745119,0.928647670335881
"4215",-0.247755979699564,-0.171397673587116,0.603891777911522,0.443392907214242,-0.0415525122865705,-0.295903988689492
"4216",0.678035411717584,0.826120072991082,0.238697510652113,-0.770598309241443,1.0473997783094,-0.471560630241021
"4219",-0.184302247483032,-0.222093582761843,0.384697075139308,-0.564035372135102,-0.79435650581772,-0.337091836737373
"4221",-0.0195963296297108,-0.467006787771259,0.479354885053444,0.670111436559935,-0.392555042296193,0.611669343758987
"4222",-0.623889338616413,0.622278030189346,0.77308900535005,1.67727502335322,-0.79435650581772,-0.337091836737373
"4223",-0.247755979699564,-0.171397673587116,0.282143853635429,-0.528785738347718,-0.0803495326250798,0.767089583251121
"4224",-0.698852333563524,0.87256071036026,0.425175135228812,-0.475007295909378,-0.858524221260292,0.156908617199223
"4225",-0.457242468617139,0.157140604678315,0.34416304702812,-0.790807469982703,-0.370204052788985,0.609804087110831
"4227",-0.247755979699564,-0.171397673587116,0.219914638043425,-0.807592110831242,-0.79435650581772,-0.337091836737373
"4228",-0.0195963296297108,-0.467006787771259,-0.163191219284989,1.32329132765187,-0.79435650581772,-0.337091836737373
"4229",-0.0195963296297108,-0.467006787771259,-1.2072888385577,-0.270227341658935,-0.79435650581772,-0.337091836737373
"4230",-0.457242468617139,0.157140604678315,0.595349957585562,0.80514037637958,0.0138321162136806,-0.33227589144574
"4231",-0.0195963296297108,-0.467006787771259,0.71797730506523,1.25056432191082,-0.409379926585243,0.545382386207703
"4232",-0.623889338616413,0.622278030189346,-1.22607171116639,-0.307221143248734,-0.685694332842336,0.445730901647483
"4233",-0.0195963296297108,-0.467006787771259,-1.06012563533295,0.49071909497272,0.278315941273523,-0.743983513309467
"4234",-0.292536550763818,-0.0877726003311019,0.291946137590887,-0.561110268113553,-0.699234446749148,0.388096890067413
"4236",-0.36749954571093,0.162510079839811,0.499886433796703,0.167762211670546,0.525414589160922,-0.600849858391488
"4237",1.61095389993784,2.18568503642981,0.71797730506523,1.25056432191082,-0.0541370407962202,-0.952381059783962
"4238",-0.520696200833671,0.207836513853041,0.294625936611317,-0.164822603251318,0.0665929895037224,-0.618533926608241
"4239",-0.520696200833671,0.207836513853041,-1.1450596229657,0.00857903082459028,-0.370204052788985,0.609804087110831
"4240",-0.0195963296297108,-0.467006787771259,0.60360329403814,0.686896077408476,-0.315198277746483,-0.553983088489157
"4241",-0.292536550763818,-0.0877726003311019,-0.49862300643034,-0.465027856514335,0.035458913054193,-0.159040118779737
"4242",-0.520696200833671,0.207836513853041,0.582140622409021,0.253614610956441,-0.00835019083624964,0.391594111703249
"4243",0.330132195636365,1.45563694060215,0.252496812409811,-0.622214942738876,-0.474488052257626,-0.785171361357347
"4244",-0.0195963296297108,-0.467006787771259,0.418874345596012,-0.148037962402779,-0.401716982696263,-0.0581173779044057
"4245",-0.595659195780783,0.458119194023954,0.446926290731311,-0.285228999651577,-0.153120602186443,0.0400355997981796
"4246",-0.457242468617139,0.157140604678315,0.416921798776234,-0.356762996938274,0.607346335233686,-0.52227631626605
"4248",0.739339607739586,-0.781937981788611,-0.92696875169717,1.09138114106486,-0.184464849636443,0.0941188812837757
"4249",-0.698852333563524,0.87256071036026,-1.1450596229657,0.00857903082459028,-0.366342550467334,-1.1078012992761
"4250",-0.457242468617139,0.157140604678315,0.238697510652113,-0.770598309241443,-0.0449751003961507,-0.282594338120569
"4252",0.678035411717584,0.826120072991082,0.60360329403814,0.686896077408476,0.102580135931078,0.0859565291148
"4253",-0.247755979699564,-0.171397673587116,-1.15404021161893,-0.0607393005310451,-0.540276668252915,0.556624591982088
"4255",-0.350949117482305,0.243043842749189,-0.3326769305969,0.332912381707119,0.256133634223593,-0.0201135101604785
"4256",0.678035411717584,0.826120072991082,0.416194546575582,-0.544325627265013,-0.482150996146607,-0.181671597245238
"4257",-0.184302247483032,-0.222093582761843,0.477319930663898,-0.190145423890558,-0.153120602186443,0.0400355997981796
"4258",-0.0195963296297108,-0.467006787771259,0.446926290731311,-0.285228999651577,-0.474488052257626,-0.785171361357347
"4259",-0.292536550763818,-0.0877726003311019,0.373475455792918,-0.598575567831999,0.278315941273523,-0.743983513309467
"4260",-0.247755979699564,-0.171397673587116,-0.988094135785487,0.737200937690409,0.503232282110991,0.123020144757501
"4261",-0.0195963296297108,-0.467006787771259,0.487849466820009,-0.0349073233296545,0.217336613885083,1.04288006178014
"4262",-0.36749954571093,0.162510079839811,0.669372145108614,1.15814115761529,0.0138321162136806,-0.33227589144574
"4263",-0.0195963296297108,-0.467006787771259,0.408183221964023,0.219780636703306,-0.474488052257626,-0.785171361357347
"4264",-0.184302247483032,-0.222093582761843,0.219914638043425,-0.807592110831242,0.693309529974049,-0.12103625103581
"4265",-0.292536550763818,-0.0877726003311019,-1.16384249557438,-0.0284147707652094,-0.315198277746483,-0.553983088489157
"4266",-0.247755979699564,-0.171397673587116,0.490012035839099,0.714645815324351,-0.374005494356314,-0.504301535163987
"4267",1.43697134908688,0.51118887897373,-1.22607171116639,-0.307221143248734,-0.306036337346413,0.115803633174235
"4268",0.0181847077000579,0.554341491529556,-1.22607171116639,-0.307221143248734,0.125401470002222,0.650051683057485
"4269",0.678035411717584,0.826120072991082,0.501435381299584,0.253681980875814,-0.217288317629016,0.534036053734775
"4271",2.38929513722343,0.259407762819412,-0.436393790838336,-0.186221484030811,0.0997953109540431,0.0689641737845002
"4272",-0.292536550763818,-0.0877726003311019,0.300926726244117,-0.491791936757918,-0.162282542586513,-0.629751121865213
"4274",-0.53220546356425,0.407423284849228,0.667381457133024,1.05162221909727,0.585164028183756,0.201593686882939
"4275",-0.0195963296297108,-0.467006787771259,0.241967276253701,-0.77745304329978,-0.474488052257626,-0.785171361357347
"4276",-0.247755979699564,-0.171397673587116,0.356855152203321,0.113983769232207,-0.79435650581772,-0.337091836737373
"4277",-0.595659195780783,0.458119194023954,0.34416304702812,-0.790807469982703,-0.635066731306576,-0.105903563869182
"4278",-0.292536550763818,-0.0877726003311019,0.61413283019425,0.84213417796938,-0.379365993189055,-0.0599826345525617
"4279",-0.247755979699564,-0.171397673587116,0.34416304702812,-0.790807469982703,-0.482150996146607,-0.181671597245238
"4280",-0.595659195780783,0.458119194023954,0.77308900535005,1.67727502335322,-0.421348325509836,0.0559858763238917
"4281",0.739339607739586,-0.781937981788611,0.595349957585562,0.80514037637958,0.543178619791114,-0.0282758623294542
"4282",-0.184302247483032,-0.222093582761843,0.77308900535005,1.67727502335322,-0.496670359307557,-0.0613013582083589
"4283",-0.0195963296297108,-0.467006787771259,0.291946137590887,-0.561110268113553,-0.496670359307557,-0.0613013582083589
"4285",0.739339607739586,-0.781937981788611,0.545123736123919,1.14135651676675,0.0138321162136806,-0.33227589144574
"4286",-0.36749954571093,0.162510079839811,0.563664596891588,0.532488353359339,-0.538655767700198,-0.291170907420752
"4289",-0.0195963296297108,-0.467006787771259,0.539549146255902,0.0886609485929665,-0.482150996146607,-0.181671597245238
"4290",-0.36749954571093,0.162510079839811,0.34416304702812,-0.790807469982703,-0.153120602186443,0.0400355997981796
"4291",-0.520696200833671,0.207836513853041,0.539549146255902,0.0886609485929665,-0.465326111857557,-0.115384639693955
"4292",-0.184302247483032,-0.222093582761843,0.375638024812008,0.150977570822006,-0.306036337346413,0.115803633174235
"4293",-0.184302247483032,-0.222093582761843,0.416194546575582,-0.544325627265013,-0.388524857517264,-0.383931296127108
"4294",0.511179957669733,-0.486328867604468,-1.15404021161893,-0.0607393005310451,-0.293402798448692,0.341257430677678
"4296",-0.53220546356425,0.407423284849228,-1.09291482753061,0.29344090284341,-0.145457658297463,-0.56346416431393
"4297",-0.0195963296297108,-0.467006787771259,0.362945919636808,-0.753813668392903,0.18854333067144,0.48719659434504
"4298",-0.0195963296297108,-0.467006787771259,-1.2072888385577,-0.270227341658935,-0.106659374070286,-0.308190573263648
"4299",-0.247755979699564,-0.171397673587116,0.520638659017671,0.162370868799656,-0.482150996146607,-0.181671597245238
"4300",0.469281061564018,-0.48961689241782,0.491633097344126,0.28600651064165,0.191026772439878,-0.0324000947346335
"4301",1.43697134908688,0.51118887897373,0.0989359946603178,-0.83123148573812,-0.374005494356314,-0.504301535163987
"4302",0.466399386605478,-0.402703794348454,0.418874345596012,-0.148037962402779,-0.226450258029085,-0.135750667928618
"4303",2.36988983730714,1.87075384241246,-1.03780312724579,0.720151604285814,0.657935097745119,0.928647670335881
"4304",-0.520696200833671,0.207836513853041,0.603891777911522,0.443392907214242,0.16674785137365,-0.408043924821796
"4305",-0.292536550763818,-0.0877726003311019,0.34416304702812,-0.790807469982703,-0.0895114730251495,0.0973028615877283
"4308",-0.53220546356425,0.407423284849228,0.656851920976913,0.896384118536365,-0.162282542586513,-0.629751121865213
"4309",2.15400839035046,0.192969660143027,-0.92696875169717,1.09138114106486,0.126859056997305,0.461600359201962
"4310",-0.595659195780783,0.458119194023954,0.353071521679203,-0.206930064739098,-0.162282542586513,-0.629751121865213
"4312",-0.350949117482305,0.243043842749189,0.35417535318289,-0.282303895630029,-0.0415525122865705,-0.295903988689492
"4313",-0.0195963296297108,-0.467006787771259,-1.2072888385577,-0.270227341658935,-0.591088944958855,0.0654669521486646
"4315",-0.0195963296297108,-0.467006787771259,0.614260444823794,0.731430456172891,-0.474488052257626,-0.785171361357347
"4316",-0.0195963296297108,-0.467006787771259,-0.322019779811246,0.377446760471534,-0.337380584796413,0.169886914659831
"4317",-0.247755979699564,-0.171397673587116,0.117718867269005,-0.79423768414832,-0.153120602186443,0.0400355997981796
"4318",-0.0195963296297108,-0.467006787771259,0.300926726244117,-0.491791936757918,0.214148225830951,-0.249983059372872
"4320",-0.184302247483032,-0.222093582761843,0.238697510652113,-0.770598309241443,0.287477881673593,-0.0741967916460746
"4321",0.739339607739586,-0.781937981788611,0.219914638043425,-0.807592110831242,-0.315198277746483,-0.553983088489157
"4322",-0.247755979699564,-0.171397673587116,-1.27501885500203,-0.0843786754379221,-0.248632565079016,0.588119335220371
"4323",-0.0195963296297108,-0.467006787771259,-1.1450596229657,0.00857903082459028,0.350316546951022,0.198788178133557
"4324",-0.53220546356425,0.407423284849228,0.783618541506161,1.83251312391413,-0.370204052788985,0.609804087110831
"4325",0.301693468752157,-0.157790589339037,0.470412437556027,0.498587009186831,-0.635066731306576,-0.105903563869182
"4326",1.45637664900317,-1.10015720061931,-1.1450596229657,0.00857903082459028,0.525414589160922,-0.600849858391488
"4327",-0.0195963296297108,-0.467006787771259,-1.2072888385577,-0.270227341658935,0.459232512625179,-0.339559467775275
"4328",-0.292536550763818,-0.0877726003311019,0.416194546575582,-0.544325627265013,0.274893353163943,-0.730673862740544
"4329",0.678035411717584,0.826120072991082,0.373475455792918,-0.598575567831999,-0.374005494356314,-0.504301535163987
"4330",1.61095389993784,2.18568503642981,-1.09181099602692,0.21806707195248,-0.220408214692821,0.108545067362113
"4331",1.88106816921636,0.572203847583184,-0.92696875169717,1.09138114106486,0.943830765971027,0.00878775331324681
"4332",-0.0195963296297108,-0.467006787771259,0.34416304702812,-0.790807469982703,0.22331016623102,0.419803662290521
"4333",-0.595659195780783,0.458119194023954,0.582140622409021,0.253614610956441,-0.474488052257626,-0.785171361357347
"4334",-0.520696200833671,0.207836513853041,-0.383145163899562,0.023266557097079,-0.699234446749148,0.388096890067413
"4335",-0.292536550763818,-0.0877726003311019,0.415300737271207,0.0718763077444268,-0.482150996146607,-0.181671597245238
"4336",-0.292536550763818,-0.0877726003311019,0.457892213424327,0.236829970107901,-0.858524221260292,0.156908617199223
"4337",-0.184302247483032,-0.222093582761843,-0.517405879039027,-0.502021658104135,-0.79435650581772,-0.337091836737373
"4338",-0.36749954571093,0.162510079839811,-1.09291482753061,0.29344090284341,-0.0503355992288916,0.161724562490856
"4339",-0.292536550763818,-0.0877726003311019,-1.15404021161893,-0.0607393005310451,-0.23326526778505,0.842857616627177
"4340",-0.36749954571093,0.162510079839811,-1.09291482753061,0.29344090284341,-0.79435650581772,-0.337091836737373
"4341",-0.292536550763818,-0.0877726003311019,0.354692583184231,-0.635569369421799,-0.482150996146607,-0.181671597245238
"4342",-0.36749954571093,0.162510079839811,-1.22607171116639,-0.307221143248734,-0.529493827300129,0.378615814242641
"4343",-0.0195963296297108,-0.467006787771259,-1.09181099602692,0.21806707195248,0.287477881673593,-0.0741967916460746
"4344",-0.292536550763818,-0.0877726003311019,-1.1450596229657,0.00857903082459028,-0.197374164371029,0.898626371559091
"4345",0.424500490499764,-0.405991819161806,0.416194546575582,-0.544325627265013,-0.315198277746483,-0.553983088489157
"4346",-0.520696200833671,0.207836513853041,-1.2072888385577,-0.270227341658935,-0.699234446749148,0.388096890067413
"4347",-0.0195963296297108,-0.467006787771259,0.60360329403814,0.686896077408476,0.205546135600828,-0.152770333771513
"4348",1.67225809595985,0.577626981650116,-1.22607171116639,-0.307221143248734,-0.374005494356314,-0.504301535163987
"4349",-0.292536550763818,-0.0877726003311019,-1.09291482753061,0.29344090284341,0.16674785137365,-0.408043924821796
"4350",-0.0195963296297108,-0.467006787771259,0.241967276253701,-0.77745304329978,-0.0536203696111294,0.153071616519643
"4351",2.36988983730714,1.87075384241246,-1.2072888385577,-0.270227341658935,0.386461443063816,-1.06661345122822
"4352",-0.247755979699564,-0.171397673587116,0.294625936611317,-0.164822603251318,-0.858524221260292,0.156908617199223
"4353",-0.595659195780783,0.458119194023954,0.238697510652113,-0.770598309241443,0.0665929895037224,-0.618533926608241
"4354",-0.623889338616413,0.622278030189346,0.614260444823794,0.731430456172891,0.607346335233686,-0.52227631626605
"4355",-0.595659195780783,0.458119194023954,0.539549146255902,0.0886609485929665,0.0665929895037224,-0.618533926608241
"4356",0.739339607739586,-0.781937981788611,-1.22607171116639,-0.307221143248734,0.543178619791114,-0.0282758623294542
"4357",0.678035411717584,0.826120072991082,0.238697510652113,-0.770598309241443,-0.482150996146607,-0.181671597245238
"4358",-0.0195963296297108,-0.467006787771259,0.354692583184231,-0.635569369421799,-0.226450258029085,-0.135750667928618
"4359",-0.623889338616413,0.622278030189346,0.643266006497338,0.607794814330896,0.287477881673593,-0.0741967916460746
"4360",-0.0195963296297108,-0.467006787771259,0.35417535318289,-0.282303895630029,-0.306036337346413,0.115803633174235
"4361",-0.0195963296297108,-0.467006787771259,0.428886651750782,0.360465611949896,0.16674785137365,-0.408043924821796
"4362",-0.36749954571093,0.162510079839811,0.510415969952814,0.32300031223145,0.16674785137365,-0.408043924821796
"4363",-0.0195963296297108,-0.467006787771259,0.362945919636808,-0.753813668392903,0.68011740479505,0.204777667186892
"4364",1.18343642786906,-0.720923013179157,0.582140622409021,0.253614610956441,0.14456554432372,0.315826078327193
"4365",0.405095190583477,1.20535426043124,0.416194546575582,-0.544325627265013,-0.197374164371029,0.898626371559091
"4366",-0.520696200833671,0.207836513853041,-0.87185705141235,1.51809184250727,-0.526921229516283,-0.428533501787931
"4367",-0.0195963296297108,-0.467006787771259,-1.16384249557438,-0.0284147707652094,-0.22923508300612,-0.152743023258917
"4368",1.45637664900317,-1.10015720061931,0.426394741988053,0.217120225237813,-0.184464849636443,0.0941188812837757
"4369",0.678035411717584,0.826120072991082,0.653795542653449,0.7630329148918,0.287477881673593,-0.0741967916460746
"4370",0.697440711633871,-0.785226006601963,-1.06012563533295,0.49071909497272,0.715491837023979,-0.844906254184799
"4371",-0.520696200833671,0.207836513853041,0.643266006497338,0.607794814330896,-0.635066731306576,-0.105903563869182
"4373",-0.247755979699564,-0.171397673587116,0.528891995470248,0.0441265698285513,-0.0803495326250798,0.767089583251121
"4374",-0.520696200833671,0.207836513853041,-1.09181099602692,0.21806707195248,-0.546318711589179,0.312328856691358
"4375",-0.0195963296297108,-0.467006787771259,0.373475455792918,-0.598575567831999,0.278315941273523,-0.743983513309467
"4376",-0.0195963296297108,-0.467006787771259,-0.436393790838336,-0.186221484030811,0.214148225830951,-0.249983059372872
"4377",-0.247755979699564,-0.171397673587116,-1.22607171116639,-0.307221143248734,-0.482150996146607,-0.181671597245238
"4378",-0.623889338616413,0.622278030189346,0.550078682412012,0.24389904915387,-0.526404558331192,0.676919174515674
"4379",0.574633689886265,-0.537024776779195,0.519017597512643,0.591010173482356,0.520996312741184,0.695594140819535
"4380",-0.184302247483032,-0.222093582761843,0.539549146255902,0.0886609485929665,-0.635066731306576,-0.105903563869182
"4381",-0.0195963296297108,-0.467006787771259,0.470412437556027,0.498587009186831,-0.242427208185119,0.173070894963785
"4382",-0.184302247483032,-0.222093582761843,-0.329137295118429,0.525351089430413,0.607346335233686,-0.52227631626605
"4383",-0.247755979699564,-0.171397673587116,0.34416304702812,-0.790807469982703,-0.374005494356314,-0.504301535163987
"4384",-0.184302247483032,-0.222093582761843,0.238697510652113,-0.770598309241443,-0.482150996146607,-0.181671597245238
"4385",-0.292536550763818,-0.0877726003311019,-1.09181099602692,0.21806707195248,-0.105720227729143,0.198096465247103
"4386",1.29167073114985,-0.855243995609898,-1.2072888385577,-0.270227341658935,-0.22923508300612,-0.152743023258917
"4387",-0.0195963296297108,-0.467006787771259,0.783618541506161,1.83251312391413,-0.315198277746483,-0.553983088489157
"4388",-0.247755979699564,-0.171397673587116,0.192718649710279,-0.394971346762629,-0.465326111857557,-0.115384639693955
"4389",0.259794572646443,-0.161078614152389,0.528891995470248,0.0441265698285513,0.693309529974049,-0.12103625103581
"4390",2.36988983730714,1.87075384241246,-1.04134276272426,0.52771289656252,-0.140487063288723,0.265489397301622
"4391",-0.0195963296297108,-0.467006787771259,0.490012035839099,0.714645815324351,-0.0763193478461505,-0.228511056634973
"4392",-0.595659195780783,0.458119194023954,0.553135060735477,0.377250252798436,-0.79435650581772,-0.337091836737373
"4393",-0.36749954571093,0.162510079839811,0.656851920976913,0.896384118536365,-0.153120602186443,0.0400355997981796
"4394",-0.457242468617139,0.157140604678315,0.488953298323696,-0.110281154220585,-0.109142815838723,0.211406115816026
"4395",0.407986819886991,-0.0718873512681628,0.362945919636808,-0.753813668392903,-0.374005494356314,-0.504301535163987
"4396",-0.247755979699564,-0.171397673587116,-1.1450596229657,0.00857903082459028,-0.374005494356314,-0.504301535163987
"4397",0.913322158590549,0.892558175667467,0.490905845143474,0.0984438803149106,0.300111420571313,0.151257005857368
"4398",-0.457242468617139,0.157140604678315,-1.03068561193861,0.572247275326935,0.22331016623102,0.419803662290521
"4399",-0.0195963296297108,-0.467006787771259,0.291946137590887,-0.561110268113553,0.693309529974049,-0.12103625103581
"4400",-0.457242468617139,0.157140604678315,-0.49862300643034,-0.465027856514335,-0.635066731306576,-0.105903563869182
"4401",-0.0195963296297108,-0.467006787771259,0.415300737271207,0.0718763077444268,1.21770491869317,0.842114478366251
"4403",-0.184302247483032,-0.222093582761843,0.373475455792918,-0.598575567831999,-0.635066731306576,-0.105903563869182
"4404",1.43697134908688,0.51118887897373,0.36591420253062,-0.601029173724901,0.287477881673593,-0.0741967916460746
"4405",0.739339607739586,-0.781937981788611,0.34416304702812,-0.790807469982703,-0.337380584796413,0.169886914659831
"4406",-0.0195963296297108,-0.467006787771259,-1.09181099602692,0.21806707195248,0.936729528484921,0.875922131836739
"4407",-0.350949117482305,0.243043842749189,0.656851920976913,0.896384118536365,-0.153120602186443,0.0400355997981796
"4408",0.405095190583477,1.20535426043124,0.656851920976913,0.896384118536365,0.383555526139326,0.0521488756443119
"4409",0.1213778454828,0.139899975193251,0.362945919636808,-0.753813668392903,-0.19789083555612,-0.206826304744514
"4410",-0.595659195780783,0.458119194023954,-1.1450596229657,0.00857903082459028,0.331455668021313,0.0971737243717721
"4411",-0.184302247483032,-0.222093582761843,-1.32826748194081,-0.293866716565812,0.646144619460864,-0.267002725215767
"4412",-0.247755979699564,-0.171397673587116,0.416194546575582,-0.544325627265013,-0.635066731306576,-0.105903563869182
"4413",3.08692687857072,1.55253462358175,-0.988094135785487,0.737200937690409,1.44149572778753,0.267689286455889
"4414",-0.292536550763818,-0.0877726003311019,0.291946137590887,-0.561110268113553,-0.0725179062788219,0.885594565639845
"4415",-0.0195963296297108,-0.467006787771259,-1.16384249557438,-0.0284147707652094,0.16674785137365,-0.408043924821796
"4416",0.196340840429911,-0.110382704977663,0.294625936611317,-0.164822603251318,-0.337380584796413,0.169886914659831
"4417",-0.457242468617139,0.157140604678315,0.593728896080535,1.23377968106228,0.0803978288811474,0.809826532263789
"4418",-0.623889338616413,0.622278030189346,0.708907242938269,1.1897436163342,0.386462706952484,0.25165371176268
"4420",0.678035411717584,0.826120072991082,0.36591420253062,-0.601029173724901,0.901845357578386,-0.221081795899146
"4421",-0.0195963296297108,-0.467006787771259,-1.2072888385577,-0.270227341658935,0.14456554432372,0.315826078327193
"4422",0.511179957669733,-0.486328867604468,0.35417535318289,-0.282303895630029,-0.79435650581772,-0.337091836737373
"4423",-0.184302247483032,-0.222093582761843,0.238697510652113,-0.770598309241443,-0.0948688957860302,0.887459822288
"4425",-0.247755979699564,-0.171397673587116,0.303895009137929,-0.339007442089917,-0.231807680789966,0.654406292771654
"4426",-0.520696200833671,0.207836513853041,0.418874345596012,-0.148037962402779,0.396140054648976,0.708625946738782
"4430",1.45637664900317,-1.10015720061931,0.238697510652113,-0.770598309241443,-0.264609515235049,0.896940898112773
"4431",-0.184302247483032,-0.222093582761843,0.219914638043425,-0.807592110831242,-0.482150996146607,-0.181671597245238
"4434",-0.53220546356425,0.407423284849228,0.35417535318289,-0.282303895630029,0.396140054648976,0.708625946738782
"4435",-0.520696200833671,0.207836513853041,0.425175135228812,-0.475007295909378,-0.373488823171223,0.601151141139618
"4436",-0.0195963296297108,-0.467006787771259,0.416194546575582,-0.544325627265013,-0.315198277746483,-0.553983088489157
"4438",-0.0195963296297108,-0.467006787771259,0.478423762167585,-0.265519254781489,-0.248632565079016,0.588119335220371
"4439",0.366087923781277,-0.0751753760815146,0.478423762167585,-0.265519254781489,-0.217288317629016,0.534036053734775
"4440",-0.0195963296297108,-0.467006787771259,0.219914638043425,-0.807592110831242,-0.184464849636443,0.0941188812837757
"4443",0.511179957669733,-0.486328867604468,0.219914638043425,-0.807592110831242,-0.374005494356314,-0.504301535163987
"4444",-0.520696200833671,0.207836513853041,0.385860713876865,-0.00965187260978815,-0.153120602186443,0.0400355997981796
"4445",-0.292536550763818,-0.0877726003311019,0.584820421429452,0.649902275818676,-0.465326111857557,-0.115384639693955
"4446",-0.457242468617139,0.157140604678315,-0.517405879039027,-0.502021658104135,-0.538655767700198,-0.291170907420752
"4447",0.697440711633871,-0.785226006601963,-0.49862300643034,-0.465027856514335,1.73599475013223,0.568883806822793
"4448",0.196340840429911,-0.110382704977663,0.238697510652113,-0.770598309241443,1.73599475013223,0.568883806822793
"4449",-0.0195963296297108,-0.467006787771259,0.375638024812008,0.150977570822006,0.657935097745119,0.928647670335881
"4455",-0.623889338616413,0.622278030189346,0.477319930663898,-0.190145423890558,0.22331016623102,0.419803662290521
"4457",-0.0195963296297108,-0.467006787771259,-1.15404021161893,-0.0607393005310451,0.214148225830951,-0.249983059372872
"4459",0.366087923781277,-0.0751753760815146,0.35417535318289,-0.282303895630029,0.0671096606888131,0.486918749695364
"4461",-0.0195963296297108,-0.467006787771259,-1.2072888385577,-0.270227341658935,0.581976904018292,0.226997728720829
"4462",-0.247755979699564,-0.171397673587116,-0.383145163899562,0.023266557097079,0.287477881673593,-0.0741967916460746
"4463",-0.184302247483032,-0.222093582761843,0.477319930663898,-0.190145423890558,-0.00835019083624964,0.391594111703249
"4464",0.574633689886265,-0.537024776779195,0.416194546575582,-0.544325627265013,-0.0996781843928787,0.442392200537834
"4465",-0.0195963296297108,-0.467006787771259,0.61413283019425,0.84213417796938,-0.474488052257626,-0.785171361357347
"4468",-0.247755979699564,-0.171397673587116,-1.16384249557438,-0.0284147707652094,-0.482150996146607,-0.181671597245238
"4470",-0.184302247483032,-0.222093582761843,-0.436393790838336,-0.186221484030811,0.19196591878102,0.473886943776117
"4471",0.739339607739586,-0.781937981788611,0.539549146255902,0.0886609485929665,0.879663050528455,0.502788207249843
"4474",3.08692687857072,1.55253462358175,0.553135060735477,0.377250252798436,-0.217288317629016,0.534036053734775
"4475",0.511179957669733,-0.486328867604468,0.356855152203321,0.113983769232207,0.879663050528455,0.502788207249843
"4476",-0.698852333563524,0.87256071036026,0.540768753015143,0.780788469740158,-0.0444584292110597,0.822858338183036
"4477",-0.595659195780783,0.458119194023954,0.728506841221341,1.40580242247172,-0.858524221260292,0.156908617199223
"4478",-0.247755979699564,-0.171397673587116,0.643266006497338,0.607794814330896,-0.685694332842336,0.445730901647483
"4479",-0.457242468617139,0.157140604678315,-1.03068561193861,0.572247275326935,0.278315941273523,-0.743983513309467
"4480",-0.0195963296297108,-0.467006787771259,0.593728896080535,1.23377968106228,-0.496670359307557,-0.0613013582083589
"4483",1.43697134908688,0.51118887897373,0.34416304702812,-0.790807469982703,0.287477881673593,-0.0741967916460746
"4484",-0.292536550763818,-0.0877726003311019,0.460572012444757,0.633117634970136,-0.686211004027427,-0.659721774656122
"4485",-0.184302247483032,-0.222093582761843,0.71797730506523,1.25056432191082,0.0526304004408583,-0.0770023003954569
"4489",-0.53220546356425,0.407423284849228,-1.09181099602692,0.21806707195248,0.852783421318986,0.564638526390919
"4490",1.29167073114985,-0.855243995609898,-1.22607171116639,-0.307221143248734,-0.337380584796413,0.169886914659831
"4491",0.469281061564018,-0.48961689241782,0.238697510652113,-0.770598309241443,-0.337380584796413,0.169886914659831
"4492",0.469281061564018,-0.48961689241782,0.416194546575582,-0.544325627265013,-0.482150996146607,-0.181671597245238
"4498",-0.247755979699564,-0.171397673587116,0.238697510652113,-0.770598309241443,-0.409379926585243,0.545382386207703
"4500",-0.595659195780783,0.458119194023954,0.488953298323696,-0.110281154220585,-0.217288317629016,0.534036053734775
"4502",0.574633689886265,-0.537024776779195,0.477319930663898,-0.190145423890558,-0.560838074750129,0.432699095728237
"4503",-0.184302247483032,-0.222093582761843,-1.09291482753061,0.29344090284341,-0.0449751003961507,-0.282594338120569
"4504",-0.247755979699564,-0.171397673587116,0.488953298323696,-0.110281154220585,-0.217288317629016,0.534036053734775
"4506",-0.0195963296297108,-0.467006787771259,-1.22607171116639,-0.307221143248734,-0.118304756238792,-0.458380605847367
"4509",-0.247755979699564,-0.171397673587116,0.457892213424327,0.236829970107901,-0.526921229516283,-0.428533501787931
"4510",-0.0195963296297108,-0.467006787771259,-1.09181099602692,0.21806707195248,0.00242527406115016,-0.124533472671645
"4512",0.739339607739586,-0.781937981788611,0.238697510652113,-0.770598309241443,0.520996312741184,0.695594140819535
"4513",-0.0195963296297108,-0.467006787771259,-1.15404021161893,-0.0607393005310451,-0.0541370407962202,-0.952381059783962
"4516",-0.247755979699564,-0.171397673587116,0.238697510652113,-0.770598309241443,-0.248632565079016,0.588119335220371
"4520",-0.0195963296297108,-0.467006787771259,0.479354885053444,0.670111436559935,-0.75037871947,-0.165721320719526
"4521",-0.247755979699564,-0.171397673587116,-0.87185705141235,1.51809184250727,0.031218557274793,0.431149994763449
"4522",-0.247755979699564,-0.171397673587116,0.404643586485553,0.0273419289800116,0.205546135600828,-0.152770333771513
"4523",1.45637664900317,-1.10015720061931,-0.436393790838336,-0.186221484030811,0.364279136013886,-0.342743448079227
"4524",0.469281061564018,-0.48961689241782,0.362945919636808,-0.753813668392903,-0.153120602186443,0.0400355997981796
"4525",-0.0195963296297108,-0.467006787771259,0.219914638043425,-0.807592110831242,-0.0373121565071706,-0.886094102232679
"4526",-0.0195963296297108,-0.467006787771259,0.34416304702812,-0.790807469982703,0.14456554432372,0.315826078327193
"4527",-0.247755979699564,-0.171397673587116,0.71797730506523,1.25056432191082,-0.482150996146607,-0.181671597245238
"4528",-0.247755979699564,-0.171397673587116,0.362945919636808,-0.753813668392903,0.0665929895037224,-0.618533926608241
"4532",3.08692687857072,1.55253462358175,-0.988094135785487,0.737200937690409,-0.0415525122865705,-0.295903988689492
"4534",-0.292536550763818,-0.0877726003311019,0.428143418122624,-0.322222801241377,0.607346335233686,-0.52227631626605
"4536",-0.457242468617139,0.157140604678315,-1.34705035454949,-0.330860518155611,-0.162282542586513,-0.629751121865213
"4537",-0.520696200833671,0.207836513853041,0.595349957585562,0.80514037637958,-0.306036337346413,0.115803633174235
"4541",-0.53220546356425,0.407423284849228,-0.92696875169717,1.09138114106486,-0.153120602186443,0.0400355997981796
"4542",-0.0195963296297108,-0.467006787771259,-1.09181099602692,0.21806707195248,0.278315941273523,-0.743983513309467
"4545",0.678035411717584,0.826120072991082,0.375638024812008,0.150977570822006,-0.0415525122865705,-0.295903988689492
"4547",0.678035411717584,0.826120072991082,0.667381457133024,1.05162221909727,0.14742046349452,0.585525855455814
"4550",-0.520696200833671,0.207836513853041,0.34416304702812,-0.790807469982703,-0.526921229516283,-0.428533501787931
"4553",-0.0195963296297108,-0.467006787771259,0.4376572182047,-0.111044160812979,-0.197374164371029,0.898626371559091
"4558",-0.0195963296297108,-0.467006787771259,-1.15404021161893,-0.0607393005310451,1.2591227300792,-0.597010216942247
"4559",1.45637664900317,-1.10015720061931,0.238697510652113,-0.770598309241443,1.29338190517902,0.450406134946665
"4560",-0.595659195780783,0.458119194023954,0.435704671384922,-0.319769195348475,0.646144619460864,-0.267002725215767
"4563",-0.0195963296297108,-0.467006787771259,0.603891777911522,0.443392907214242,-0.315198277746483,-0.553983088489157
"4565",0.678035411717584,0.826120072991082,-1.09181099602692,0.21806707195248,-0.226450258029085,-0.135750667928618
"4566",-0.520696200833671,0.207836513853041,-0.92696875169717,1.09138114106486,0.718915689022228,0.460051258237175
"4567",1.22821699893331,-0.804548086435172,-1.22607171116639,-0.307221143248734,0.885705093864719,0.747083942540573
"4569",-0.184302247483032,-0.222093582761843,0.353071521679203,-0.206930064739098,-0.79435650581772,-0.337091836737373
"4571",3.08692687857072,1.55253462358175,0.479354885053444,0.670111436559935,-0.162282542586513,-0.629751121865213
"4572",0.511179957669733,-0.486328867604468,0.519017597512643,0.591010173482356,-0.306036337346413,0.115803633174235
"4576",-0.247755979699564,-0.171397673587116,0.490905845143474,0.0984438803149106,-0.858524221260292,0.156908617199223
"4577",-0.350949117482305,0.243043842749189,0.295215903192474,-0.56796500217189,-0.370204052788985,0.609804087110831
"4578",-0.292536550763818,-0.0877726003311019,0.582140622409021,0.253614610956441,-0.105720227729143,0.198096465247103
"4579",-0.0195963296297108,-0.467006787771259,-1.15404021161893,-0.0607393005310451,-0.337380584796413,0.169886914659831
"4582",-0.292536550763818,-0.0877726003311019,0.373475455792918,-0.598575567831999,0.278315941273523,-0.743983513309467
"4585",-0.247755979699564,-0.171397673587116,0.219914638043425,-0.807592110831242,-0.635066731306576,-0.105903563869182
"4587",-0.292536550763818,-0.0877726003311019,0.238697510652113,-0.770598309241443,0.252711046114013,-0.00680385959155561
"4591",1.61095389993784,2.18568503642981,0.428886651750782,0.360465611949896,0.657935097745119,0.928647670335881
"4594",1.45637664900317,-1.10015720061931,0.665017161999838,0.797573110588697,1.11246533382737,0.0459820894124717
"4595",0.739339607739586,-0.781937981788611,-1.04134276272426,0.52771289656252,0.364795807198976,0.762709228224378
"4598",0.511179957669733,-0.486328867604468,-1.22607171116639,-0.307221143248734,0.287477881673593,-0.0741967916460746
"4600",0.469281061564018,-0.48961689241782,-1.2072888385577,-0.270227341658935,-0.409379926585243,0.545382386207703
"4602",-0.247755979699564,-0.171397673587116,-1.09181099602692,0.21806707195248,0.350316546951022,0.198788178133557
"4603",-0.0195963296297108,-0.467006787771259,0.384697075139308,-0.564035372135102,-0.315198277746483,-0.553983088489157
"4604",-0.53220546356425,0.407423284849228,0.488953298323696,-0.110281154220585,-0.635066731306576,-0.105903563869182
"4605",1.45637664900317,-1.10015720061931,-1.22607171116639,-0.307221143248734,0.0803978288811474,0.809826532263789
"4606",-0.520696200833671,0.207836513853041,0.532603511992218,0.879599477687825,-0.562295661745213,0.62115041958376
"4608",-0.184302247483032,-0.222093582761843,-1.04134276272426,0.52771289656252,-0.685694332842336,0.445730901647483
"4609",0.852083640016466,-0.0108723826587092,-1.22607171116639,-0.307221143248734,0.585164028183756,0.201593686882939
"4611",-0.0195963296297108,-0.467006787771259,0.362945919636808,-0.753813668392903,0.278315941273523,-0.743983513309467
"4613",1.45637664900317,-1.10015720061931,0.425175135228812,-0.475007295909378,-0.293402798448692,0.341257430677678
"4616",-0.247755979699564,-0.171397673587116,0.643266006497338,0.607794814330896,1.37732801234496,0.761689740392485
"4617",-0.520696200833671,0.207836513853041,-0.383145163899562,0.023266557097079,-0.635066731306576,-0.105903563869182
"4620",-0.698852333563524,0.87256071036026,0.415300737271207,0.0718763077444268,-0.562295661745213,0.62115041958376
"4622",-0.457242468617139,0.157140604678315,0.223184403645013,-0.81444684488958,0.395623383463885,-0.396826729564824
"4623",1.39507245298117,0.507900854160378,0.478423762167585,-0.265519254781489,0.19196591878102,0.473886943776117
"4624",-0.36749954571093,0.162510079839811,0.238697510652113,-0.770598309241443,-0.79435650581772,-0.337091836737373
"4626",-0.0195963296297108,-0.467006787771259,0.287204578580916,0.196141261796429,0.278315941273523,-0.743983513309467
"4627",0.405095190583477,1.20535426043124,-1.15404021161893,-0.0607393005310451,0.966013073020958,-0.715082249835742
"4628",-0.0195963296297108,-0.467006787771259,0.643266006497338,0.607794814330896,-0.0415525122865705,-0.295903988689492
"4629",0.678035411717584,0.826120072991082,0.60360329403814,0.686896077408476,-0.635066731306576,-0.105903563869182
"4632",0.196340840429911,-0.110382704977663,0.416194546575582,-0.544325627265013,0.205546135600828,-0.152770333771513
"4633",-0.292536550763818,-0.0877726003311019,0.426724082731692,-0.38908752670411,0.607346335233686,-0.52227631626605
"4636",-0.247755979699564,-0.171397673587116,0.477319930663898,-0.190145423890558,-0.482150996146607,-0.181671597245238
"4638",-0.0195963296297108,-0.467006787771259,-1.34705035454949,-0.330860518155611,1.10904274571779,0.0592917399813947
"4641",1.45637664900317,-1.10015720061931,0.519017597512643,0.591010173482356,0.439064566668419,0.617020598694097
"4642",-0.184302247483032,-0.222093582761843,0.223184403645013,-0.81444684488958,-0.482150996146607,-0.181671597245238
"4645",-0.350949117482305,0.243043842749189,-1.1450596229657,0.00857903082459028,-0.562295661745213,0.62115041958376
"4646",0.0181847077000579,0.554341491529556,0.362945919636808,-0.753813668392903,-0.197374164371029,0.898626371559091
"4647",-0.247755979699564,-0.171397673587116,0.416194546575582,-0.544325627265013,-0.554796031413865,0.676994831018968
"4649",-0.53220546356425,0.407423284849228,0.435704671384922,-0.319769195348475,0.22331016623102,0.419803662290521
"4655",-0.595659195780783,0.458119194023954,0.426724082731692,-0.38908752670411,-0.79435650581772,-0.337091836737373
"4658",-0.520696200833671,0.207836513853041,0.373475455792918,-0.598575567831999,0.718915689022228,0.460051258237175
"4659",-0.350949117482305,0.243043842749189,0.499886433796703,0.167762211670546,-0.482150996146607,-0.181671597245238
"4660",-0.247755979699564,-0.171397673587116,-0.87185705141235,1.51809184250727,0.0644208787251139,1.11864809515619
"4663",1.43697134908688,0.51118887897373,0.362945919636808,-0.753813668392903,0.300111420571313,0.151257005857368
"4666",-0.184302247483032,-0.222093582761843,0.362945919636808,-0.753813668392903,-0.0415525122865705,-0.295903988689492
"4667",-0.292536550763818,-0.0877726003311019,-1.2072888385577,-0.270227341658935,0.525414589160922,-0.600849858391488
"4669",0.739339607739586,-0.781937981788611,0.603891777911522,0.443392907214242,1.61778946786647,-0.78981615051194
"4670",-0.184302247483032,-0.222093582761843,0.519017597512643,0.591010173482356,-0.22923508300612,-0.152743023258917
"4671",-0.457242468617139,0.157140604678315,0.643266006497338,0.607794814330896,0.549220663127378,0.216019872961277
"4673",-0.0195963296297108,-0.467006787771259,0.457892213424327,0.236829970107901,-0.423899289746193,0.665752625244583
"4674",-0.623889338616413,0.622278030189346,-0.279428303658126,0.542400422835008,-0.686211004027427,-0.659721774656122
"4675",-0.457242468617139,0.157140604678315,-1.09181099602692,0.21806707195248,-0.388524857517264,-0.383931296127108
"4679",-0.292536550763818,-0.0877726003311019,-0.975573911653786,0.998957976769339,-0.474488052257626,-0.785171361357347
"4680",-0.36749954571093,0.162510079839811,0.457892213424327,0.236829970107901,0.14456554432372,0.315826078327193
"4684",-0.53220546356425,0.407423284849228,0.553135060735477,0.377250252798436,-0.858524221260292,0.156908617199223
"4685",-0.247755979699564,-0.171397673587116,0.667381457133024,1.05162221909727,-0.635066731306576,-0.105903563869182
"4686",-0.520696200833671,0.207836513853041,0.435704671384922,-0.319769195348475,-0.482150996146607,-0.181671597245238
"4690",0.226730473805046,0.092492090831876,0.300926726244117,-0.491791936757918,-0.409379926585243,0.545382386207703
"4693",-0.292536550763818,-0.0877726003311019,0.425175135228812,-0.475007295909378,-0.315198277746483,-0.553983088489157
"4695",0.748616240737228,1.13747138067688,-1.15404021161893,-0.0607393005310451,0.256133634223593,-0.0201135101604785
"4701",-0.247755979699564,-0.171397673587116,0.34416304702812,-0.790807469982703,0.19196591878102,0.473886943776117
"4702",-0.292536550763818,-0.0877726003311019,0.416194546575582,-0.544325627265013,-0.482150996146607,-0.181671597245238
"4703",-0.292536550763818,-0.0877726003311019,0.457892213424327,0.236829970107901,-0.0895114730251495,0.0973028615877283
"4705",-0.0195963296297108,-0.467006787771259,-1.04134276272426,0.52771289656252,-0.0758026766610596,0.876941619668632
"4707",-0.0195963296297108,-0.467006787771259,0.219914638043425,-0.807592110831242,-0.248632565079016,0.588119335220371
"4708",-0.595659195780783,0.458119194023954,0.373475455792918,-0.598575567831999,-0.474488052257626,-0.785171361357347
"4711",-0.184302247483032,-0.222093582761843,-1.03068561193861,0.572247275326935,0.651324121581406,-0.350905800248203
"4712",-0.0195963296297108,-0.467006787771259,0.488953298323696,-0.110281154220585,-0.105720227729143,0.198096465247103
"4713",0.739339607739586,-0.781937981788611,-0.279428303658126,0.542400422835008,-0.379365993189055,-0.0599826345525617
"4716",-0.595659195780783,0.458119194023954,0.416194546575582,-0.544325627265013,-0.0803495326250798,0.767089583251121
"4717",-0.350949117482305,0.243043842749189,0.356855152203321,0.113983769232207,-0.721585436256357,0.389962146715569
"4719",-0.520696200833671,0.207836513853041,0.478423762167585,-0.265519254781489,-0.153120602186443,0.0400355997981796
"4720",-0.457242468617139,0.157140604678315,0.550078682412012,0.24389904915387,-0.0415525122865705,-0.295903988689492
"4721",0.739339607739586,-0.781937981788611,-0.218302919569809,0.896580626209464,0.693309529974049,-0.12103625103581
"4722",-0.457242468617139,0.157140604678315,0.416194546575582,-0.544325627265013,-0.635066731306576,-0.105903563869182
"4724",-0.623889338616413,0.622278030189346,0.415300737271207,0.0718763077444268,-0.635066731306576,-0.105903563869182
"4727",-0.0195963296297108,-0.467006787771259,0.71797730506523,1.25056432191082,-0.374005494356314,-0.504301535163987
"4728",-0.292536550763818,-0.0877726003311019,0.60360329403814,0.686896077408476,-0.315198277746483,-0.553983088489157
"4731",-0.0195963296297108,-0.467006787771259,0.539549146255902,0.0886609485929665,0.278315941273523,-0.743983513309467
"4733",-0.0195963296297108,-0.467006787771259,-0.92696875169717,1.09138114106486,-0.153120602186443,0.0400355997981796
"4734",-0.520696200833671,0.207836513853041,0.219914638043425,-0.807592110831242,-0.0449751003961507,-0.282594338120569
"4736",0.196340840429911,-0.110382704977663,0.404643586485553,0.0273419289800116,0.718886055534328,0.412184849019166
"4737",-0.0195963296297108,-0.467006787771259,0.698377706782158,1.0345055157733,-0.306036337346413,0.115803633174235
"4738",0.748616240737228,1.13747138067688,0.656851920976913,0.896384118536365,-0.109142815838723,0.211406115816026
"4739",-0.247755979699564,-0.171397673587116,0.35417535318289,-0.282303895630029,-0.699234446749148,0.388096890067413
"4740",0.739339607739586,-0.781937981788611,0.219914638043425,-0.807592110831242,-0.526921229516283,-0.428533501787931
"4741",0.196340840429911,-0.110382704977663,0.294625936611317,-0.164822603251318,-0.409379926585243,0.545382386207703
"4742",-0.292536550763818,-0.0877726003311019,0.0989359946603178,-0.83123148573812,-0.699234446749148,0.388096890067413
"4743",-0.184302247483032,-0.222093582761843,0.34416304702812,-0.790807469982703,0.0665929895037224,-0.618533926608241
"4744",-0.247755979699564,-0.171397673587116,0.656851920976913,0.896384118536365,-0.409379926585243,0.545382386207703
"4745",-0.247755979699564,-0.171397673587116,0.238697510652113,-0.770598309241443,-0.635066731306576,-0.105903563869182
"4746",1.45637664900317,-1.10015720061931,0.366657436158778,0.0816592394663709,-0.140487063288723,0.265489397301622
"4747",-0.247755979699564,-0.171397673587116,0.35417535318289,-0.282303895630029,-0.482150996146607,-0.181671597245238
"4748",2.15400839035046,0.192969660143027,-1.2072888385577,-0.270227341658935,-0.546318711589179,0.312328856691358
"4751",-0.520696200833671,0.207836513853041,0.460572012444757,0.633117634970136,-0.79435650581772,-0.337091836737373
"4752",-0.698852333563524,0.87256071036026,0.291946137590887,-0.561110268113553,0.585164028183756,0.201593686882939
"4755",-0.595659195780783,0.458119194023954,0.313408809220005,-0.127828801661519,-0.546318711589179,0.312328856691358
"4757",-0.457242468617139,0.157140604678315,-0.92696875169717,1.09138114106486,-0.482150996146607,-0.181671597245238
"4758",0.678035411717584,0.826120072991082,-1.22607171116639,-0.307221143248734,0.214148225830951,-0.249983059372872
"4759",0.330132195636365,1.45563694060215,0.373475455792918,-0.598575567831999,0.715491837023979,-0.844906254184799
"4761",-0.520696200833671,0.207836513853041,0.643266006497338,0.607794814330896,-0.23326526778505,0.842857616627177
"4766",1.45637664900317,-1.10015720061931,-1.22607171116639,-0.307221143248734,-0.22923508300612,-0.152743023258917
"4770",0.697440711633871,-0.785226006601963,0.416194546575582,-0.544325627265013,1.15644312017509,0.217352605430319
"4771",-0.0195963296297108,-0.467006787771259,0.593728896080535,1.23377968106228,-0.858524221260292,0.156908617199223
"4772",0.697440711633871,-0.785226006601963,-0.92696875169717,1.09138114106486,0.287477881673593,-0.0741967916460746
"4773",-0.0195963296297108,-0.467006787771259,0.233713939801123,-0.659208744328676,0.503232282110991,0.123020144757501
"4775",0.469281061564018,-0.48961689241782,0.519017597512643,0.591010173482356,0.437050205575249,0.384310535373714
"4776",-0.0195963296297108,-0.467006787771259,0.593728896080535,1.23377968106228,-0.374005494356314,-0.504301535163987
"4777",-0.184302247483032,-0.222093582761843,0.593728896080535,1.23377968106228,-0.145457658297463,-0.56346416431393
"4778",-0.247755979699564,-0.171397673587116,0.490905845143474,0.0984438803149106,-0.562295661745213,0.62115041958376
"4781",0.739339607739586,-0.781937981788611,0.460572012444757,0.633117634970136,0.14456554432372,0.315826078327193
"4783",-0.292536550763818,-0.0877726003311019,0.77308900535005,1.67727502335322,-0.858524221260292,0.156908617199223
"4785",2.38929513722343,0.259407762819412,0.71797730506523,1.25056432191082,-0.00835019083624964,0.391594111703249
"4789",1.43697134908688,0.51118887897373,-1.09181099602692,0.21806707195248,-0.482150996146607,-0.181671597245238
"4790",2.15400839035046,0.192969660143027,0.37592650868539,-0.0925255993722273,-0.699234446749148,0.388096890067413
"4791",-0.520696200833671,0.207836513853041,-0.988094135785487,0.737200937690409,-0.226450258029085,-0.135750667928618
"4792",-0.184302247483032,-0.222093582761843,0.457892213424327,0.236829970107901,-0.635066731306576,-0.105903563869182
"4793",-0.520696200833671,0.207836513853041,0.34416304702812,-0.790807469982703,-0.23326526778505,0.842857616627177
"4795",0.405095190583477,1.20535426043124,0.584820421429452,0.649902275818676,-0.0415525122865705,-0.295903988689492
"4796",-0.520696200833671,0.207836513853041,0.539549146255902,0.0886609485929665,-0.105720227729143,0.198096465247103
"4797",0.913322158590549,0.892558175667467,0.418874345596012,-0.148037962402779,1.07467524599634,0.0677404885491141
"4798",-0.520696200833671,0.207836513853041,0.291946137590887,-0.561110268113553,-0.153120602186443,0.0400355997981796
"4800",-0.0195963296297108,-0.467006787771259,0.375638024812008,0.150977570822006,-0.0449751003961507,-0.282594338120569
"4803",1.61095389993784,2.18568503642981,0.593728896080535,1.23377968106228,-0.217288317629016,0.534036053734775
"4804",-0.698852333563524,0.87256071036026,0.404643586485553,0.0273419289800116,-0.79435650581772,-0.337091836737373
"4806",-0.36749954571093,0.162510079839811,0.362945919636808,-0.753813668392903,0.0644208787251139,1.11864809515619
"4808",0.739339607739586,-0.781937981788611,-0.517405879039027,-0.502021658104135,0.0138321162136806,-0.33227589144574
"4809",-0.292536550763818,-0.0877726003311019,0.584820421429452,0.649902275818676,-0.162282542586513,-0.629751121865213
"4810",-0.457242468617139,0.157140604678315,-1.09181099602692,0.21806707195248,0.214148225830951,-0.249983059372872
"4811",-0.457242468617139,0.157140604678315,0.416194546575582,-0.544325627265013,1.07366831348886,1.10897566135309
"4815",-0.184302247483032,-0.222093582761843,-1.1450596229657,0.00857903082459028,-0.546318711589179,0.312328856691358
"4817",-0.350949117482305,0.243043842749189,-0.49862300643034,-0.465027856514335,-0.546318711589179,0.312328856691358
"4818",-0.520696200833671,0.207836513853041,0.582140622409021,0.253614610956441,0.205546135600828,-0.152770333771513
"4821",-0.0195963296297108,-0.467006787771259,0.238697510652113,-0.770598309241443,0.16674785137365,-0.408043924821796
"4824",-0.292536550763818,-0.0877726003311019,0.356855152203321,0.113983769232207,-0.474488052257626,-0.785171361357347
"4829",-0.0195963296297108,-0.467006787771259,0.584820421429452,0.649902275818676,0.372498854000952,-0.525081825015432
"4831",-0.0195963296297108,-0.467006787771259,0.416194546575582,-0.544325627265013,1.05197626776132,-0.313842184605502
"4832",-0.292536550763818,-0.0877726003311019,0.416194546575582,-0.544325627265013,0.71600850820907,0.260546422118806
"4833",-0.595659195780783,0.458119194023954,0.643266006497338,0.607794814330896,-0.409379926585243,0.545382386207703
"4834",-0.520696200833671,0.207836513853041,0.519017597512643,0.591010173482356,1.01660183553239,0.735841736766189
"4835",1.29167073114985,-0.855243995609898,0.478423762167585,-0.265519254781489,0.22331016623102,0.419803662290521
"4836",2.32799094120143,1.86746581759911,-1.22607171116639,-0.307221143248734,1.18523640338873,0.773036072865413
"4837",-0.520696200833671,0.207836513853041,0.539549146255902,0.0886609485929665,-0.529493827300129,0.378615814242641
"4838",-0.247755979699564,-0.171397673587116,0.460572012444757,0.633117634970136,0.0138321162136806,-0.33227589144574
"4839",-0.53220546356425,0.407423284849228,0.362945919636808,-0.753813668392903,0.607346335233686,-0.52227631626605
"4840",-0.623889338616413,0.622278030189346,-1.15404021161893,-0.0607393005310451,-0.105720227729143,0.198096465247103
"4844",-0.247755979699564,-0.171397673587116,0.35417535318289,-0.282303895630029,0.585164028183756,0.201593686882939
"4847",-0.247755979699564,-0.171397673587116,0.488953298323696,-0.110281154220585,-0.374005494356314,-0.504301535163987
"4848",-0.520696200833671,0.207836513853041,-1.15404021161893,-0.0607393005310451,-0.482150996146607,-0.181671597245238
"4849",0.511179957669733,-0.486328867604468,0.426724082731692,-0.38908752670411,-0.217288317629016,0.534036053734775
"4850",-0.184302247483032,-0.222093582761843,0.35417535318289,-0.282303895630029,-0.79435650581772,-0.337091836737373
"4851",-0.0195963296297108,-0.467006787771259,0.34416304702812,-0.790807469982703,-0.482150996146607,-0.181671597245238
"4854",-0.520696200833671,0.207836513853041,0.415300737271207,0.0718763077444268,0.0526304004408583,-0.0770023003954569
"4857",-0.457242468617139,0.157140604678315,0.77308900535005,1.67727502335322,-0.00549527166544988,0.661293888831869
"4862",-0.623889338616413,0.622278030189346,0.500174917670085,-0.0757409585236875,-0.858524221260292,0.156908617199223
"4863",-0.247755979699564,-0.171397673587116,-1.03068561193861,0.572247275326935,0.364279136013886,-0.342743448079227
"4867",-0.247755979699564,-0.171397673587116,0.34416304702812,-0.790807469982703,-0.562295661745213,0.62115041958376
"4869",-0.0195963296297108,-0.467006787771259,0.481103561188016,0.130768410080746,-0.379365993189055,-0.0599826345525617
"4870",0.678035411717584,0.826120072991082,-1.15404021161893,-0.0607393005310451,-0.562295661745213,0.62115041958376
"4871",-0.247755979699564,-0.171397673587116,0.373475455792918,-0.598575567831999,-0.482150996146607,-0.181671597245238
"4873",-0.350949117482305,0.243043842749189,-1.06012563533295,0.49071909497272,0.360248951234956,0.652857191806867
"4874",-0.698852333563524,0.87256071036026,0.584820421429452,0.649902275818676,-0.546318711589179,0.312328856691358
"4875",-0.623889338616413,0.622278030189346,-1.06012563533295,0.49071909497272,-0.0763193478461505,-0.228511056634973
"4876",-0.247755979699564,-0.171397673587116,0.539549146255902,0.0886609485929665,-0.248632565079016,0.588119335220371
"4880",-0.247755979699564,-0.171397673587116,0.487849466820009,-0.0349073233296545,0.364795807198976,0.762709228224378
"4881",1.18343642786906,-0.720923013179157,0.595349957585562,0.80514037637958,0.576003351672355,0.850074128210443
"4883",3.08692687857072,1.55253462358175,0.528891995470248,0.0441265698285513,0.287477881673593,-0.0741967916460746
"4884",-0.0195963296297108,-0.467006787771259,0.362945919636808,-0.753813668392903,0.256133634223593,-0.0201135101604785
"4885",-0.457242468617139,0.157140604678315,-1.15404021161893,-0.0607393005310451,-0.271220491398762,-0.382612572471311
"4886",-0.292536550763818,-0.0877726003311019,0.416194546575582,-0.544325627265013,-0.401548300238985,0.663887368596427
"4889",-0.623889338616413,0.622278030189346,-0.92696875169717,1.09138114106486,-0.546318711589179,0.312328856691358
"4896",-0.247755979699564,-0.171397673587116,0.593728896080535,1.23377968106228,-0.337380584796413,0.169886914659831
"4898",-0.0195963296297108,-0.467006787771259,0.669372145108614,1.15814115761529,-0.306036337346413,0.115803633174235
"4899",-0.247755979699564,-0.171397673587116,0.665017161999838,0.797573110588697,-0.721585436256357,0.389962146715569
"4900",-0.350949117482305,0.243043842749189,0.478423762167585,-0.265519254781489,0.82706119081252,0.137421320318426
"4902",-0.698852333563524,0.87256071036026,0.584820421429452,0.649902275818676,-0.19789083555612,-0.206826304744514
"4903",-0.184302247483032,-0.222093582761843,0.437945702078082,-0.354547331007212,-0.0763193478461505,-0.228511056634973
"4904",-0.0195963296297108,-0.467006787771259,0.595349957585562,0.80514037637958,0.351087010834887,-0.0169295298565255
"4906",-0.292536550763818,-0.0877726003311019,-1.2072888385577,-0.270227341658935,0.966013073020958,-0.715082249835742
"4907",-0.247755979699564,-0.171397673587116,0.457892213424327,0.236829970107901,-0.465326111857557,-0.115384639693955
"4908",-0.595659195780783,0.458119194023954,0.519017597512643,0.591010173482356,0.278317205162192,0.574283649681429
"4909",1.45637664900317,-1.10015720061931,0.362945919636808,-0.753813668392903,0.287477881673593,-0.0741967916460746
"4910",-0.247755979699564,-0.171397673587116,-1.09291482753061,0.29344090284341,-0.721585436256357,0.389962146715569
"4915",-0.520696200833671,0.207836513853041,0.728506841221341,1.40580242247172,-0.685694332842336,0.445730901647483
"4916",-0.0195963296297108,-0.467006787771259,0.233713939801123,-0.659208744328676,-0.306036337346413,0.115803633174235
"4917",1.61095389993784,2.18568503642981,0.490905845143474,0.0984438803149106,0.543178619791114,-0.0282758623294542
"4918",-0.623889338616413,0.622278030189346,0.728506841221341,1.40580242247172,-0.562295661745213,0.62115041958376
"4920",-0.292536550763818,-0.0877726003311019,0.219914638043425,-0.807592110831242,1.72645164084186,-0.00699341212708379
"4923",-0.184302247483032,-0.222093582761843,-1.09181099602692,0.21806707195248,0.252711046114013,-0.00680385959155561
"4924",-0.520696200833671,0.207836513853041,0.532603511992218,0.879599477687825,-0.374005494356314,-0.504301535163987
"4926",-0.595659195780783,0.458119194023954,0.260448666154613,-0.580820012983642,-0.79435650581772,-0.337091836737373
"4927",-0.0195963296297108,-0.467006787771259,0.34416304702812,-0.790807469982703,0.754290121251157,-0.589632663134516
"4928",-0.623889338616413,0.622278030189346,0.478423762167585,-0.265519254781489,-0.306036337346413,0.115803633174235
"4929",-0.623889338616413,0.622278030189346,0.656851920976913,0.896384118536365,-0.693192403412884,0.632392625358144
"4932",-0.595659195780783,0.458119194023954,0.553135060735477,0.377250252798436,-0.421348325509836,0.0559858763238917
"4934",-0.0195963296297108,-0.467006787771259,0.488953298323696,-0.110281154220585,-0.482150996146607,-0.181671597245238
"4937",0.678035411717584,0.826120072991082,0.35417535318289,-0.282303895630029,0.14456554432372,0.315826078327193
"4939",-0.520696200833671,0.207836513853041,0.435704671384922,-0.319769195348475,0.331455668021313,0.0971737243717721
"4941",3.08692687857072,1.55253462358175,-1.1450596229657,0.00857903082459028,0.14456554432372,0.315826078327193
"4942",-0.184302247483032,-0.222093582761843,0.219914638043425,-0.807592110831242,-0.0763193478461505,-0.228511056634973
"4943",-0.0195963296297108,-0.467006787771259,0.34416304702812,-0.790807469982703,0.14456554432372,0.315826078327193
"4950",-0.623889338616413,0.622278030189346,0.425175135228812,-0.475007295909378,0.217336613885083,1.04288006178014
"4951",0.739339607739586,-0.781937981788611,-1.22607171116639,-0.307221143248734,0.966013073020958,-0.715082249835742
"4952",-0.0195963296297108,-0.467006787771259,-0.517405879039027,-0.502021658104135,-0.465326111857557,-0.115384639693955
"4953",-0.698852333563524,0.87256071036026,-1.06012563533295,0.49071909497272,-0.529493827300129,0.378615814242641
"4954",1.22821699893331,-0.804548086435172,0.219914638043425,-0.807592110831242,1.90830796736509,-0.247746585032552
"4957",-0.350949117482305,0.243043842749189,0.373475455792918,-0.598575567831999,-0.482150996146607,-0.181671597245238
"4965",-0.595659195780783,0.458119194023954,0.519017597512643,0.591010173482356,-0.496670359307557,-0.0613013582083589
"4966",1.08906813300566,1.1407057465848,0.542961167104829,0.391803378112749,-0.465326111857557,-0.115384639693955
"4967",1.45637664900317,-1.10015720061931,0.477319930663898,-0.190145423890558,1.49151555747151,0.683355537764467
"4969",-0.0195963296297108,-0.467006787771259,0.416194546575582,-0.544325627265013,0.275410024349034,0.374778813563061
"4970",-0.350949117482305,0.243043842749189,0.238697510652113,-0.770598309241443,-0.686211004027427,-0.659721774656122
"4971",0.678035411717584,0.826120072991082,0.510415969952814,0.32300031223145,0.0671096606888131,0.486918749695364
"4972",-0.247755979699564,-0.171397673587116,0.582140622409021,0.253614610956441,0.364279136013886,-0.342743448079227
"4974",-0.520696200833671,0.207836513853041,0.34416304702812,-0.790807469982703,-0.153120602186443,0.0400355997981796
"4977",-0.247755979699564,-0.171397673587116,-1.03068561193861,0.572247275326935,0.943830765971027,0.00878775331324681
"4979",0.739339607739586,-0.781937981788611,0.61413283019425,0.84213417796938,-0.153120602186443,0.0400355997981796
"4980",-0.698852333563524,0.87256071036026,0.34416304702812,-0.790807469982703,0.063687072579233,0.500228400264287
"4981",-0.292536550763818,-0.0877726003311019,0.488953298323696,-0.110281154220585,0.395623383463885,-0.396826729564824
"4982",0.366087923781277,-0.0751753760815146,0.35417535318289,-0.282303895630029,-0.482150996146607,-0.181671597245238
"4983",-0.0195963296297108,-0.467006787771259,0.404643586485553,0.0273419289800116,0.607346335233686,-0.52227631626605
"4985",-0.184302247483032,-0.222093582761843,0.282143853635429,-0.528785738347718,0.693309529974049,-0.12103625103581
"4988",-0.520696200833671,0.207836513853041,0.406392262620124,-0.512001097499178,-0.526404558331192,0.676919174515674
"4989",-0.0195963296297108,-0.467006787771259,0.478423762167585,-0.265519254781489,0.657935097745119,0.928647670335881
"4990",0.366087923781277,-0.0751753760815146,0.594660846540722,0.51537165003537,-0.482150996146607,-0.181671597245238
"4991",1.61095389993784,2.18568503642981,0.37592650868539,-0.0925255993722273,0.520996312741184,0.695594140819535
"4993",0.1213778454828,0.139899975193251,0.34416304702812,-0.790807469982703,0.14456554432372,0.315826078327193
"4998",1.29167073114985,-0.855243995609898,-1.22607171116639,-0.307221143248734,-0.0725179062788219,0.885594565639845
"5000",-0.184302247483032,-0.222093582761843,0.35417535318289,-0.282303895630029,-0.409379926585243,0.545382386207703
"5001",-0.350949117482305,0.243043842749189,0.223184403645013,-0.81444684488958,-0.482150996146607,-0.181671597245238
"5002",0.678035411717584,0.826120072991082,0.429403881752123,0.00720013815812524,0.278315941273523,-0.743983513309467
"5003",-0.350949117482305,0.243043842749189,0.643266006497338,0.607794814330896,-0.852482177924028,0.401204352489954
"5004",0.469281061564018,-0.48961689241782,0.595349957585562,0.80514037637958,-0.474488052257626,-0.785171361357347
"5005",-0.292536550763818,-0.0877726003311019,0.418874345596012,-0.148037962402779,0.0138321162136806,-0.33227589144574
"5006",-0.184302247483032,-0.222093582761843,0.532603511992218,0.879599477687825,-0.465326111857557,-0.115384639693955
"5007",-0.0195963296297108,-0.467006787771259,0.614421314067632,0.598631007775146,0.943830765971027,0.00878775331324681
"5008",0.697440711633871,-0.785226006601963,0.416194546575582,-0.544325627265013,-0.109142815838723,0.211406115816026
"5013",-0.350949117482305,0.243043842749189,0.219914638043425,-0.807592110831242,-0.153120602186443,0.0400355997981796
"5015",-0.292536550763818,-0.0877726003311019,0.354692583184231,-0.635569369421799,0.00148612772000743,-0.630820511182396
"5017",-0.247755979699564,-0.171397673587116,0.219914638043425,-0.807592110831242,-0.482150996146607,-0.181671597245238
"5020",-0.457242468617139,0.157140604678315,0.656851920976913,0.896384118536365,-0.0725179062788219,0.885594565639845
"5021",-0.457242468617139,0.157140604678315,0.539421531626358,0.199364670389455,0.239518920935014,0.319010058631146
"5023",0.469281061564018,-0.48961689241782,0.499886433796703,0.167762211670546,0.503232282110991,0.123020144757501
"5025",-0.247755979699564,-0.171397673587116,0.219914638043425,-0.807592110831242,-0.22923508300612,-0.152743023258917
"5026",0.739339607739586,-0.781937981788611,0.34416304702812,-0.790807469982703,0.693309529974049,-0.12103625103581
"5027",-0.247755979699564,-0.171397673587116,0.532603511992218,0.879599477687825,-0.364162009452721,0.854099822401562
"5029",-0.184302247483032,-0.222093582761843,-1.09181099602692,0.21806707195248,0.14456554432372,0.315826078327193
"5030",-0.457242468617139,0.157140604678315,-0.92696875169717,1.09138114106486,-0.482150996146607,-0.181671597245238
"5031",0.739339607739586,-0.781937981788611,0.595349957585562,0.80514037637958,0.14456554432372,0.315826078327193
"5032",-0.0195963296297108,-0.467006787771259,0.616412002043222,0.705149946293172,-0.217288317629016,0.534036053734775
"5034",0.405095190583477,1.20535426043124,-1.30580058557335,1.51672629834351,0.313691637391121,-0.475400271690262
"5037",0.739339607739586,-0.781937981788611,0.354692583184231,-0.635569369421799,-0.686211004027427,-0.659721774656122
"5039",0.678035411717584,0.826120072991082,0.300926726244117,-0.491791936757918,0.00242527406115016,-0.124533472671645
"5040",0.955276777799207,-0.425313898995015,-0.988094135785487,0.737200937690409,-0.0415525122865705,-0.295903988689492
"5041",-0.247755979699564,-0.171397673587116,0.653795542653449,0.7630329148918,0.313691637391121,-0.475400271690262
"5043",-0.0195963296297108,-0.467006787771259,-0.218302919569809,0.896580626209464,-0.465326111857557,-0.115384639693955
"5044",-0.0195963296297108,-0.467006787771259,-1.2072888385577,-0.270227341658935,-0.685694332842336,0.445730901647483
"5046",-0.36749954571093,0.162510079839811,0.593728896080535,1.23377968106228,0.607346335233686,-0.52227631626605
"5047",3.08692687857072,1.55253462358175,-0.92696875169717,1.09138114106486,0.364279136013886,-0.342743448079227
"5050",-0.623889338616413,0.622278030189346,0.595349957585562,0.80514037637958,1.04829761838479,0.539982543349067
"5051",-0.184302247483032,-0.222093582761843,0.219914638043425,-0.807592110831242,0.364795807198976,0.762709228224378
"5052",-0.247755979699564,-0.171397673587116,-1.16384249557438,-0.0284147707652094,0.14456554432372,0.315826078327193
"5055",-0.0195963296297108,-0.467006787771259,0.291946137590887,-0.561110268113553,-0.45415015995492,0.29852048166501
"5057",-0.0195963296297108,-0.467006787771259,-1.2072888385577,-0.270227341658935,-0.271220491398762,-0.382612572471311
"5059",1.22821699893331,-0.804548086435172,0.362945919636808,-0.753813668392903,-0.11169378007508,0.821172864736717
"5060",-0.0195963296297108,-0.467006787771259,0.34416304702812,-0.790807469982703,0.16674785137365,-0.408043924821796
"5061",-0.184302247483032,-0.222093582761843,-1.2072888385577,-0.270227341658935,-0.153120602186443,0.0400355997981796
"5062",-0.595659195780783,0.458119194023954,0.425175135228812,-0.475007295909378,-0.482150996146607,-0.181671597245238
"5065",-0.53220546356425,0.407423284849228,-0.49862300643034,-0.465027856514335,-0.162282542586513,-0.629751121865213
"5066",-0.0195963296297108,-0.467006787771259,0.238697510652113,-0.770598309241443,0.607346335233686,-0.52227631626605
"5067",0.196340840429911,-0.110382704977663,0.238697510652113,-0.770598309241443,-0.306036337346413,0.115803633174235
"5068",0.469281061564018,-0.48961689241782,-1.09181099602692,0.21806707195248,0.69382620115914,0.984416425267795
"5073",-0.698852333563524,0.87256071036026,0.582140622409021,0.253614610956441,-0.0444584292110597,0.822858338183036
"5076",-0.0195963296297108,-0.467006787771259,0.479354885053444,0.670111436559935,-0.374005494356314,-0.504301535163987
"5077",-0.457242468617139,0.157140604678315,0.291946137590887,-0.561110268113553,-0.248632565079016,0.588119335220371
"5078",-0.520696200833671,0.207836513853041,0.51010912286156,0.00713276823875158,-0.482150996146607,-0.181671597245238
"5079",1.22821699893331,-0.804548086435172,-1.2072888385577,-0.270227341658935,0.256133634223593,-0.0201135101604785
"5080",2.38929513722343,0.259407762819412,0.499886433796703,0.167762211670546,1.14248053111222,0.758884231643103
"5081",-0.0195963296297108,-0.467006787771259,-1.09291482753061,0.29344090284341,-0.315198277746483,-0.553983088489157
"5082",-0.623889338616413,0.622278030189346,0.425175135228812,-0.475007295909378,-0.373488823171223,0.601151141139618
"5083",0.678035411717584,0.826120072991082,0.667381457133024,1.05162221909727,-0.184464849636443,0.0941188812837757
"5085",-0.0195963296297108,-0.467006787771259,0.77308900535005,1.67727502335322,0.18854333067144,0.48719659434504
"5086",0.532734793780551,-0.540312801592546,0.35417535318289,-0.282303895630029,-0.374005494356314,-0.504301535163987
"5088",-0.520696200833671,0.207836513853041,0.291946137590887,-0.561110268113553,-0.686211004027427,-0.659721774656122
"5090",-0.623889338616413,0.622278030189346,-1.09181099602692,0.21806707195248,0.360248951234956,0.652857191806867
"5092",1.45637664900317,-1.10015720061931,0.34416304702812,-0.790807469982703,0.646144619460864,-0.267002725215767
"5093",-0.520696200833671,0.207836513853041,0.478423762167585,-0.265519254781489,-0.0449751003961507,-0.282594338120569
"5095",0.678035411717584,0.826120072991082,0.470412437556027,0.498587009186831,0.607346335233686,-0.52227631626605
"5096",0.739339607739586,-0.781937981788611,-1.09291482753061,0.29344090284341,-0.0763193478461505,-0.228511056634973
"5099",-0.520696200833671,0.207836513853041,-0.87185705141235,1.51809184250727,-0.546318711589179,0.312328856691358
"5100",-0.595659195780783,0.458119194023954,0.219914638043425,-0.807592110831242,-0.686211004027427,-0.659721774656122
"5102",-0.247755979699564,-0.171397673587116,0.416194546575582,-0.544325627265013,-0.546318711589179,0.312328856691358
"5103",0.748616240737228,1.13747138067688,0.356855152203321,0.113983769232207,-0.686211004027427,-0.659721774656122
"5104",-0.0195963296297108,-0.467006787771259,0.366657436158778,0.0816592394663709,-0.79435650581772,-0.337091836737373
"5106",-0.247755979699564,-0.171397673587116,0.406392262620124,-0.512001097499178,-0.482150996146607,-0.181671597245238
"5107",-0.520696200833671,0.207836513853041,0.421982523721721,0.368164003205872,0.19196591878102,0.473886943776117
"5109",-0.247755979699564,-0.171397673587116,0.282143853635429,-0.528785738347718,-0.482150996146607,-0.181671597245238
"5111",-0.53220546356425,0.407423284849228,-0.92696875169717,1.09138114106486,0.461246873718349,-0.106849404454892
"5112",-0.184302247483032,-0.222093582761843,0.477319930663898,-0.190145423890558,-0.482150996146607,-0.181671597245238
"5114",-0.623889338616413,0.622278030189346,0.356341287280791,-0.213784798797435,-0.562295661745213,0.62115041958376
"5115",0.301693468752157,-0.157790589339037,-1.22607171116639,-0.307221143248734,-0.140487063288723,0.265489397301622
"5118",-0.0195963296297108,-0.467006787771259,0.416194546575582,-0.544325627265013,-0.635066731306576,-0.105903563869182
"5121",-0.698852333563524,0.87256071036026,0.519017597512643,0.591010173482356,-0.482150996146607,-0.181671597245238
"5122",-0.184302247483032,-0.222093582761843,0.614260444823794,0.731430456172891,-0.209625373740035,-0.0694637103773345
"5124",0.135046598752884,0.307346836171995,0.667381457133024,1.05162221909727,-0.0449751003961507,-0.282594338120569
"5125",-0.698852333563524,0.87256071036026,0.34416304702812,-0.790807469982703,-0.374005494356314,-0.504301535163987
"5127",-0.247755979699564,-0.171397673587116,0.300926726244117,-0.491791936757918,-0.140487063288723,0.265489397301622
"5128",-0.0195963296297108,-0.467006787771259,0.233713939801123,-0.659208744328676,-0.226450258029085,-0.135750667928618
"5130",-0.623889338616413,0.622278030189346,0.354692583184231,-0.635569369421799,-0.409379926585243,0.545382386207703
"5132",-0.0195963296297108,-0.467006787771259,-1.34705035454949,-0.330860518155611,0.607346335233686,-0.52227631626605
"5134",-0.184302247483032,-0.222093582761843,0.470412437556027,0.498587009186831,-0.374005494356314,-0.504301535163987
"5135",-0.0195963296297108,-0.467006787771259,0.297895702212905,-0.171677337309656,-0.226450258029085,-0.135750667928618
"5136",-0.698852333563524,0.87256071036026,0.313697293093387,-0.371331971855752,-0.635066731306576,-0.105903563869182
"5137",-0.247755979699564,-0.171397673587116,0.643266006497338,0.607794814330896,-0.554796031413865,0.676994831018968
"5139",-0.53220546356425,0.407423284849228,0.457892213424327,0.236829970107901,-0.0803495326250798,0.767089583251121
"5141",-0.623889338616413,0.622278030189346,0.34416304702812,-0.790807469982703,-0.852482177924028,0.401204352489954
"5142",-0.292536550763818,-0.0877726003311019,-1.2072888385577,-0.270227341658935,-0.699234446749148,0.388096890067413
"5147",-0.0195963296297108,-0.467006787771259,0.238697510652113,-0.770598309241443,-0.153120602186443,0.0400355997981796
"5148",0.574633689886265,-0.537024776779195,-0.384248995403249,0.0986403879880094,-0.546318711589179,0.312328856691358
"5149",-0.184302247483032,-0.222093582761843,-1.2072888385577,-0.270227341658935,0.754290121251157,-0.589632663134516
"5150",-0.247755979699564,-0.171397673587116,0.362945919636808,-0.753813668392903,-0.401548300238985,0.663887368596427
"5151",-0.247755979699564,-0.171397673587116,0.362945919636808,-0.753813668392903,-0.546318711589179,0.312328856691358
"5154",-0.292536550763818,-0.0877726003311019,0.60360329403814,0.686896077408476,0.386461443063816,-1.06661345122822
"5156",-0.184302247483032,-0.222093582761843,0.238697510652113,-0.770598309241443,-0.482150996146607,-0.181671597245238
"5159",-0.350949117482305,0.243043842749189,-0.92696875169717,1.09138114106486,0.520996312741184,0.695594140819535
"5161",0.678035411717584,0.826120072991082,0.291946137590887,-0.561110268113553,-0.0449751003961507,-0.282594338120569
"5163",0.678035411717584,0.826120072991082,-1.1450596229657,0.00857903082459028,0.278315941273523,-0.743983513309467
"5164",-0.0195963296297108,-0.467006787771259,0.362945919636808,-0.753813668392903,1.02889808011918,0.862113756810392
"5165",-0.520696200833671,0.207836513853041,0.540768753015143,0.780788469740158,-0.0415525122865705,-0.295903988689492
"5166",-0.520696200833671,0.207836513853041,0.519017597512643,0.591010173482356,-0.370204052788985,0.609804087110831
"5168",0.739339607739586,-0.781937981788611,0.416921798776234,-0.356762996938274,0.852783421318986,0.564638526390919
"5170",-0.0195963296297108,-0.467006787771259,0.223184403645013,-0.81444684488958,-0.140487063288723,0.265489397301622
"5172",-0.520696200833671,0.207836513853041,0.35417535318289,-0.282303895630029,-0.852482177924028,0.401204352489954
"5174",-0.0195963296297108,-0.467006787771259,0.362945919636808,-0.753813668392903,-0.0373121565071706,-0.886094102232679
"5175",-0.457242468617139,0.157140604678315,0.550078682412012,0.24389904915387,-0.465326111857557,-0.115384639693955
"5176",-0.0195963296297108,-0.467006787771259,0.477319930663898,-0.190145423890558,0.607346335233686,-0.52227631626605
"5177",-0.0195963296297108,-0.467006787771259,0.117718867269005,-0.79423768414832,1.00999085936868,-0.543711733817895
"5181",-0.0195963296297108,-0.467006787771259,0.354692583184231,-0.635569369421799,0.386461443063816,-1.06661345122822
"5187",-0.457242468617139,0.157140604678315,-1.22607171116639,-0.307221143248734,-0.105720227729143,0.198096465247103
"5188",-0.292536550763818,-0.0877726003311019,0.34416304702812,-0.790807469982703,0.607346335233686,-0.52227631626605
"5190",-0.292536550763818,-0.0877726003311019,0.34416304702812,-0.790807469982703,-0.162282542586513,-0.629751121865213
"5192",0.259794572646443,-0.161078614152389,0.418874345596012,-0.148037962402779,0.607346335233686,-0.52227631626605
"5199",-0.520696200833671,0.207836513853041,0.478423762167585,-0.265519254781489,-0.562295661745213,0.62115041958376
"5200",-0.595659195780783,0.458119194023954,0.34416304702812,-0.790807469982703,-0.162282542586513,-0.629751121865213
"5201",-0.247755979699564,-0.171397673587116,0.219914638043425,-0.807592110831242,-0.153120602186443,0.0400355997981796
"5202",0.0181847077000579,0.554341491529556,-1.22607171116639,-0.307221143248734,2.16604319219441,0.920009369232633
"5203",0.301693468752157,-0.157790589339037,0.539549146255902,0.0886609485929665,0.0323428251292332,0.554311681749883
"5207",-0.350949117482305,0.243043842749189,-1.34705035454949,-0.330860518155611,-0.560838074750129,0.432699095728237
"5208",1.45637664900317,-1.10015720061931,0.656851920976913,0.896384118536365,0.217336613885083,1.04288006178014
"5209",-0.247755979699564,-0.171397673587116,0.35417535318289,-0.282303895630029,-0.153120602186443,0.0400355997981796
"5212",-0.247755979699564,-0.171397673587116,-1.2072888385577,-0.270227341658935,-0.482150996146607,-0.181671597245238
"5214",-0.184302247483032,-0.222093582761843,-1.2072888385577,-0.270227341658935,1.11246533382737,0.0459820894124717
"5216",-0.0195963296297108,-0.467006787771259,0.354692583184231,-0.635569369421799,-0.162282542586513,-0.629751121865213
"5218",-0.292536550763818,-0.0877726003311019,-1.15404021161893,-0.0607393005310451,0.16674785137365,-0.408043924821796
"5226",0.574633689886265,-0.537024776779195,0.34416304702812,-0.790807469982703,-0.482150996146607,-0.181671597245238
"5228",0.685162508520696,1.18816728985161,-1.1450596229657,0.00857903082459028,-0.0415525122865705,-0.295903988689492
"5230",-0.698852333563524,0.87256071036026,0.375638024812008,0.150977570822006,-0.79435650581772,-0.337091836737373
"5232",0.405095190583477,1.20535426043124,-1.32826748194081,-0.293866716565812,0.210725637721371,-0.236673408803949
"5235",-0.457242468617139,0.157140604678315,-0.638384522422135,-0.525661033011012,0.395623383463885,-0.396826729564824
"5241",-0.457242468617139,0.157140604678315,0.425175135228812,-0.475007295909378,0.287477881673593,-0.0741967916460746
"5243",-0.520696200833671,0.207836513853041,0.653795542653449,0.7630329148918,-0.562295661745213,0.62115041958376
"5245",-0.0195963296297108,-0.467006787771259,-0.279428303658126,0.542400422835008,0.715491837023979,-0.844906254184799
"5246",-0.457242468617139,0.157140604678315,-1.2072888385577,-0.270227341658935,0.274893353163943,-0.730673862740544
"5249",1.45637664900317,-1.10015720061931,0.34416304702812,-0.790807469982703,-0.526921229516283,-0.428533501787931
"5250",-0.184302247483032,-0.222093582761843,-1.1450596229657,0.00857903082459028,-0.315198277746483,-0.553983088489157
"5251",-0.457242468617139,0.157140604678315,-1.04134276272426,0.52771289656252,0.939254276519108,-0.148930692322272
"5254",0.574633689886265,-0.537024776779195,0.34416304702812,-0.790807469982703,-0.19789083555612,-0.206826304744514
"5257",-0.595659195780783,0.458119194023954,0.643266006497338,0.607794814330896,0.287477881673593,-0.0741967916460746
"5258",-0.457242468617139,0.157140604678315,0.291946137590887,-0.561110268113553,-0.0415525122865705,-0.295903988689492
"5259",1.16403112795277,0.890423066413887,0.356855152203321,0.113983769232207,0.102580135931078,0.0859565291148
"5260",-0.520696200833671,0.207836513853041,0.51010912286156,0.00713276823875158,0.331455668021313,0.0971737243717721
"5262",0.697440711633871,-0.785226006601963,-1.1450596229657,0.00857903082459028,2.45193886042032,0.000149452209999287
"5265",-0.0195963296297108,-0.467006787771259,0.354692583184231,-0.635569369421799,-0.162282542586513,-0.629751121865213
"5267",-0.184302247483032,-0.222093582761843,-0.455176663447024,-0.22321528562061,0.0277959691652128,0.444459645332372
"5268",-0.623889338616413,0.622278030189346,-0.384248995403249,0.0986403879880094,-0.306036337346413,0.115803633174235
"5270",-0.53220546356425,0.407423284849228,0.415300737271207,0.0718763077444268,0.360248951234956,0.652857191806867
"5271",-0.623889338616413,0.622278030189346,0.300926726244117,-0.491791936757918,-0.217288317629016,0.534036053734775
"5272",1.45637664900317,-1.10015720061931,0.260448666154613,-0.580820012983642,0.229352209567284,0.664099397581252
"5273",-0.184302247483032,-0.222093582761843,0.294625936611317,-0.164822603251318,1.84414025192252,0.246253868904044
"5275",-0.36749954571093,0.162510079839811,0.418874345596012,-0.148037962402779,0.607346335233686,-0.52227631626605
"5278",-0.184302247483032,-0.222093582761843,-1.09181099602692,0.21806707195248,-0.591088944958855,0.0654669521486646
"5279",-0.184302247483032,-0.222093582761843,0.478423762167585,-0.265519254781489,-0.423899289746193,0.665752625244583
"5281",-0.520696200833671,0.207836513853041,0.542961167104829,0.391803378112749,-0.19789083555612,-0.206826304744514
"5282",-0.292536550763818,-0.0877726003311019,0.373475455792918,-0.598575567831999,0.607346335233686,-0.52227631626605
"5283",0.739339607739586,-0.781937981788611,-0.383145163899562,0.023266557097079,-0.374005494356314,-0.504301535163987
"5286",-0.623889338616413,0.622278030189346,-0.279428303658126,0.542400422835008,-0.699234446749148,0.388096890067413
"5287",-0.520696200833671,0.207836513853041,-1.2072888385577,-0.270227341658935,0.300111420571313,0.151257005857368
"5288",-0.184302247483032,-0.222093582761843,0.708907242938269,1.1897436163342,1.01660183553239,0.735841736766189
"5289",0.739339607739586,-0.781937981788611,0.373475455792918,-0.598575567831999,0.607346335233686,-0.52227631626605
"5290",-0.350949117482305,0.243043842749189,0.425175135228812,-0.475007295909378,-0.635066731306576,-0.105903563869182
"5291",-0.292536550763818,-0.0877726003311019,0.624789980979904,0.886668556733794,0.278315941273523,-0.743983513309467
"5292",-0.0195963296297108,-0.467006787771259,0.539549146255902,0.0886609485929665,-0.374005494356314,-0.504301535163987
"5295",-0.184302247483032,-0.222093582761843,-0.383145163899562,0.023266557097079,-0.409379926585243,0.545382386207703
"5296",1.63035919985413,0.574338956836764,0.4376572182047,-0.111044160812979,0.0138321162136806,-0.33227589144574
"5297",-0.0195963296297108,-0.467006787771259,-1.1450596229657,0.00857903082459028,-0.526921229516283,-0.428533501787931
"5298",-0.53220546356425,0.407423284849228,0.425175135228812,-0.475007295909378,1.14248053111222,0.758884231643103
"5299",0.196340840429911,-0.110382704977663,0.241665793545925,-0.617813814573442,-0.686211004027427,-0.659721774656122
"5300",-0.184302247483032,-0.222093582761843,0.362945919636808,-0.753813668392903,-0.153120602186443,0.0400355997981796
"5301",-0.623889338616413,0.622278030189346,0.60360329403814,0.686896077408476,-0.79435650581772,-0.337091836737373
"5303",-0.292536550763818,-0.0877726003311019,0.519017597512643,0.591010173482356,-0.482150996146607,-0.181671597245238
"5306",-0.292536550763818,-0.0877726003311019,0.501435381299584,0.253681980875814,0.607346335233686,-0.52227631626605
"5308",-0.292536550763818,-0.0877726003311019,0.384697075139308,-0.564035372135102,-0.145457658297463,-0.56346416431393
"5309",-0.0195963296297108,-0.467006787771259,0.260448666154613,-0.580820012983642,-0.209625373740035,-0.0694637103773345
"5315",-0.0195963296297108,-0.467006787771259,0.490012035839099,0.714645815324351,0.278315941273523,-0.743983513309467
"5319",0.259794572646443,-0.161078614152389,0.71797730506523,1.25056432191082,-0.033888304508922,0.418863410189294
"5326",-0.184302247483032,-0.222093582761843,0.35417535318289,-0.282303895630029,0.256133634223593,-0.0201135101604785
"5328",-0.595659195780783,0.458119194023954,0.291946137590887,-0.561110268113553,-0.217288317629016,0.534036053734775
"5330",-0.184302247483032,-0.222093582761843,-1.22607171116639,-0.307221143248734,0.19196591878102,0.473886943776117
"5332",-0.0195963296297108,-0.467006787771259,0.373475455792918,-0.598575567831999,0.715491837023979,-0.844906254184799
"5333",-0.520696200833671,0.207836513853041,-0.351459803205588,0.295918580117319,-0.306036337346413,0.115803633174235
"5337",-0.623889338616413,0.622278030189346,0.478423762167585,-0.265519254781489,1.34508592481956,-0.195770151712008
"5344",-0.457242468617139,0.157140604678315,-1.22607171116639,-0.307221143248734,-0.79435650581772,-0.337091836737373
"5345",-0.247755979699564,-0.171397673587116,0.34416304702812,-0.790807469982703,-0.401548300238985,0.663887368596427
"5346",-0.698852333563524,0.87256071036026,0.490905845143474,0.0984438803149106,0.350316546951022,0.198788178133557
"5348",-0.247755979699564,-0.171397673587116,0.219914638043425,-0.807592110831242,-0.482150996146607,-0.181671597245238
"5349",-0.595659195780783,0.458119194023954,0.477319930663898,-0.190145423890558,-0.162282542586513,-0.629751121865213
"5350",0.1213778454828,0.139899975193251,0.223184403645013,-0.81444684488958,-0.540276668252915,0.556624591982088
"5354",1.29167073114985,-0.855243995609898,-1.15404021161893,-0.0607393005310451,0.439064566668419,0.617020598694097
"5357",0.678035411717584,0.826120072991082,-1.34705035454949,-0.330860518155611,0.939254276519108,-0.148930692322272
"5358",1.22821699893331,-0.804548086435172,0.643266006497338,0.607794814330896,1.01660183553239,0.735841736766189
"5359",-0.0195963296297108,-0.467006787771259,0.481103561188016,0.130768410080746,0.68011740479505,0.204777667186892
"5362",-0.0195963296297108,-0.467006787771259,0.595349957585562,0.80514037637958,-0.220408214692821,0.108545067362113
"5363",-0.350949117482305,0.243043842749189,0.540768753015143,0.780788469740158,-0.217288317629016,0.534036053734775
"5364",-0.520696200833671,0.207836513853041,0.426724082731692,-0.38908752670411,-0.374005494356314,-0.504301535163987
"5365",0.852083640016466,-0.0108723826587092,0.34416304702812,-0.790807469982703,1.40606651609667,-0.664366563810714
"5367",0.739339607739586,-0.781937981788611,0.35417535318289,-0.282303895630029,0.256133634223593,-0.0201135101604785
"5368",1.45637664900317,-1.10015720061931,-1.32826748194081,-0.293866716565812,-0.22923508300612,-0.152743023258917
"5372",-0.0195963296297108,-0.467006787771259,0.384697075139308,-0.564035372135102,-0.293402798448692,0.341257430677678
"5374",-0.292536550763818,-0.0877726003311019,0.61413283019425,0.84213417796938,-0.162282542586513,-0.629751121865213
"5379",0.238239736535625,-0.107094680164311,0.479354885053444,0.670111436559935,-0.482150996146607,-0.181671597245238
"5381",-0.53220546356425,0.407423284849228,0.34416304702812,-0.790807469982703,-0.162282542586513,-0.629751121865213
"5385",0.469281061564018,-0.48961689241782,0.457892213424327,0.236829970107901,-0.105720227729143,0.198096465247103
"5386",-0.247755979699564,-0.171397673587116,0.582140622409021,0.253614610956441,-0.0415525122865705,-0.295903988689492
"5390",-0.247755979699564,-0.171397673587116,0.362945919636808,-0.753813668392903,-0.546318711589179,0.312328856691358
"5391",-0.0195963296297108,-0.467006787771259,-0.92696875169717,1.09138114106486,-0.226450258029085,-0.135750667928618
"5394",-0.247755979699564,-0.171397673587116,0.519017597512643,0.591010173482356,-0.374005494356314,-0.504301535163987
"5395",-0.457242468617139,0.157140604678315,0.300926726244117,-0.491791936757918,-0.562295661745213,0.62115041958376
"5396",-0.457242468617139,0.157140604678315,-0.218302919569809,0.896580626209464,0.287477881673593,-0.0741967916460746
"5397",-0.0195963296297108,-0.467006787771259,-1.2072888385577,-0.270227341658935,0.754806792436248,0.515820013169089
"5400",-0.0195963296297108,-0.467006787771259,0.34416304702812,-0.790807469982703,-0.162282542586513,-0.629751121865213
"5401",-0.698852333563524,0.87256071036026,0.643266006497338,0.607794814330896,-0.79435650581772,-0.337091836737373
"5402",-0.184302247483032,-0.222093582761843,0.435704671384922,-0.319769195348475,-0.374005494356314,-0.504301535163987
"5403",-0.184302247483032,-0.222093582761843,-1.03068561193861,0.572247275326935,-0.538655767700198,-0.291170907420752
"5405",-0.698852333563524,0.87256071036026,0.728506841221341,1.40580242247172,-0.523451783963865,0.622911549533371
"5406",0.511179957669733,-0.486328867604468,0.643266006497338,0.607794814330896,1.59560716081654,-0.065946147362951
"5409",-0.0195963296297108,-0.467006787771259,0.643266006497338,0.607794814330896,-0.409379926585243,0.545382386207703
"5411",-0.457242468617139,0.157140604678315,0.294625936611317,-0.164822603251318,-0.197374164371029,0.898626371559091
"5412",0.739339607739586,-0.781937981788611,0.0989359946603178,-0.83123148573812,-0.482150996146607,-0.181671597245238
"5413",-0.0195963296297108,-0.467006787771259,-1.22607171116639,-0.307221143248734,0.14456554432372,0.315826078327193
"5415",-0.0195963296297108,-0.467006787771259,-1.09181099602692,0.21806707195248,-0.482150996146607,-0.181671597245238
"5417",-0.698852333563524,0.87256071036026,-1.06012563533295,0.49071909497272,-0.465326111857557,-0.115384639693955
"5418",-0.457242468617139,0.157140604678315,0.71797730506523,1.25056432191082,0.422353810366504,0.307422466694595
"5420",-0.292536550763818,-0.0877726003311019,-1.06012563533295,0.49071909497272,-0.145457658297463,-0.56346416431393
"5424",-0.0195963296297108,-0.467006787771259,0.294625936611317,-0.164822603251318,-0.162282542586513,-0.629751121865213
"5426",-0.292536550763818,-0.0877726003311019,0.481103561188016,0.130768410080746,0.0277959691652128,0.444459645332372
"5427",0.532734793780551,-0.540312801592546,0.238697510652113,-0.770598309241443,0.646144619460864,-0.267002725215767
"5428",-0.292536550763818,-0.0877726003311019,0.478423762167585,-0.265519254781489,-0.103100772502459,0.455701851106757
"5431",-0.520696200833671,0.207836513853041,-1.1450596229657,0.00857903082459028,-0.482150996146607,-0.181671597245238
"5434",-0.698852333563524,0.87256071036026,0.592670158565132,0.408852711517345,0.646144619460864,-0.267002725215767
"5435",-0.184302247483032,-0.222093582761843,0.77308900535005,1.67727502335322,-0.482150996146607,-0.181671597245238
"5437",-0.292536550763818,-0.0877726003311019,0.499886433796703,0.167762211670546,-0.0725179062788219,0.885594565639845
"5438",0.184831577699332,0.0892040660185241,0.117718867269005,-0.79423768414832,0.0803978288811474,0.809826532263789
"5439",1.45637664900317,-1.10015720061931,0.241967276253701,-0.77745304329978,-0.409379926585243,0.545382386207703
"5440",-0.247755979699564,-0.171397673587116,-1.2072888385577,-0.270227341658935,-0.374005494356314,-0.504301535163987
"5443",-0.0195963296297108,-0.467006787771259,-1.03068561193861,0.572247275326935,-0.19789083555612,-0.206826304744514
"5446",-0.350949117482305,0.243043842749189,0.539549146255902,0.0886609485929665,0.0323428251292332,0.554311681749883
"5448",0.697440711633871,-0.785226006601963,0.426724082731692,-0.38908752670411,0.364279136013886,-0.342743448079227
"5450",-0.595659195780783,0.458119194023954,0.354692583184231,-0.635569369421799,-0.482150996146607,-0.181671597245238
"5451",-0.457242468617139,0.157140604678315,0.425175135228812,-0.475007295909378,-0.482150996146607,-0.181671597245238
"5454",2.15400839035046,0.192969660143027,0.60360329403814,0.686896077408476,-0.635066731306576,-0.105903563869182
"5455",-0.0195963296297108,-0.467006787771259,-0.436393790838336,-0.186221484030811,0.057809902561401,-0.160905375427893
"5456",-0.292536550763818,-0.0877726003311019,0.219914638043425,-0.807592110831242,-0.262058550998692,0.287174149192082
"5457",-0.698852333563524,0.87256071036026,-0.92696875169717,1.09138114106486,-0.482150996146607,-0.181671597245238
"5459",-0.595659195780783,0.458119194023954,0.429403881752123,0.00720013815812524,1.38337005568122,1.00598547568322
"5461",-0.247755979699564,-0.171397673587116,0.373475455792918,-0.598575567831999,-0.482150996146607,-0.181671597245238
"5463",-0.53220546356425,0.407423284849228,0.457892213424327,0.236829970107901,0.213209079489808,-0.756270097883623
"5464",-0.0195963296297108,-0.467006787771259,0.428886651750782,0.360465611949896,0.096608186788579,0.0943682156223898
"5465",-0.292536550763818,-0.0877726003311019,0.478423762167585,-0.265519254781489,-0.465326111857557,-0.115384639693955
"5466",-0.247755979699564,-0.171397673587116,0.478423762167585,-0.265519254781489,-0.562295661745213,0.62115041958376
"5469",0.469281061564018,-0.48961689241782,-1.03068561193861,0.572247275326935,-0.635066731306576,-0.105903563869182
"5471",1.45637664900317,-1.10015720061931,0.362945919636808,-0.753813668392903,-0.184464849636443,0.0941188812837757
"5475",-0.184302247483032,-0.222093582761843,0.362945919636808,-0.753813668392903,-0.153120602186443,0.0400355997981796
"5476",1.45637664900317,-1.10015720061931,-1.1450596229657,0.00857903082459028,0.987808552318748,0.180158269331093
"5477",-0.247755979699564,-0.171397673587116,-1.16384249557438,-0.0284147707652094,-0.482150996146607,-0.181671597245238
"5478",0.739339607739586,-0.781937981788611,0.44818675436081,0.0441939397479249,-0.315198277746483,-0.553983088489157
"5479",-0.0195963296297108,-0.467006787771259,0.44818675436081,0.0441939397479249,0.525414589160922,-0.600849858391488
"5480",-0.292536550763818,-0.0877726003311019,0.416194546575582,-0.544325627265013,0.585164028183756,0.201593686882939
"5481",0.259794572646443,-0.161078614152389,0.457455826887422,-0.129990899090673,-0.109142815838723,0.211406115816026
"5482",0.301693468752157,-0.157790589339037,-1.16384249557438,-0.0284147707652094,0.14456554432372,0.315826078327193
"5483",-0.623889338616413,0.622278030189346,0.34416304702812,-0.790807469982703,0.22331016623102,0.419803662290521
"5485",-0.0195963296297108,-0.467006787771259,-0.988094135785487,0.737200937690409,-0.184464849636443,0.0941188812837757
"5487",0.532734793780551,-0.540312801592546,-1.16384249557438,-0.0284147707652094,-0.19789083555612,-0.206826304744514
"5488",0.739339607739586,-0.781937981788611,0.539549146255902,0.0886609485929665,-0.337380584796413,0.169886914659831
"5489",0.511179957669733,-0.486328867604468,0.362945919636808,-0.753813668392903,-0.217288317629016,0.534036053734775
"5490",-0.0195963296297108,-0.467006787771259,0.488953298323696,-0.110281154220585,1.03878414258232,0.0119717336171997
"5491",1.45637664900317,-1.10015720061931,0.300926726244117,-0.491791936757918,0.585164028183756,0.201593686882939
"5492",-0.0195963296297108,-0.467006787771259,0.294625936611317,-0.164822603251318,-0.370204052788985,0.609804087110831
"5493",-0.0195963296297108,-0.467006787771259,0.499886433796703,0.167762211670546,0.360248951234956,0.652857191806867
"5494",0.511179957669733,-0.486328867604468,0.406392262620124,-0.512001097499178,-0.337380584796413,0.169886914659831
"5497",1.45637664900317,-1.10015720061931,0.238697510652113,-0.770598309241443,0.657935097745119,0.928647670335881
"5500",0.301693468752157,-0.157790589339037,-0.383145163899562,0.023266557097079,0.0138321162136806,-0.33227589144574
"5501",-0.247755979699564,-0.171397673587116,0.416194546575582,-0.544325627265013,-0.356663938882173,0.667438098690901
"5502",-0.595659195780783,0.458119194023954,-1.2072888385577,-0.270227341658935,0.160775902231151,-0.399632238314206
"5503",-0.53220546356425,0.407423284849228,0.418874345596012,-0.148037962402779,0.160775902231151,-0.399632238314206
"5504",1.45637664900317,-1.10015720061931,0.117718867269005,-0.79423768414832,1.00089724392749,0.381921677900144
"5505",1.45637664900317,-1.10015720061931,-1.2072888385577,-0.270227341658935,1.87293353513616,0.801937336339138
"5507",0.238239736535625,-0.107094680164311,0.35417535318289,-0.282303895630029,0.364795807198976,0.762709228224378
"5509",0.407986819886991,-0.0718873512681628,0.519017597512643,0.591010173482356,0.14742046349452,0.585525855455814
"5510",-0.247755979699564,-0.171397673587116,0.539549146255902,0.0886609485929665,-0.00354827828478693,0.498542926817969
"5513",0.466399386605478,-0.402703794348454,0.427782820247095,0.435839442840826,-0.19789083555612,-0.206826304744514
"5514",0.135046598752884,0.307346836171995,0.362945919636808,-0.753813668392903,-0.482150996146607,-0.181671597245238
"5515",-0.247755979699564,-0.171397673587116,0.34416304702812,-0.790807469982703,-0.306036337346413,0.115803633174235
"5516",1.29167073114985,-0.855243995609898,-0.517405879039027,-0.502021658104135,-0.0803495326250798,0.767089583251121
"5517",-0.53220546356425,0.407423284849228,0.643266006497338,0.607794814330896,-0.306036337346413,0.115803633174235
"5518",-0.36749954571093,0.162510079839811,0.698377706782158,1.0345055157733,-0.217288317629016,0.534036053734775
"5519",-0.247755979699564,-0.171397673587116,0.385860713876865,-0.00965187260978815,-0.184464849636443,0.0941188812837757
"5521",1.43697134908688,0.51118887897373,-0.988094135785487,0.737200937690409,-0.0996781843928787,0.442392200537834
"5522",-0.184302247483032,-0.222093582761843,0.238697510652113,-0.770598309241443,-0.23326526778505,0.842857616627177
"5523",3.08692687857072,1.55253462358175,-1.04134276272426,0.52771289656252,0.0665929895037224,-0.618533926608241
"5526",-0.292536550763818,-0.0877726003311019,-1.15404021161893,-0.0607393005310451,0.16674785137365,-0.408043924821796
"5527",-0.0195963296297108,-0.467006787771259,0.593728896080535,1.23377968106228,-0.526404558331192,0.676919174515674
"5529",-0.595659195780783,0.458119194023954,0.0989359946603178,-0.83123148573812,-0.0895114730251495,0.0973028615877283
"5530",-0.520696200833671,0.207836513853041,0.528891995470248,0.0441265698285513,-0.482150996146607,-0.181671597245238
"5534",-0.247755979699564,-0.171397673587116,0.470412437556027,0.498587009186831,-0.858524221260292,0.156908617199223
"5535",1.45637664900317,-1.10015720061931,-1.34705035454949,-0.330860518155611,0.585164028183756,0.201593686882939
"5537",-0.247755979699564,-0.171397673587116,0.282143853635429,-0.528785738347718,-0.482150996146607,-0.181671597245238
"5540",0.748616240737228,1.13747138067688,-1.22607171116639,-0.307221143248734,-0.105720227729143,0.198096465247103
"5544",-0.595659195780783,0.458119194023954,0.291946137590887,-0.561110268113553,-0.217288317629016,0.534036053734775
"5545",-0.247755979699564,-0.171397673587116,0.362945919636808,-0.753813668392903,-0.0444584292110597,0.822858338183036
"5546",-0.595659195780783,0.458119194023954,0.418874345596012,-0.148037962402779,0.108622179267342,0.330252264405531
"5548",-0.0195963296297108,-0.467006787771259,0.291946137590887,-0.561110268113553,0.585164028183756,0.201593686882939
"5552",3.08692687857072,1.55253462358175,0.491633097344126,0.28600651064165,0.585164028183756,0.201593686882939
"5553",-0.0195963296297108,-0.467006787771259,0.582140622409021,0.253614610956441,-0.374005494356314,-0.504301535163987
"5554",-0.36749954571093,0.162510079839811,-1.22607171116639,-0.307221143248734,0.149041364047236,-0.262269643947027
"5555",1.61095389993784,2.18568503642981,0.441582122004793,0.584222809343393,0.19196591878102,0.473886943776117
"5556",0.0931477026471694,0.304058811358643,0.356855152203321,0.113983769232207,-0.0415525122865705,-0.295903988689492
"5557",-0.457242468617139,0.157140604678315,0.479354885053444,0.670111436559935,-0.79435650581772,-0.337091836737373
"5559",-0.247755979699564,-0.171397673587116,0.478423762167585,-0.265519254781489,-0.0415525122865705,-0.295903988689492
"5560",-0.0195963296297108,-0.467006787771259,-1.32826748194081,-0.293866716565812,-0.366342550467334,-1.1078012992761
"5561",-0.36749954571093,0.162510079839811,0.425175135228812,-0.475007295909378,-0.109142815838723,0.211406115816026
"5562",-0.520696200833671,0.207836513853041,0.233713939801123,-0.659208744328676,-0.374005494356314,-0.504301535163987
"5563",-0.520696200833671,0.207836513853041,-1.22607171116639,-0.307221143248734,-0.546318711589179,0.312328856691358
"5564",-0.350949117482305,0.243043842749189,0.478423762167585,-0.265519254781489,-0.00835019083624964,0.391594111703249
"5566",-0.0195963296297108,-0.467006787771259,0.539549146255902,0.0886609485929665,0.16674785137365,-0.408043924821796
"5567",-0.0195963296297108,-0.467006787771259,-0.988094135785487,0.737200937690409,1.46770948350506,-0.133514193588298
"5568",1.45637664900317,-1.10015720061931,-1.34705035454949,-0.330860518155611,-0.00835019083624964,0.391594111703249
"5569",-0.184302247483032,-0.222093582761843,0.366657436158778,0.0816592394663709,-0.226450258029085,-0.135750667928618
"5573",-0.350949117482305,0.243043842749189,0.593728896080535,1.23377968106228,0.0644208787251139,1.11864809515619
"5576",-0.350949117482305,0.243043842749189,0.500174917670085,-0.0757409585236875,-0.635066731306576,-0.105903563869182
"5577",1.45637664900317,-1.10015720061931,-0.49862300643034,-0.465027856514335,-0.379365993189055,-0.0599826345525617
"5582",-0.350949117482305,0.243043842749189,0.160589697750179,0.6247098276681,0.287477881673593,-0.0741967916460746
"5583",-0.292536550763818,-0.0877726003311019,-1.2072888385577,-0.270227341658935,0.0665929895037224,-0.618533926608241
"5586",-0.0195963296297108,-0.467006787771259,-1.22607171116639,-0.307221143248734,-0.315198277746483,-0.553983088489157
"5587",-0.623889338616413,0.622278030189346,0.34416304702812,-0.790807469982703,-0.00549527166544988,0.661293888831869
"5588",-0.184302247483032,-0.222093582761843,0.479354885053444,0.670111436559935,0.395623383463885,-0.396826729564824
"5590",-0.520696200833671,0.207836513853041,0.35417535318289,-0.282303895630029,-0.744336676133735,0.0785744145712047
"5591",-0.53220546356425,0.407423284849228,-1.09181099602692,0.21806707195248,0.102580135931078,0.0859565291148
"5593",0.574633689886265,-0.537024776779195,0.648840596365355,1.66049038250468,-0.19789083555612,-0.206826304744514
"5594",-0.595659195780783,0.458119194023954,0.356855152203321,0.113983769232207,-0.526921229516283,-0.428533501787931
"5595",-0.292536550763818,-0.0877726003311019,-1.15404021161893,-0.0607393005310451,0.325482115675376,0.720250123861386
"5597",1.61095389993784,2.18568503642981,0.428143418122624,-0.322222801241377,0.607346335233686,-0.52227631626605
"5599",-0.0195963296297108,-0.467006787771259,-1.06012563533295,0.49071909497272,-0.0503355992288916,0.161724562490856
"5601",-0.247755979699564,-0.171397673587116,0.362945919636808,-0.753813668392903,-0.482150996146607,-0.181671597245238
"5602",-0.623889338616413,0.622278030189346,0.539549146255902,0.0886609485929665,-0.306036337346413,0.115803633174235
"5605",1.22821699893331,-0.804548086435172,0.362945919636808,-0.753813668392903,-0.184464849636443,0.0941188812837757
"5606",-0.292536550763818,-0.0877726003311019,0.37592650868539,-0.0925255993722273,-0.482150996146607,-0.181671597245238
"5607",-0.0195963296297108,-0.467006787771259,0.425175135228812,-0.475007295909378,-0.482150996146607,-0.181671597245238
"5610",-0.292536550763818,-0.0877726003311019,0.550078682412012,0.24389904915387,0.314208308576212,0.630052404613344
"5611",-0.520696200833671,0.207836513853041,0.416194546575582,-0.544325627265013,-0.125119765994757,0.520227678708428
"5614",-0.292536550763818,-0.0877726003311019,-1.22607171116639,-0.307221143248734,2.09327212263304,0.192955385779692
"5615",-0.520696200833671,0.207836513853041,-1.16384249557438,-0.0284147707652094,-0.465326111857557,-0.115384639693955
"5616",-0.595659195780783,0.458119194023954,0.219914638043425,-0.807592110831242,-0.635066731306576,-0.105903563869182
"5618",1.45637664900317,-1.10015720061931,0.282143853635429,-0.528785738347718,1.37732801234496,0.761689740392485
"5620",0.466399386605478,-0.402703794348454,-1.1450596229657,0.00857903082459028,0.278315941273523,-0.743983513309467
"5621",-0.247755979699564,-0.171397673587116,-1.22607171116639,-0.307221143248734,0.607346335233686,-0.52227631626605
"5623",-0.520696200833671,0.207836513853041,0.35417535318289,-0.282303895630029,-0.546318711589179,0.312328856691358
"5624",-0.698852333563524,0.87256071036026,0.584820421429452,0.649902275818676,-0.033888304508922,0.418863410189294
"5627",-0.247755979699564,-0.171397673587116,0.362945919636808,-0.753813668392903,0.229352209567284,0.664099397581252
"5628",-0.0195963296297108,-0.467006787771259,0.478423762167585,-0.265519254781489,-0.293402798448692,0.341257430677678
"5630",-0.184302247483032,-0.222093582761843,0.356855152203321,0.113983769232207,0.214148225830951,-0.249983059372872
"5631",-0.0195963296297108,-0.467006787771259,-1.15404021161893,-0.0607393005310451,0.715491837023979,-0.844906254184799
"5633",-0.457242468617139,0.157140604678315,0.478423762167585,-0.265519254781489,0.239518920935014,0.319010058631146
"5635",-0.247755979699564,-0.171397673587116,-1.1450596229657,0.00857903082459028,-0.0444584292110597,0.822858338183036
"5638",-0.247755979699564,-0.171397673587116,0.528891995470248,0.0441265698285513,-0.482150996146607,-0.181671597245238
"5639",-0.247755979699564,-0.171397673587116,0.539549146255902,0.0886609485929665,-0.00835019083624964,0.391594111703249
"5641",-0.292536550763818,-0.0877726003311019,0.223184403645013,-0.81444684488958,-0.105720227729143,0.198096465247103
"5643",-0.0195963296297108,-0.467006787771259,0.428143418122624,-0.322222801241377,0.715491837023979,-0.844906254184799
"5646",-0.595659195780783,0.458119194023954,0.643266006497338,0.607794814330896,0.0277959691652128,0.444459645332372
"5647",-0.698852333563524,0.87256071036026,0.667381457133024,1.05162221909727,-0.858524221260292,0.156908617199223
"5648",0.678035411717584,0.826120072991082,0.300926726244117,-0.491791936757918,-0.00354827828478693,0.498542926817969
"5649",-0.457242468617139,0.157140604678315,0.362945919636808,-0.753813668392903,0.0997953109540431,0.0689641737845002
"5650",-0.247755979699564,-0.171397673587116,0.416194546575582,-0.544325627265013,0.0665929895037224,-0.618533926608241
"5651",-0.184302247483032,-0.222093582761843,-1.2072888385577,-0.270227341658935,-0.395506256902721,0.908183103887158
"5653",-0.0195963296297108,-0.467006787771259,0.539549146255902,0.0886609485929665,-0.315198277746483,-0.553983088489157
"5654",-0.623889338616413,0.622278030189346,-1.22607171116639,-0.307221143248734,1.37732801234496,0.761689740392485
"5655",-0.0195963296297108,-0.467006787771259,0.238697510652113,-0.770598309241443,-0.0449751003961507,-0.282594338120569
"5656",-0.53220546356425,0.407423284849228,0.593728896080535,1.23377968106228,0.217336613885083,1.04288006178014
"5657",-0.0195963296297108,-0.467006787771259,0.563664596891588,0.532488353359339,0.278315941273523,-0.743983513309467
"5658",-0.184302247483032,-0.222093582761843,0.219914638043425,-0.807592110831242,-0.184464849636443,0.0941188812837757
"5659",0.678035411717584,0.826120072991082,-1.1450596229657,0.00857903082459028,-0.109142815838723,0.211406115816026
"5661",-0.36749954571093,0.162510079839811,0.553135060735477,0.377250252798436,-0.538655767700198,-0.291170907420752
"5662",-0.184302247483032,-0.222093582761843,0.457892213424327,0.236829970107901,-0.217288317629016,0.534036053734775
"5663",-0.0195963296297108,-0.467006787771259,-1.2072888385577,-0.270227341658935,0.611377783901284,-0.199609793161248
"5664",-0.457242468617139,0.157140604678315,0.479643368926827,0.426608266365702,-0.852482177924028,0.401204352489954
"5665",-0.247755979699564,-0.171397673587116,0.457892213424327,0.236829970107901,-0.392555042296193,0.611669343758987
"5666",-0.247755979699564,-0.171397673587116,0.614421314067632,0.598631007775146,-0.364162009452721,0.854099822401562
"5667",1.45637664900317,-1.10015720061931,0.435704671384922,-0.319769195348475,-0.140487063288723,0.265489397301622
"5668",-0.623889338616413,0.622278030189346,0.648840596365355,1.66049038250468,-0.526921229516283,-0.428533501787931
"5669",-0.53220546356425,0.407423284849228,0.595880453299963,1.20749917118256,0.161292573416242,0.705820437989399
"5670",-0.184302247483032,-0.222093582761843,-0.383145163899562,0.023266557097079,-0.370204052788985,0.609804087110831
"5671",1.34090530810725,1.28767761217056,-1.22607171116639,-0.307221143248734,1.07415857481125,-1.03771218775449
"5672",-0.0195963296297108,-0.467006787771259,0.415300737271207,0.0718763077444268,0.253227717299103,1.09864881671205
"5677",1.45637664900317,-1.10015720061931,0.478423762167585,-0.265519254781489,1.62241229913919,0.672113331990082
"5678",-0.36749954571093,0.162510079839811,-1.04134276272426,0.52771289656252,0.395623383463885,-0.396826729564824
"5679",-0.247755979699564,-0.171397673587116,-1.2072888385577,-0.270227341658935,-0.0449751003961507,-0.282594338120569
"5680",1.61095389993784,2.18568503642981,0.313408809220005,-0.127828801661519,-0.686211004027427,-0.659721774656122
"5681",-0.520696200833671,0.207836513853041,0.592670158565132,0.408852711517345,0.657935097745119,0.928647670335881
"5684",-0.623889338616413,0.622278030189346,0.539549146255902,0.0886609485929665,1.04829761838479,0.539982543349067
"5687",-0.36749954571093,0.162510079839811,-0.218302919569809,0.896580626209464,-0.635066731306576,-0.105903563869182
"5688",-0.0195963296297108,-0.467006787771259,-1.09291482753061,0.29344090284341,0.607346335233686,-0.52227631626605
"5689",-0.0195963296297108,-0.467006787771259,-1.15404021161893,-0.0607393005310451,-0.315198277746483,-0.553983088489157
"5695",-0.520696200833671,0.207836513853041,-0.383145163899562,0.023266557097079,0.386461443063816,-1.06661345122822
"5696",-0.457242468617139,0.157140604678315,-0.92696875169717,1.09138114106486,-0.526921229516283,-0.428533501787931
"5697",-0.247755979699564,-0.171397673587116,0.584820421429452,0.649902275818676,-0.248632565079016,0.588119335220371
"5698",-0.36749954571093,0.162510079839811,-0.517405879039027,-0.502021658104135,-0.0373121565071706,-0.886094102232679
"5699",-0.0195963296297108,-0.467006787771259,0.426724082731692,-0.38908752670411,0.300111420571313,0.151257005857368
"5700",-0.184302247483032,-0.222093582761843,0.291946137590887,-0.561110268113553,0.520996312741184,0.695594140819535
"5702",-0.247755979699564,-0.171397673587116,0.406392262620124,-0.512001097499178,-0.409379926585243,0.545382386207703
"5712",-0.0195963296297108,-0.467006787771259,0.528891995470248,0.0441265698285513,-0.366342550467334,-1.1078012992761
"5713",-0.0195963296297108,-0.467006787771259,-0.975573911653786,0.998957976769339,-0.306036337346413,0.115803633174235
"5714",0.678035411717584,0.826120072991082,0.584820421429452,0.649902275818676,-0.206536104771099,0.228839649895699
"5715",-0.53220546356425,0.407423284849228,0.34416304702812,-0.790807469982703,0.00242527406115016,-0.124533472671645
"5716",1.22821699893331,-0.804548086435172,0.219914638043425,-0.807592110831242,0.031218557274793,0.431149994763449
"5718",-0.457242468617139,0.157140604678315,0.71797730506523,1.25056432191082,-0.337380584796413,0.169886914659831
"5719",-0.698852333563524,0.87256071036026,0.238697510652113,-0.770598309241443,-0.79435650581772,-0.337091836737373
"5720",-0.0195963296297108,-0.467006787771259,0.479354885053444,0.670111436559935,-0.409379926585243,0.545382386207703
"5721",-0.595659195780783,0.458119194023954,0.291946137590887,-0.561110268113553,-0.374005494356314,-0.504301535163987
"5724",-0.623889338616413,0.622278030189346,0.478423762167585,-0.265519254781489,-0.374005494356314,-0.504301535163987
"5725",-0.184302247483032,-0.222093582761843,0.520638659017671,0.162370868799656,-0.153120602186443,0.0400355997981796
"5726",-0.520696200833671,0.207836513853041,0.553135060735477,0.377250252798436,-0.306036337346413,0.115803633174235
"5727",0.678035411717584,0.826120072991082,0.669372145108614,1.15814115761529,0.278315941273523,-0.743983513309467
"5731",-0.0195963296297108,-0.467006787771259,0.373475455792918,-0.598575567831999,0.16674785137365,-0.408043924821796
"5738",-0.350949117482305,0.243043842749189,-1.15404021161893,-0.0607393005310451,0.585164028183756,0.201593686882939
"5740",-0.0195963296297108,-0.467006787771259,-1.22607171116639,-0.307221143248734,0.0138321162136806,-0.33227589144574
"5743",-0.247755979699564,-0.171397673587116,-1.09181099602692,0.21806707195248,0.287477881673593,-0.0741967916460746
"5744",0.511179957669733,-0.486328867604468,0.170967494207779,-0.58474964302043,0.252711046114013,-0.00680385959155561
"5747",-0.292536550763818,-0.0877726003311019,0.510415969952814,0.32300031223145,-0.197374164371029,0.898626371559091
"5749",0.678035411717584,0.826120072991082,0.34416304702812,-0.790807469982703,0.313691637391121,-0.475400271690262
"5750",-0.247755979699564,-0.171397673587116,-1.32826748194081,-0.293866716565812,-0.79435650581772,-0.337091836737373
"5751",0.407986819886991,-0.0718873512681628,0.425175135228812,-0.475007295909378,-0.401548300238985,0.663887368596427
"5752",-0.247755979699564,-0.171397673587116,0.294625936611317,-0.164822603251318,0.14456554432372,0.315826078327193
"5753",-0.0195963296297108,-0.467006787771259,0.282143853635429,-0.528785738347718,-0.206536104771099,0.228839649895699
"5754",-0.0195963296297108,-0.467006787771259,0.582140622409021,0.253614610956441,-0.315198277746483,-0.553983088489157
"5755",-0.623889338616413,0.622278030189346,0.282143853635429,-0.528785738347718,0.754290121251157,-0.589632663134516
"5759",-0.292536550763818,-0.0877726003311019,0.61413283019425,0.84213417796938,-0.315198277746483,-0.553983088489157
"5762",1.43697134908688,0.51118887897373,0.219914638043425,-0.807592110831242,1.40606651609667,-0.664366563810714
"5764",-0.247755979699564,-0.171397673587116,-1.2072888385577,-0.270227341658935,-0.0415525122865705,-0.295903988689492
"5765",1.29167073114985,-0.855243995609898,0.35417535318289,-0.282303895630029,0.585164028183756,0.201593686882939
"5767",-0.457242468617139,0.157140604678315,-0.988094135785487,0.737200937690409,-0.19789083555612,-0.206826304744514
"5768",-0.247755979699564,-0.171397673587116,0.720128862284658,1.2242838120311,0.503232282110991,0.123020144757501
"5770",-0.0195963296297108,-0.467006787771259,-0.988094135785487,0.737200937690409,0.287477881673593,-0.0741967916460746
"5772",-0.184302247483032,-0.222093582761843,0.294625936611317,-0.164822603251318,-0.858524221260292,0.156908617199223
"5773",0.532734793780551,-0.540312801592546,-1.1450596229657,0.00857903082459028,-0.465326111857557,-0.115384639693955
"5775",-0.457242468617139,0.157140604678315,0.406392262620124,-0.512001097499178,0.607346335233686,-0.52227631626605
"5778",0.678035411717584,0.826120072991082,0.584820421429452,0.649902275818676,0.239518920935014,0.319010058631146
"5779",-0.350949117482305,0.243043842749189,0.532603511992218,0.879599477687825,-0.685694332842336,0.445730901647483
"5780",-0.247755979699564,-0.171397673587116,0.219914638043425,-0.807592110831242,-0.370204052788985,0.609804087110831
"5783",-0.292536550763818,-0.0877726003311019,-1.03068561193861,0.572247275326935,-0.401716982696263,-0.0581173779044057
"5785",-0.292536550763818,-0.0877726003311019,-1.34705035454949,-0.330860518155611,0.646144619460864,-0.267002725215767
"5789",1.29167073114985,-0.855243995609898,0.35417535318289,-0.282303895630029,-0.482150996146607,-0.181671597245238
"5790",0.678035411717584,0.826120072991082,0.665017161999838,0.797573110588697,0.287477881673593,-0.0741967916460746
"5791",-0.0195963296297108,-0.467006787771259,-1.03780312724579,0.720151604285814,-0.162282542586513,-0.629751121865213
"5792",-0.184302247483032,-0.222093582761843,-1.15404021161893,-0.0607393005310451,0.256133634223593,-0.0201135101604785
"5794",2.36988983730714,1.87075384241246,0.375638024812008,0.150977570822006,-0.337380584796413,0.169886914659831
"5795",-0.520696200833671,0.207836513853041,0.353071521679203,-0.206930064739098,-0.546318711589179,0.312328856691358
"5796",-0.0195963296297108,-0.467006787771259,0.428886651750782,0.360465611949896,-0.366342550467334,-1.1078012992761
"5797",-0.292536550763818,-0.0877726003311019,-1.1450596229657,0.00857903082459028,0.194748687565337,0.0721481540884528
"5800",-0.623889338616413,0.622278030189346,0.300926726244117,-0.491791936757918,-0.546318711589179,0.312328856691358
"5801",-0.247755979699564,-0.171397673587116,0.477319930663898,-0.190145423890558,-0.374005494356314,-0.504301535163987
"5802",-0.247755979699564,-0.171397673587116,0.354692583184231,-0.635569369421799,-0.0803495326250798,0.767089583251121
"5803",-0.292536550763818,-0.0877726003311019,-1.2072888385577,-0.270227341658935,0.607346335233686,-0.52227631626605
"5806",-0.247755979699564,-0.171397673587116,-1.2072888385577,-0.270227341658935,-0.438173209798886,-0.0103010812273913
"5808",-0.698852333563524,0.87256071036026,0.425175135228812,-0.475007295909378,-0.0449751003961507,-0.282594338120569
"5809",-0.292536550763818,-0.0877726003311019,-0.92696875169717,1.09138114106486,0.205546135600828,-0.152770333771513
"5811",-0.247755979699564,-0.171397673587116,0.362945919636808,-0.753813668392903,-0.482150996146607,-0.181671597245238
"5812",1.45637664900317,-1.10015720061931,0.291946137590887,-0.561110268113553,1.37732801234496,0.761689740392485
"5813",-0.457242468617139,0.157140604678315,0.460572012444757,0.633117634970136,0.69382620115914,0.984416425267795
"5814",-0.0195963296297108,-0.467006787771259,-0.988094135785487,0.737200937690409,0.274893353163943,-0.730673862740544
"5815",-0.350949117482305,0.243043842749189,0.219914638043425,-0.807592110831242,-0.635066731306576,-0.105903563869182
"5817",-0.457242468617139,0.157140604678315,0.35417535318289,-0.282303895630029,-0.538655767700198,-0.291170907420752
"5818",-0.0195963296297108,-0.467006787771259,0.51010912286156,0.00713276823875158,0.0665929895037224,-0.618533926608241
"5821",-0.623889338616413,0.622278030189346,0.490012035839099,0.714645815324351,-0.721585436256357,0.389962146715569
"5822",0.238239736535625,-0.107094680164311,0.51010912286156,0.00713276823875158,0.581976904018292,0.226997728720829
"5824",-0.247755979699564,-0.171397673587116,-1.22607171116639,-0.307221143248734,-0.374005494356314,-0.504301535163987
"5828",-0.247755979699564,-0.171397673587116,0.429403881752123,0.00720013815812524,0.852783421318986,0.564638526390919
"5829",1.45637664900317,-1.10015720061931,-1.2072888385577,-0.270227341658935,0.252711046114013,-0.00680385959155561
"5832",0.226730473805046,0.092492090831876,0.643266006497338,0.607794814330896,0.14456554432372,0.315826078327193
"5833",-0.0195963296297108,-0.467006787771259,0.418874345596012,-0.148037962402779,-0.315198277746483,-0.553983088489157
"5836",0.532734793780551,-0.540312801592546,-1.03068561193861,0.572247275326935,-0.0415525122865705,-0.295903988689492
"5838",-0.350949117482305,0.243043842749189,0.233713939801123,-0.659208744328676,-0.482150996146607,-0.181671597245238
"5841",-0.247755979699564,-0.171397673587116,-0.988094135785487,0.737200937690409,0.581976904018292,0.226997728720829
"5842",0.739339607739586,-0.781937981788611,-1.09181099602692,0.21806707195248,-0.184464849636443,0.0941188812837757
"5843",0.574633689886265,-0.537024776779195,-0.436393790838336,-0.186221484030811,-0.395506256902721,0.908183103887158
"5844",-0.184302247483032,-0.222093582761843,0.71797730506523,1.25056432191082,-0.153120602186443,0.0400355997981796
"5846",-0.184302247483032,-0.222093582761843,0.728506841221341,1.40580242247172,-0.482150996146607,-0.181671597245238
"5848",-0.247755979699564,-0.171397673587116,-1.34705035454949,-0.330860518155611,0.100311982139134,1.17441685008811
"5849",0.259794572646443,-0.161078614152389,0.61413283019425,0.84213417796938,0.613741177861022,0.898510670084052
"5850",0.532734793780551,-0.540312801592546,0.477319930663898,-0.190145423890558,-0.184464849636443,0.0941188812837757
"5851",-0.184302247483032,-0.222093582761843,0.238697510652113,-0.770598309241443,-0.374005494356314,-0.504301535163987
"5853",-0.184302247483032,-0.222093582761843,-1.15404021161893,-0.0607393005310451,-0.546318711589179,0.312328856691358
"5854",-0.520696200833671,0.207836513853041,-0.383145163899562,0.023266557097079,-0.0536203696111294,0.153071616519643
"5856",-0.698852333563524,0.87256071036026,0.643266006497338,0.607794814330896,-0.562295661745213,0.62115041958376
"5858",0.739339607739586,-0.781937981788611,-1.03780312724579,0.720151604285814,0.372498854000952,-0.525081825015432
"5859",-0.247755979699564,-0.171397673587116,0.643266006497338,0.607794814330896,-0.409379926585243,0.545382386207703
"5860",0.697440711633871,-0.785226006601963,0.488953298323696,-0.110281154220585,1.54964122957782,-0.0549406514628594
"5865",-0.53220546356425,0.407423284849228,0.291946137590887,-0.561110268113553,0.693309529974049,-0.12103625103581
"5866",-0.53220546356425,0.407423284849228,0.223184403645013,-0.81444684488958,-0.0415525122865705,-0.295903988689492
"5867",-0.457242468617139,0.157140604678315,0.478423762167585,-0.265519254781489,0.0644208787251139,1.11864809515619
"5868",-0.698852333563524,0.87256071036026,0.373475455792918,-0.598575567831999,-0.23326526778505,0.842857616627177
"5869",-0.247755979699564,-0.171397673587116,0.643266006497338,0.607794814330896,-0.264609515235049,0.896940898112773
"5872",-0.247755979699564,-0.171397673587116,-1.1450596229657,0.00857903082459028,-0.392555042296193,0.611669343758987
"5873",-0.184302247483032,-0.222093582761843,0.34416304702812,-0.790807469982703,-0.699234446749148,0.388096890067413
"5874",-0.457242468617139,0.157140604678315,0.291946137590887,-0.561110268113553,0.396140054648976,0.708625946738782
"5875",-0.0195963296297108,-0.467006787771259,-1.03068561193861,0.572247275326935,-0.153120602186443,0.0400355997981796
"5876",-0.623889338616413,0.622278030189346,0.34416304702812,-0.790807469982703,-0.0449751003961507,-0.282594338120569
"5877",-0.247755979699564,-0.171397673587116,-0.87185705141235,1.51809184250727,0.287477881673593,-0.0741967916460746
"5880",0.469281061564018,-0.48961689241782,0.294625936611317,-0.164822603251318,0.287477881673593,-0.0741967916460746
"5883",1.61095389993784,2.18568503642981,-0.87185705141235,1.51809184250727,0.480644355791245,-0.847711762934181
"5886",-0.457242468617139,0.157140604678315,-1.1450596229657,0.00857903082459028,-0.482150996146607,-0.181671597245238
"5887",-0.0195963296297108,-0.467006787771259,-1.1450596229657,0.00857903082459028,-0.337380584796413,0.169886914659831
"5890",-0.623889338616413,0.622278030189346,-1.15404021161893,-0.0607393005310451,-0.496670359307557,-0.0613013582083589
"5893",0.739339607739586,-0.781937981788611,0.238697510652113,-0.770598309241443,0.395623383463885,-0.396826729564824
"5894",-0.457242468617139,0.157140604678315,0.362945919636808,-0.753813668392903,-0.79435650581772,-0.337091836737373
"5895",0.405095190583477,1.20535426043124,0.532603511992218,0.879599477687825,0.263797842001241,0.694653888718308
"5896",0.574633689886265,-0.537024776779195,-1.22607171116639,-0.307221143248734,0.14456554432372,0.315826078327193
"5903",0.913322158590549,0.892558175667467,-1.22607171116639,-0.307221143248734,0.278315941273523,-0.743983513309467
"5905",-0.0195963296297108,-0.467006787771259,-0.49862300643034,-0.465027856514335,-0.560838074750129,0.432699095728237
"5907",-0.350949117482305,0.243043842749189,0.362945919636808,-0.753813668392903,0.141378420158256,0.341230120165083
"5908",-0.698852333563524,0.87256071036026,0.373475455792918,-0.598575567831999,-0.482150996146607,-0.181671597245238
"5909",1.29167073114985,-0.855243995609898,0.34416304702812,-0.790807469982703,-0.374005494356314,-0.504301535163987
"5911",1.45637664900317,-1.10015720061931,-1.1450596229657,0.00857903082459028,-0.184464849636443,0.0941188812837757
"5912",0.697440711633871,-0.785226006601963,0.71797730506523,1.25056432191082,-0.482150996146607,-0.181671597245238
"5914",-0.595659195780783,0.458119194023954,0.313408809220005,-0.127828801661519,-0.474488052257626,-0.785171361357347
"5915",0.301693468752157,-0.157790589339037,0.362945919636808,-0.753813668392903,-0.0763193478461505,-0.228511056634973
"5916",1.45637664900317,-1.10015720061931,0.260448666154613,-0.580820012983642,0.525414589160922,-0.600849858391488
"5917",0.739339607739586,-0.781937981788611,0.219914638043425,-0.807592110831242,0.585164028183756,0.201593686882939
"5918",0.913322158590549,0.892558175667467,0.595349957585562,0.80514037637958,-0.162282542586513,-0.629751121865213
"5919",-0.184302247483032,-0.222093582761843,-1.22607171116639,-0.307221143248734,-0.00835019083624964,0.391594111703249
"5920",-0.184302247483032,-0.222093582761843,-1.22607171116639,-0.307221143248734,-0.184464849636443,0.0941188812837757
"5921",0.739339607739586,-0.781937981788611,0.418874345596012,-0.148037962402779,-0.474488052257626,-0.785171361357347
"5922",-0.698852333563524,0.87256071036026,-1.09181099602692,0.21806707195248,-0.011537315001714,0.416998153541139
"5923",-0.698852333563524,0.87256071036026,-1.22607171116639,-0.307221143248734,0.437050205575249,0.384310535373714
"5925",-0.595659195780783,0.458119194023954,0.478423762167585,-0.265519254781489,-0.474488052257626,-0.785171361357347
"5926",-0.292536550763818,-0.0877726003311019,0.373475455792918,-0.598575567831999,-0.546318711589179,0.312328856691358
"5927",-0.292536550763818,-0.0877726003311019,0.404643586485553,0.0273419289800116,-0.315198277746483,-0.553983088489157
"5930",-0.0195963296297108,-0.467006787771259,-1.22607171116639,-0.307221143248734,-0.401548300238985,0.663887368596427
"5931",1.45637664900317,-1.10015720061931,0.241665793545925,-0.617813814573442,-0.248632565079016,0.588119335220371
"5933",-0.623889338616413,0.622278030189346,0.539549146255902,0.0886609485929665,-0.153120602186443,0.0400355997981796
"5934",-0.520696200833671,0.207836513853041,0.356341287280791,-0.213784798797435,-0.79435650581772,-0.337091836737373
"5938",0.739339607739586,-0.781937981788611,0.117718867269005,-0.79423768414832,-0.306036337346413,0.115803633174235
"5940",-0.247755979699564,-0.171397673587116,-1.1450596229657,0.00857903082459028,0.229352209567284,0.664099397581252
"5941",1.22821699893331,-0.804548086435172,0.592670158565132,0.408852711517345,-0.0415525122865705,-0.295903988689492
"5942",-0.247755979699564,-0.171397673587116,-1.16384249557438,-0.0284147707652094,-0.0948688957860302,0.887459822288
"5943",-0.520696200833671,0.207836513853041,0.34416304702812,-0.790807469982703,-0.79435650581772,-0.337091836737373
"5945",-0.184302247483032,-0.222093582761843,0.656851920976913,0.896384118536365,-0.465326111857557,-0.115384639693955
"5947",-0.520696200833671,0.207836513853041,0.238697510652113,-0.770598309241443,-0.721585436256357,0.389962146715569
"5951",-0.457242468617139,0.157140604678315,0.550643150972748,0.233904866086352,0.439064566668419,0.617020598694097
"5952",-0.0195963296297108,-0.467006787771259,-1.03068561193861,0.572247275326935,-0.306036337346413,0.115803633174235
"5953",-0.292536550763818,-0.0877726003311019,0.457892213424327,0.236829970107901,0.754806792436248,0.515820013169089
"5955",-0.595659195780783,0.458119194023954,0.643266006497338,0.607794814330896,-0.0803495326250798,0.767089583251121
"5956",-0.184302247483032,-0.222093582761843,0.539549146255902,0.0886609485929665,0.520996312741184,0.695594140819535
"5957",-0.292536550763818,-0.0877726003311019,0.728506841221341,1.40580242247172,0.68011740479505,0.204777667186892
"5958",0.739339607739586,-0.781937981788611,-1.22607171116639,-0.307221143248734,0.364279136013886,-0.342743448079227
"5960",-0.292536550763818,-0.0877726003311019,0.532603511992218,0.879599477687825,0.213209079489808,-0.756270097883623
"5961",0.685162508520696,1.18816728985161,0.593728896080535,1.23377968106228,-0.438173209798886,-0.0103010812273913
"5962",0.739339607739586,-0.781937981788611,-1.03068561193861,0.572247275326935,0.0864398722174115,1.05412226755452
"5964",-0.0195963296297108,-0.467006787771259,0.61413283019425,0.84213417796938,-0.167639965347394,0.160405838835059
"5965",-0.247755979699564,-0.171397673587116,0.375638024812008,0.150977570822006,-0.482150996146607,-0.181671597245238
"5969",-0.184302247483032,-0.222093582761843,0.35417535318289,-0.282303895630029,-0.11169378007508,0.821172864736717
"5970",-0.0195963296297108,-0.467006787771259,0.416194546575582,-0.544325627265013,-0.0895114730251495,0.0973028615877283
"5972",2.38929513722343,0.259407762819412,0.406392262620124,-0.512001097499178,-0.496670359307557,-0.0613013582083589
"5974",-0.457242468617139,0.157140604678315,0.385860713876865,-0.00965187260978815,0.395623383463885,-0.396826729564824
"5975",-0.520696200833671,0.207836513853041,0.478423762167585,-0.265519254781489,-0.482150996146607,-0.181671597245238
"5976",-0.457242468617139,0.157140604678315,0.406392262620124,-0.512001097499178,0.395623383463885,-0.396826729564824
"5977",1.61095389993784,2.18568503642981,0.294625936611317,-0.164822603251318,0.607346335233686,-0.52227631626605
"5978",-0.520696200833671,0.207836513853041,0.582140622409021,0.253614610956441,-0.293402798448692,0.341257430677678
"5979",-0.0195963296297108,-0.467006787771259,0.595349957585562,0.80514037637958,-0.162282542586513,-0.629751121865213
"5980",-0.184302247483032,-0.222093582761843,0.34416304702812,-0.790807469982703,-0.374005494356314,-0.504301535163987
"5982",0.532734793780551,-0.540312801592546,-1.15404021161893,-0.0607393005310451,0.205546135600828,-0.152770333771513
"5984",-0.247755979699564,-0.171397673587116,-0.383145163899562,0.023266557097079,-0.562295661745213,0.62115041958376
"5985",1.22821699893331,-0.804548086435172,0.441582122004793,0.584222809343393,-0.635066731306576,-0.105903563869182
"5986",-0.698852333563524,0.87256071036026,0.539549146255902,0.0886609485929665,-0.79435650581772,-0.337091836737373
"5987",-0.0195963296297108,-0.467006787771259,-1.22607171116639,-0.307221143248734,0.607346335233686,-0.52227631626605
"5991",-0.0195963296297108,-0.467006787771259,0.457892213424327,0.236829970107901,-0.337380584796413,0.169886914659831
"5992",0.697440711633871,-0.785226006601963,0.291946137590887,-0.561110268113553,2.5606010333957,0.782972190594855
"5993",-0.0195963296297108,-0.467006787771259,0.375638024812008,0.150977570822006,0.274893353163943,-0.730673862740544
"5995",-0.0195963296297108,-0.467006787771259,0.539549146255902,0.0886609485929665,-0.0415525122865705,-0.295903988689492
"5996",2.32799094120143,1.86746581759911,-0.92696875169717,1.09138114106486,0.19196591878102,0.473886943776117
"5997",-0.292536550763818,-0.0877726003311019,0.356341287280791,-0.213784798797435,1.22061083561766,-0.276647848506277
"5998",-0.350949117482305,0.243043842749189,0.415300737271207,0.0718763077444268,-0.560838074750129,0.432699095728237
"6000",-0.520696200833671,0.207836513853041,0.219914638043425,-0.807592110831242,-0.482150996146607,-0.181671597245238
"6001",0.511179957669733,-0.486328867604468,0.300926726244117,-0.491791936757918,0.71584463631505,0.331584996874573
"6002",-0.623889338616413,0.622278030189346,0.300926726244117,-0.491791936757918,-0.482150996146607,-0.181671597245238
"6004",-0.247755979699564,-0.171397673587116,0.416194546575582,-0.544325627265013,-0.546318711589179,0.312328856691358
"6009",-0.457242468617139,0.157140604678315,0.624789980979904,0.886668556733794,-0.496670359307557,-0.0613013582083589
"6010",-0.292536550763818,-0.0877726003311019,-0.517405879039027,-0.502021658104135,-0.242427208185119,0.173070894963785
"6011",-0.292536550763818,-0.0877726003311019,-1.22607171116639,-0.307221143248734,0.651324121581406,-0.350905800248203
"6013",-0.520696200833671,0.207836513853041,0.219914638043425,-0.807592110831242,-0.105720227729143,0.198096465247103
"6015",0.697440711633871,-0.785226006601963,0.241665793545925,-0.617813814573442,0.0803978288811474,0.809826532263789
"6018",2.22458921937011,0.504320967828828,0.648840596365355,1.66049038250468,-0.562295661745213,0.62115041958376
"6020",-0.623889338616413,0.622278030189346,0.490012035839099,0.714645815324351,-0.356663938882173,0.667438098690901
"6022",-0.520696200833671,0.207836513853041,0.648840596365355,1.66049038250468,-0.264609515235049,0.896940898112773
"6025",-0.184302247483032,-0.222093582761843,0.35417535318289,-0.282303895630029,-0.248632565079016,0.588119335220371
"6026",0.739339607739586,-0.781937981788611,0.34416304702812,-0.790807469982703,-0.482150996146607,-0.181671597245238
"6028",-0.184302247483032,-0.222093582761843,-0.279428303658126,0.542400422835008,-0.153120602186443,0.0400355997981796
"6031",-0.292536550763818,-0.0877726003311019,0.478423762167585,-0.265519254781489,-0.482150996146607,-0.181671597245238
"6033",-0.292536550763818,-0.0877726003311019,0.362945919636808,-0.753813668392903,0.351087010834887,-0.0169295298565255
"6037",0.678035411717584,0.826120072991082,-1.2072888385577,-0.270227341658935,0.386461443063816,-1.06661345122822
"6039",-0.0195963296297108,-0.467006787771259,0.60360329403814,0.686896077408476,-0.79435650581772,-0.337091836737373
"6040",-0.623889338616413,0.622278030189346,-1.09181099602692,0.21806707195248,-0.79435650581772,-0.337091836737373
"6041",2.38929513722343,0.259407762819412,0.4376572182047,-0.111044160812979,-0.264609515235049,0.896940898112773
"6042",1.61095389993784,2.18568503642981,0.219914638043425,-0.807592110831242,0.706331160512578,-0.196425812857295
"6043",-0.0195963296297108,-0.467006787771259,0.0989359946603178,-0.83123148573812,0.395623383463885,-0.396826729564824
"6047",-0.457242468617139,0.157140604678315,-1.1450596229657,0.00857903082459028,-0.858524221260292,0.156908617199223
"6049",1.29167073114985,-0.855243995609898,-1.2072888385577,-0.270227341658935,-0.184464849636443,0.0941188812837757
"6050",-0.53220546356425,0.407423284849228,-1.06012563533295,0.49071909497272,0.205546135600828,-0.152770333771513
"6051",-0.292536550763818,-0.0877726003311019,-1.22607171116639,-0.307221143248734,0.313691637391121,-0.475400271690262
"6052",0.697440711633871,-0.785226006601963,0.488953298323696,-0.110281154220585,-0.635066731306576,-0.105903563869182
"6053",-0.247755979699564,-0.171397673587116,0.479354885053444,0.670111436559935,-0.337380584796413,0.169886914659831
"6059",-0.292536550763818,-0.0877726003311019,0.35417535318289,-0.282303895630029,-0.226450258029085,-0.135750667928618
"6060",-0.184302247483032,-0.222093582761843,0.653795542653449,0.7630329148918,-0.184464849636443,0.0941188812837757
"6061",1.61095389993784,2.18568503642981,-1.1450596229657,0.00857903082459028,0.0803978288811474,0.809826532263789
"6062",0.0181847077000579,0.554341491529556,0.373475455792918,-0.598575567831999,0.360248951234956,0.652857191806867
"6063",-0.520696200833671,0.207836513853041,0.354692583184231,-0.635569369421799,0.0526304004408583,-0.0770023003954569
"6064",0.574633689886265,-0.537024776779195,0.241665793545925,-0.617813814573442,-0.526921229516283,-0.428533501787931
"6065",-0.247755979699564,-0.171397673587116,0.0989359946603178,-0.83123148573812,-0.482150996146607,-0.181671597245238
"6068",-0.292536550763818,-0.0877726003311019,0.61413283019425,0.84213417796938,-0.379365993189055,-0.0599826345525617
"6070",-0.247755979699564,-0.171397673587116,-1.2072888385577,-0.270227341658935,-0.526921229516283,-0.428533501787931
"6071",-0.457242468617139,0.157140604678315,0.362945919636808,-0.753813668392903,-0.635066731306576,-0.105903563869182
"6072",-0.53220546356425,0.407423284849228,0.643266006497338,0.607794814330896,0.0526304004408583,-0.0770023003954569
"6076",-0.184302247483032,-0.222093582761843,0.416921798776234,-0.356762996938274,-0.184464849636443,0.0941188812837757
"6077",-0.520696200833671,0.207836513853041,0.457892213424327,0.236829970107901,-0.0444584292110597,0.822858338183036
"6078",-0.247755979699564,-0.171397673587116,0.300926726244117,-0.491791936757918,-0.721585436256357,0.389962146715569
"6079",-0.350949117482305,0.243043842749189,0.362945919636808,-0.753813668392903,-0.401548300238985,0.663887368596427
"6080",-0.36749954571093,0.162510079839811,-1.09181099602692,0.21806707195248,0.585164028183756,0.201593686882939
"6081",-0.247755979699564,-0.171397673587116,0.582140622409021,0.253614610956441,0.205546135600828,-0.152770333771513
"6082",-0.595659195780783,0.458119194023954,0.519017597512643,0.591010173482356,-0.482150996146607,-0.181671597245238
"6083",1.22821699893331,-0.804548086435172,-1.2072888385577,-0.270227341658935,0.328904703784956,0.706940473292463
"6085",-0.520696200833671,0.207836513853041,0.539549146255902,0.0886609485929665,-0.409379926585243,0.545382386207703
"6087",-0.184302247483032,-0.222093582761843,0.362945919636808,-0.753813668392903,-0.19789083555612,-0.206826304744514
"6088",0.685162508520696,1.18816728985161,0.614421314067632,0.598631007775146,-0.526921229516283,-0.428533501787931
"6090",-0.520696200833671,0.207836513853041,-0.218302919569809,0.896580626209464,-0.23326526778505,0.842857616627177
"6091",0.407986819886991,-0.0718873512681628,-0.92696875169717,1.09138114106486,0.306153463907577,0.395552741148099
"6092",-0.457242468617139,0.157140604678315,0.238697510652113,-0.770598309241443,-0.401548300238985,0.663887368596427
"6093",-0.595659195780783,0.458119194023954,0.550078682412012,0.24389904915387,-0.482150996146607,-0.181671597245238
"6094",1.39507245298117,0.507900854160378,0.60714292951661,0.87933478513177,-0.482150996146607,-0.181671597245238
"6096",-0.595659195780783,0.458119194023954,0.499886433796703,0.167762211670546,-0.721585436256357,0.389962146715569
"6097",0.511179957669733,-0.486328867604468,0.51010912286156,0.00713276823875158,0.635183857867741,0.617259938191517
"6099",-0.520696200833671,0.207836513853041,0.437051892773707,0.261654604002228,-0.852482177924028,0.401204352489954
"6100",0.466399386605478,-0.402703794348454,0.34416304702812,-0.790807469982703,-0.153120602186443,0.0400355997981796
"6103",-0.0195963296297108,-0.467006787771259,0.728506841221341,1.40580242247172,-0.560838074750129,0.432699095728237
"6106",-0.292536550763818,-0.0877726003311019,0.416194546575582,-0.544325627265013,0.287477881673593,-0.0741967916460746
"6107",-0.292536550763818,-0.0877726003311019,0.574129297797463,1.01772087492476,-0.0444584292110597,0.822858338183036
"6108",-0.292536550763818,-0.0877726003311019,-0.988094135785487,0.737200937690409,-0.226450258029085,-0.135750667928618
"6110",-0.520696200833671,0.207836513853041,0.406392262620124,-0.512001097499178,-0.482150996146607,-0.181671597245238
"6112",-0.247755979699564,-0.171397673587116,0.356855152203321,0.113983769232207,-0.538655767700198,-0.291170907420752
"6113",-0.247755979699564,-0.171397673587116,-1.15404021161893,-0.0607393005310451,-0.0444584292110597,0.822858338183036
"6114",-0.247755979699564,-0.171397673587116,0.553135060735477,0.377250252798436,0.543178619791114,-0.0282758623294542
"6116",1.29167073114985,-0.855243995609898,0.362945919636808,-0.753813668392903,0.14456554432372,0.315826078327193
"6118",-0.595659195780783,0.458119194023954,0.61413283019425,0.84213417796938,-0.529493827300129,0.378615814242641
"6119",-0.36749954571093,0.162510079839811,0.595349957585562,0.80514037637958,0.16674785137365,-0.408043924821796
"6122",-0.457242468617139,0.157140604678315,0.416194546575582,-0.544325627265013,-0.217288317629016,0.534036053734775
"6124",-0.0195963296297108,-0.467006787771259,0.373475455792918,-0.598575567831999,-0.0541370407962202,-0.952381059783962
"6127",-0.184302247483032,-0.222093582761843,0.35417535318289,-0.282303895630029,1.62241229913919,0.672113331990082
"6130",0.678035411717584,0.826120072991082,0.300926726244117,-0.491791936757918,-0.0415525122865705,-0.295903988689492
"6131",-0.0195963296297108,-0.467006787771259,0.416194546575582,-0.544325627265013,-0.162282542586513,-0.629751121865213
"6132",-0.292536550763818,-0.0877726003311019,0.425175135228812,-0.475007295909378,0.581976904018292,0.226997728720829
"6133",-0.247755979699564,-0.171397673587116,0.425175135228812,-0.475007295909378,-0.374005494356314,-0.504301535163987
"6136",0.739339607739586,-0.781937981788611,0.35417535318289,-0.282303895630029,0.766080599535412,0.606017732417132
"6137",-0.36749954571093,0.162510079839811,0.238697510652113,-0.770598309241443,-0.538655767700198,-0.291170907420752
"6141",-0.36749954571093,0.162510079839811,-0.988094135785487,0.737200937690409,-0.145457658297463,-0.56346416431393
"6142",-0.292536550763818,-0.0877726003311019,0.238697510652113,-0.770598309241443,-0.217288317629016,0.534036053734775
"6143",-0.0195963296297108,-0.467006787771259,-1.2072888385577,-0.270227341658935,-0.0895114730251495,0.0973028615877283
"6144",-0.457242468617139,0.157140604678315,0.34416304702812,-0.790807469982703,1.48547351413525,0.439059802473736
"6145",-0.184302247483032,-0.222093582761843,0.238697510652113,-0.770598309241443,-0.496670359307557,-0.0613013582083589
"6146",-0.247755979699564,-0.171397673587116,0.488953298323696,-0.110281154220585,-0.526921229516283,-0.428533501787931
"6147",-0.0195963296297108,-0.467006787771259,-1.22607171116639,-0.307221143248734,-0.635066731306576,-0.105903563869182
"6148",1.45637664900317,-1.10015720061931,-0.92696875169717,1.09138114106486,1.73599475013223,0.568883806822793
"6149",-0.0195963296297108,-0.467006787771259,-1.2072888385577,-0.270227341658935,0.607346335233686,-0.52227631626605
"6150",0.163276741588514,0.143188000006602,0.425175135228812,-0.475007295909378,-0.370204052788985,0.609804087110831
"6151",-0.0195963296297108,-0.467006787771259,-1.2072888385577,-0.270227341658935,-0.474488052257626,-0.785171361357347
"6152",-0.292536550763818,-0.0877726003311019,0.479354885053444,0.670111436559935,-0.538655767700198,-0.291170907420752
"6154",-0.623889338616413,0.622278030189346,0.300926726244117,-0.491791936757918,0.031218557274793,0.431149994763449
"6156",-0.247755979699564,-0.171397673587116,0.373475455792918,-0.598575567831999,-0.228718411821029,0.952709653044688
"6157",-0.520696200833671,0.207836513853041,0.643266006497338,0.607794814330896,0.287477881673593,-0.0741967916460746
"6159",-0.53220546356425,0.407423284849228,0.429934377466523,0.409558932961107,-0.106659374070286,-0.308190573263648
"6160",-0.0195963296297108,-0.467006787771259,-1.34705035454949,-0.330860518155611,0.715491837023979,-0.844906254184799
"6162",-0.247755979699564,-0.171397673587116,0.238697510652113,-0.770598309241443,-0.0415525122865705,-0.295903988689492
"6163",0.748616240737228,1.13747138067688,-1.22607171116639,-0.307221143248734,-0.0415525122865705,-0.295903988689492
"6165",-0.184302247483032,-0.222093582761843,0.362945919636808,-0.753813668392903,-0.699234446749148,0.388096890067413
"6166",-0.0195963296297108,-0.467006787771259,-1.1450596229657,0.00857903082459028,0.585164028183756,0.201593686882939
"6167",-0.184302247483032,-0.222093582761843,-1.15404021161893,-0.0607393005310451,-0.248632565079016,0.588119335220371
"6169",-0.247755979699564,-0.171397673587116,0.457892213424327,0.236829970107901,-0.0444584292110597,0.822858338183036
"6171",-0.520696200833671,0.207836513853041,-1.09181099602692,0.21806707195248,-0.79435650581772,-0.337091836737373
"6172",-0.53220546356425,0.407423284849228,0.300926726244117,-0.491791936757918,-0.211246274292752,0.778331789025506
"6173",-0.247755979699564,-0.171397673587116,0.478423762167585,-0.265519254781489,-0.526404558331192,0.676919174515674
"6177",-0.247755979699564,-0.171397673587116,-0.988094135785487,0.737200937690409,-0.496670359307557,-0.0613013582083589
"6178",-0.520696200833671,0.207836513853041,0.665017161999838,0.797573110588697,-0.721585436256357,0.389962146715569
"6180",-0.36749954571093,0.162510079839811,0.532431630948718,0.236565277551846,-0.635066731306576,-0.105903563869182
"6182",-0.292536550763818,-0.0877726003311019,-1.06012563533295,0.49071909497272,0.607346335233686,-0.52227631626605
"6183",2.38929513722343,0.259407762819412,-0.92696875169717,1.09138114106486,0.386461443063816,-1.06661345122822
"6184",-0.0195963296297108,-0.467006787771259,0.354692583184231,-0.635569369421799,-0.75037871947,-0.165721320719526
"6185",-0.247755979699564,-0.171397673587116,0.406392262620124,-0.512001097499178,-0.140487063288723,0.265489397301622
"6186",-0.36749954571093,0.162510079839811,-1.22607171116639,-0.307221143248734,-0.430510265909906,-0.613800845339501
"6188",0.678035411717584,0.826120072991082,0.313408809220005,-0.127828801661519,-0.226450258029085,-0.135750667928618
"6189",-0.520696200833671,0.207836513853041,0.532603511992218,0.879599477687825,-0.465326111857557,-0.115384639693955
"6190",-0.292536550763818,-0.0877726003311019,-1.15404021161893,-0.0607393005310451,-0.423899289746193,0.665752625244583
"6192",0.405095190583477,1.20535426043124,-1.2072888385577,-0.270227341658935,0.395623383463885,-0.396826729564824
"6195",-0.36749954571093,0.162510079839811,-1.2072888385577,-0.270227341658935,0.607346335233686,-0.52227631626605
"6196",-0.53220546356425,0.407423284849228,0.416194546575582,-0.544325627265013,0.278315941273523,-0.743983513309467
"6198",-0.36749954571093,0.162510079839811,-1.06012563533295,0.49071909497272,0.239518920935014,0.319010058631146
"6199",-0.292536550763818,-0.0877726003311019,0.61413283019425,0.84213417796938,-0.0449751003961507,-0.282594338120569
"6201",-0.247755979699564,-0.171397673587116,-1.03068561193861,0.572247275326935,-0.452692572959836,0.110069157809488
"6202",-0.247755979699564,-0.171397673587116,0.426724082731692,-0.38908752670411,-0.562295661745213,0.62115041958376
"6203",0.163276741588514,0.143188000006602,-0.638384522422135,-0.525661033011012,-0.438173209798886,-0.0103010812273913
"6204",-0.520696200833671,0.207836513853041,0.35417535318289,-0.282303895630029,-0.482150996146607,-0.181671597245238
"6206",-0.184302247483032,-0.222093582761843,0.425175135228812,-0.475007295909378,0.287477881673593,-0.0741967916460746
"6209",-0.247755979699564,-0.171397673587116,0.435704671384922,-0.319769195348475,-0.635066731306576,-0.105903563869182
"6210",-0.595659195780783,0.458119194023954,0.539549146255902,0.0886609485929665,0.100311982139134,1.17441685008811
"6211",-0.184302247483032,-0.222093582761843,0.404643586485553,0.0273419289800116,-0.635066731306576,-0.105903563869182
"6214",0.238239736535625,-0.107094680164311,0.238697510652113,-0.770598309241443,-0.635066731306576,-0.105903563869182
"6215",-0.520696200833671,0.207836513853041,0.35417535318289,-0.282303895630029,-0.0763193478461505,-0.228511056634973
"6216",-0.698852333563524,0.87256071036026,0.339145471189051,1.67590947918946,-0.635066731306576,-0.105903563869182
"6217",-0.520696200833671,0.207836513853041,0.353071521679203,-0.206930064739098,0.287477881673593,-0.0741967916460746
"6218",-0.457242468617139,0.157140604678315,0.653795542653449,0.7630329148918,0.287477881673593,-0.0741967916460746
"6219",-0.292536550763818,-0.0877726003311019,-1.2072888385577,-0.270227341658935,0.278315941273523,-0.743983513309467
"6223",-0.184302247483032,-0.222093582761843,0.35417535318289,-0.282303895630029,-0.184464849636443,0.0941188812837757
"6225",-0.0195963296297108,-0.467006787771259,0.362945919636808,-0.753813668392903,0.287477881673593,-0.0741967916460746
"6227",-0.184302247483032,-0.222093582761843,0.532431630948718,0.236565277551846,-0.0803495326250798,0.767089583251121
"6229",-0.520696200833671,0.207836513853041,0.426724082731692,-0.38908752670411,-0.409379926585243,0.545382386207703
"6231",-0.292536550763818,-0.0877726003311019,0.375638024812008,0.150977570822006,-0.211246274292752,0.778331789025506
"6232",0.739339607739586,-0.781937981788611,0.656851920976913,0.896384118536365,0.22331016623102,0.419803662290521
"6233",-0.0195963296297108,-0.467006787771259,0.653795542653449,0.7630329148918,-0.560431100437346,-0.777839411365446
"6234",-0.184302247483032,-0.222093582761843,-1.09181099602692,0.21806707195248,0.0665929895037224,-0.618533926608241
"6235",0.685162508520696,1.18816728985161,-0.988094135785487,0.737200937690409,-0.374005494356314,-0.504301535163987
"6236",-0.184302247483032,-0.222093582761843,0.425175135228812,-0.475007295909378,0.217336613885083,1.04288006178014
"6237",-0.0195963296297108,-0.467006787771259,-1.16384249557438,-0.0284147707652094,-0.538655767700198,-0.291170907420752
"6240",0.955276777799207,-0.425313898995015,0.406392262620124,-0.512001097499178,0.00242527406115016,-0.124533472671645
"6241",1.01873051001574,-0.476009808169741,0.362945919636808,-0.753813668392903,0.780012351757623,-0.162415457062023
"6247",-0.184302247483032,-0.222093582761843,-0.92696875169717,1.09138114106486,0.69382620115914,0.984416425267795
"6248",-0.0195963296297108,-0.467006787771259,0.35417535318289,-0.282303895630029,0.693309529974049,-0.12103625103581
"6249",0.697440711633871,-0.785226006601963,0.366657436158778,0.0816592394663709,0.780012351757623,-0.162415457062023
"6252",1.61095389993784,2.18568503642981,0.356855152203321,0.113983769232207,-0.162282542586513,-0.629751121865213
"6254",-0.247755979699564,-0.171397673587116,0.35417535318289,-0.282303895630029,-0.184464849636443,0.0941188812837757
"6256",-0.520696200833671,0.207836513853041,-1.2072888385577,-0.270227341658935,-0.562295661745213,0.62115041958376
"6257",0.301693468752157,-0.157790589339037,-1.34705035454949,-0.330860518155611,-0.0415525122865705,-0.295903988689492
"6258",0.469281061564018,-0.48961689241782,0.416194546575582,-0.544325627265013,-0.306036337346413,0.115803633174235
"6260",-0.0195963296297108,-0.467006787771259,0.291946137590887,-0.561110268113553,-0.226450258029085,-0.135750667928618
"6261",-0.457242468617139,0.157140604678315,0.656851920976913,0.896384118536365,-0.474488052257626,-0.785171361357347
"6263",-0.247755979699564,-0.171397673587116,0.362945919636808,-0.753813668392903,-0.0415525122865705,-0.295903988689492
"6264",0.678035411717584,0.826120072991082,0.241967276253701,-0.77745304329978,0.715491837023979,-0.844906254184799
"6266",-0.0195963296297108,-0.467006787771259,0.656851920976913,0.896384118536365,-0.79435650581772,-0.337091836737373
"6267",0.739339607739586,-0.781937981788611,0.532603511992218,0.879599477687825,0.633560090951214,-0.923479796310237
"6268",-0.0195963296297108,-0.467006787771259,0.406392262620124,-0.512001097499178,1.22061083561766,-0.276647848506277
"6270",-0.184302247483032,-0.222093582761843,0.300926726244117,-0.491791936757918,-0.635066731306576,-0.105903563869182
"6271",-0.247755979699564,-0.171397673587116,-0.279428303658126,0.542400422835008,-0.357180610067264,-0.438014577612704
"6272",0.366087923781277,-0.0751753760815146,0.51010912286156,0.00713276823875158,-0.370204052788985,0.609804087110831
"6276",0.913322158590549,0.892558175667467,0.728506841221341,1.40580242247172,0.278315941273523,-0.743983513309467
"6277",-0.520696200833671,0.207836513853041,0.571829837914512,0.433677345411671,0.278315941273523,-0.743983513309467
"6280",-0.184302247483032,-0.222093582761843,-0.517405879039027,-0.502021658104135,-0.79435650581772,-0.337091836737373
"6282",-0.0195963296297108,-0.467006787771259,0.416921798776234,-0.356762996938274,0.278315941273523,-0.743983513309467
"6284",1.43697134908688,0.51118887897373,0.728506841221341,1.40580242247172,-0.0449751003961507,-0.282594338120569
"6287",-0.36749954571093,0.162510079839811,0.593728896080535,1.23377968106228,-0.529493827300129,0.378615814242641
"6288",0.913322158590549,0.892558175667467,0.356855152203321,0.113983769232207,-0.162282542586513,-0.629751121865213
"6292",-0.0195963296297108,-0.467006787771259,0.354692583184231,-0.635569369421799,-0.482150996146607,-0.181671597245238
"6293",-0.0195963296297108,-0.467006787771259,-1.22607171116639,-0.307221143248734,-0.145457658297463,-0.56346416431393
"6300",-0.0195963296297108,-0.467006787771259,0.395226611295418,-0.408797271574198,-0.0536203696111294,0.153071616519643
"6305",-0.520696200833671,0.207836513853041,0.117718867269005,-0.79423768414832,-0.19789083555612,-0.206826304744514
"6308",-0.36749954571093,0.162510079839811,0.595349957585562,0.80514037637958,1.07415857481125,-1.03771218775449
"6310",1.61095389993784,2.18568503642981,0.61413283019425,0.84213417796938,-0.153120602186443,0.0400355997981796
"6311",-0.53220546356425,0.407423284849228,0.519017597512643,0.591010173482356,0.205546135600828,-0.152770333771513
"6312",-0.247755979699564,-0.171397673587116,-1.09291482753061,0.29344090284341,-0.357180610067264,-0.438014577612704
"6314",0.469281061564018,-0.48961689241782,0.34416304702812,-0.790807469982703,0.987808552318748,0.180158269331093
"6315",-0.0195963296297108,-0.467006787771259,0.656851920976913,0.896384118536365,0.0665929895037224,-0.618533926608241
"6318",-0.520696200833671,0.207836513853041,0.499886433796703,0.167762211670546,-0.306036337346413,0.115803633174235
"6321",-0.292536550763818,-0.0877726003311019,0.238697510652113,-0.770598309241443,-0.153120602186443,0.0400355997981796
"6324",-0.0195963296297108,-0.467006787771259,0.477319930663898,-0.190145423890558,0.278315941273523,-0.743983513309467
"6325",-0.457242468617139,0.157140604678315,0.404643586485553,0.0273419289800116,0.278315941273523,-0.743983513309467
"6326",-0.292536550763818,-0.0877726003311019,0.519017597512643,0.591010173482356,-0.153120602186443,0.0400355997981796
"6327",-0.184302247483032,-0.222093582761843,0.643266006497338,0.607794814330896,0.585164028183756,0.201593686882939
"6328",-0.457242468617139,0.157140604678315,0.300926726244117,-0.491791936757918,-0.228718411821029,0.952709653044688
"6329",0.532734793780551,-0.540312801592546,-1.09181099602692,0.21806707195248,-0.635066731306576,-0.105903563869182
"6332",0.739339607739586,-0.781937981788611,0.429403881752123,0.00720013815812524,0.706331160512578,-0.196425812857295
"6334",-0.292536550763818,-0.0877726003311019,0.667381457133024,1.05162221909727,0.274893353163943,-0.730673862740544
"6335",-0.247755979699564,-0.171397673587116,-1.1450596229657,0.00857903082459028,0.278315941273523,-0.743983513309467
"6336",-0.595659195780783,0.458119194023954,0.478423762167585,-0.265519254781489,-0.699234446749148,0.388096890067413
"6339",-0.0195963296297108,-0.467006787771259,-1.15404021161893,-0.0607393005310451,-0.374005494356314,-0.504301535163987
"6340",-0.0195963296297108,-0.467006787771259,-1.2072888385577,-0.270227341658935,0.0665929895037224,-0.618533926608241
"6342",-0.698852333563524,0.87256071036026,0.362945919636808,-0.753813668392903,-0.211246274292752,0.778331789025506
"6345",-0.184302247483032,-0.222093582761843,0.238697510652113,-0.770598309241443,0.328904703784956,0.706940473292463
"6349",2.15400839035046,0.192969660143027,0.294625936611317,-0.164822603251318,2.20141762442334,-0.129674552139057
"6350",-0.247755979699564,-0.171397673587116,0.643266006497338,0.607794814330896,-0.0803495326250798,0.767089583251121
"6352",-0.247755979699564,-0.171397673587116,-1.32826748194081,-0.293866716565812,0.0671096606888131,0.486918749695364
"6353",-0.520696200833671,0.207836513853041,0.539549146255902,0.0886609485929665,-0.635066731306576,-0.105903563869182
"6359",-0.247755979699564,-0.171397673587116,-1.06012563533295,0.49071909497272,-0.0763193478461505,-0.228511056634973
"6360",-0.520696200833671,0.207836513853041,0.582140622409021,0.253614610956441,-0.482150996146607,-0.181671597245238
"6363",1.45637664900317,-1.10015720061931,-1.09181099602692,0.21806707195248,0.22331016623102,0.419803662290521
"6364",1.61095389993784,2.18568503642981,-0.92696875169717,1.09138114106486,-0.374005494356314,-0.504301535163987
"6365",-0.292536550763818,-0.0877726003311019,-1.27501885500203,-0.0843786754379221,0.0665929895037224,-0.618533926608241
"6371",0.739339607739586,-0.781937981788611,-1.22607171116639,-0.307221143248734,-0.0895114730251495,0.0973028615877283
"6372",-0.0195963296297108,-0.467006787771259,0.353071521679203,-0.206930064739098,-0.162282542586513,-0.629751121865213
"6373",-0.184302247483032,-0.222093582761843,-1.1450596229657,0.00857903082459028,-0.162282542586513,-0.629751121865213
"6374",-0.0195963296297108,-0.467006787771259,0.708907242938269,1.1897436163342,-0.432131166462622,0.23399465406334
"6378",3.08692687857072,1.55253462358175,0.418874345596012,-0.148037962402779,-0.496670359307557,-0.0613013582083589
"6379",-0.0195963296297108,-0.467006787771259,0.532431630948718,0.236565277551846,-0.162282542586513,-0.629751121865213
"6380",-0.184302247483032,-0.222093582761843,0.34416304702812,-0.790807469982703,-0.409379926585243,0.545382386207703
"6381",1.22821699893331,-0.804548086435172,-1.16384249557438,-0.0284147707652094,0.0671096606888131,0.486918749695364
"6382",-0.0195963296297108,-0.467006787771259,0.241665793545925,-0.617813814573442,-0.401716982696263,-0.0581173779044057
"6386",-0.247755979699564,-0.171397673587116,0.438672954278734,-0.166984700680473,-0.370204052788985,0.609804087110831
"6388",-0.457242468617139,0.157140604678315,0.34416304702812,-0.790807469982703,0.0665929895037224,-0.618533926608241
"6389",-0.53220546356425,0.407423284849228,0.35417535318289,-0.282303895630029,-0.109142815838723,0.211406115816026
"6390",-0.520696200833671,0.207836513853041,0.470412437556027,0.498587009186831,0.588018947354556,0.47129346401156
"6391",-0.247755979699564,-0.171397673587116,-1.09181099602692,0.21806707195248,-0.0415525122865705,-0.295903988689492
"6393",0.405095190583477,1.20535426043124,0.574129297797463,1.01772087492476,0.395623383463885,-0.396826729564824
"6394",0.574633689886265,-0.537024776779195,-1.16384249557438,-0.0284147707652094,-0.374005494356314,-0.504301535163987
"6397",0.739339607739586,-0.781937981788611,-1.15404021161893,-0.0607393005310451,0.287477881673593,-0.0741967916460746
"6398",-0.595659195780783,0.458119194023954,0.528891995470248,0.0441265698285513,-0.0415525122865705,-0.295903988689492
"6399",0.913322158590549,0.892558175667467,-1.16384249557438,-0.0284147707652094,0.646144619460864,-0.267002725215767
"6400",0.574633689886265,-0.537024776779195,0.260448666154613,-0.580820012983642,0.213209079489808,-0.756270097883623
"6401",-0.292536550763818,-0.0877726003311019,0.373475455792918,-0.598575567831999,-0.465326111857557,-0.115384639693955
"6402",0.366087923781277,-0.0751753760815146,0.426394741988053,0.217120225237813,-0.79435650581772,-0.337091836737373
"6403",-0.457242468617139,0.157140604678315,0.416921798776234,-0.356762996938274,-0.153120602186443,0.0400355997981796
"6404",-0.0195963296297108,-0.467006787771259,0.238697510652113,-0.770598309241443,-0.162282542586513,-0.629751121865213
"6408",-0.595659195780783,0.458119194023954,0.643266006497338,0.607794814330896,-0.635066731306576,-0.105903563869182
"6409",-0.292536550763818,-0.0877726003311019,0.667381457133024,1.05162221909727,-0.474488052257626,-0.785171361357347
"6412",-0.247755979699564,-0.171397673587116,-1.03068561193861,0.572247275326935,-0.22923508300612,-0.152743023258917
"6414",-0.623889338616413,0.622278030189346,-0.92696875169717,1.09138114106486,-0.591088944958855,0.0654669521486646
"6415",1.40219954978428,0.869948071020907,0.375638024812008,0.150977570822006,0.51895111480736,0.235982514232782
"6417",-0.0195963296297108,-0.467006787771259,0.519017597512643,0.591010173482356,0.0803978288811474,0.809826532263789
"6419",0.697440711633871,-0.785226006601963,0.457892213424327,0.236829970107901,-0.197374164371029,0.898626371559091
"6420",2.36988983730714,1.87075384241246,0.407611869379365,0.180126423648013,-0.162282542586513,-0.629751121865213
"6424",-0.0195963296297108,-0.467006787771259,0.460572012444757,0.633117634970136,-0.0536203696111294,0.153071616519643
"6425",-0.184302247483032,-0.222093582761843,-1.04134276272426,0.52771289656252,-0.409379926585243,0.545382386207703
"6426",0.196340840429911,-0.110382704977663,0.643266006497338,0.607794814330896,-0.546318711589179,0.312328856691358
"6430",-0.595659195780783,0.458119194023954,0.238697510652113,-0.770598309241443,-0.562295661745213,0.62115041958376
"6432",1.45637664900317,-1.10015720061931,0.51010912286156,0.00713276823875158,1.11246533382737,0.0459820894124717
"6435",0.469281061564018,-0.48961689241782,0.643266006497338,0.607794814330896,-0.482150996146607,-0.181671597245238
"6436",0.739339607739586,-0.781937981788611,0.219914638043425,-0.807592110831242,0.287477881673593,-0.0741967916460746
"6437",-0.0195963296297108,-0.467006787771259,0.223184403645013,-0.81444684488958,-0.496670359307557,-0.0613013582083589
"6438",0.678035411717584,0.826120072991082,-1.09291482753061,0.29344090284341,0.395623383463885,-0.396826729564824
"6441",-0.247755979699564,-0.171397673587116,0.643266006497338,0.607794814330896,-0.409379926585243,0.545382386207703
"6445",-0.698852333563524,0.87256071036026,0.479354885053444,0.670111436559935,-0.858524221260292,0.156908617199223
"6446",-0.184302247483032,-0.222093582761843,0.362945919636808,-0.753813668392903,-0.306036337346413,0.115803633174235
"6447",-0.595659195780783,0.458119194023954,-1.09181099602692,0.21806707195248,0.0526304004408583,-0.0770023003954569
"6448",-0.520696200833671,0.207836513853041,-1.09181099602692,0.21806707195248,-0.153120602186443,0.0400355997981796
"6450",1.12502386115057,-0.390106570098867,-1.1450596229657,0.00857903082459028,-0.306036337346413,0.115803633174235
"6452",-0.247755979699564,-0.171397673587116,0.77308900535005,1.67727502335322,-0.293402798448692,0.341257430677678
"6453",-0.595659195780783,0.458119194023954,0.44818675436081,0.0441939397479249,-0.474488052257626,-0.785171361357347
"6455",0.407986819886991,-0.0718873512681628,-1.06012563533295,0.49071909497272,0.646144619460864,-0.267002725215767
"6456",-0.292536550763818,-0.0877726003311019,0.238697510652113,-0.770598309241443,0.0138321162136806,-0.33227589144574
"6457",-0.457242468617139,0.157140604678315,0.783618541506161,1.83251312391413,-0.526921229516283,-0.428533501787931
"6459",-0.457242468617139,0.157140604678315,0.416194546575582,-0.544325627265013,0.229352209567284,0.664099397581252
"6460",-0.247755979699564,-0.171397673587116,-1.1450596229657,0.00857903082459028,-0.546318711589179,0.312328856691358
"6461",-0.292536550763818,-0.0877726003311019,0.428143418122624,-0.322222801241377,0.0138321162136806,-0.33227589144574
"6462",-0.292536550763818,-0.0877726003311019,0.406392262620124,-0.512001097499178,0.0866031857750442,0.394778092007202
"6464",0.739339607739586,-0.781937981788611,0.574129297797463,1.01772087492476,0.0665929895037224,-0.618533926608241
"6466",-0.292536550763818,-0.0877726003311019,-0.988094135785487,0.737200937690409,0.278315941273523,-0.743983513309467
"6467",-0.457242468617139,0.157140604678315,0.35417535318289,-0.282303895630029,-0.482150996146607,-0.181671597245238
"6468",1.29167073114985,-0.855243995609898,0.528891995470248,0.0441265698285513,0.0665929895037224,-0.618533926608241
"6469",-0.457242468617139,0.157140604678315,0.648840596365355,1.66049038250468,0.210725637721371,-0.236673408803949
"6473",-0.520696200833671,0.207836513853041,0.553135060735477,0.377250252798436,-0.217288317629016,0.534036053734775
"6475",-0.595659195780783,0.458119194023954,0.562560765387901,0.60786218425027,0.610223882558945,-0.37063788936569
"6480",-0.520696200833671,0.207836513853041,-1.2072888385577,-0.270227341658935,0.278315941273523,-0.743983513309467
"6486",0.678035411717584,0.826120072991082,-0.92696875169717,1.09138114106486,-0.852482177924028,0.401204352489954
"6489",-0.0195963296297108,-0.467006787771259,0.528891995470248,0.0441265698285513,-0.366342550467334,-1.1078012992761
"6491",-0.184302247483032,-0.222093582761843,0.313408809220005,-0.127828801661519,0.0803978288811474,0.809826532263789
"6492",-0.520696200833671,0.207836513853041,0.282143853635429,-0.528785738347718,0.718915689022228,0.460051258237175
"6493",-0.247755979699564,-0.171397673587116,0.354692583184231,-0.635569369421799,0.503232282110991,0.123020144757501
"6496",-0.292536550763818,-0.0877726003311019,0.481103561188016,0.130768410080746,-0.0895114730251495,0.0973028615877283
"6497",0.511179957669733,-0.486328867604468,0.499886433796703,0.167762211670546,0.585164028183756,0.201593686882939
"6498",-0.0195963296297108,-0.467006787771259,0.219914638043425,-0.807592110831242,0.607346335233686,-0.52227631626605
"6501",-0.292536550763818,-0.0877726003311019,0.539549146255902,0.0886609485929665,0.607346335233686,-0.52227631626605
"6503",-0.184302247483032,-0.222093582761843,0.479354885053444,0.670111436559935,-0.79435650581772,-0.337091836737373
"6504",-0.595659195780783,0.458119194023954,0.477319930663898,-0.190145423890558,1.62241229913919,0.672113331990082
"6505",0.678035411717584,0.826120072991082,0.356855152203321,0.113983769232207,-0.315198277746483,-0.553983088489157
"6506",-0.247755979699564,-0.171397673587116,0.71797730506523,1.25056432191082,0.287477881673593,-0.0741967916460746
"6508",-0.623889338616413,0.622278030189346,0.584820421429452,0.649902275818676,0.22331016623102,0.419803662290521
"6509",-0.595659195780783,0.458119194023954,0.55203122923179,0.452624083689366,0.16674785137365,-0.408043924821796
"6510",-0.350949117482305,0.243043842749189,-1.04134276272426,0.52771289656252,0.161292573416242,0.705820437989399
"6514",-0.520696200833671,0.207836513853041,0.478423762167585,-0.265519254781489,0.585164028183756,0.201593686882939
"6516",-0.0195963296297108,-0.467006787771259,0.219914638043425,-0.807592110831242,0.715491837023979,-0.844906254184799
"6517",-0.623889338616413,0.622278030189346,0.427782820247095,0.435839442840826,-0.465326111857557,-0.115384639693955
"6518",0.238239736535625,-0.107094680164311,0.478423762167585,-0.265519254781489,-0.562295661745213,0.62115041958376
"6520",0.739339607739586,-0.781937981788611,0.415300737271207,0.0718763077444268,1.11246533382737,0.0459820894124717
"6521",-0.247755979699564,-0.171397673587116,0.519017597512643,0.591010173482356,-0.721585436256357,0.389962146715569
"6522",-0.350949117482305,0.243043842749189,-0.87185705141235,1.51809184250727,-0.852482177924028,0.401204352489954
"6524",0.469281061564018,-0.48961689241782,0.291946137590887,-0.561110268113553,0.607699134524758,0.654214934793322
"6525",-0.53220546356425,0.407423284849228,0.219914638043425,-0.807592110831242,0.275410024349034,0.374778813563061
"6527",0.0931477026471694,0.304058811358643,0.595880453299963,1.20749917118256,-0.685694332842336,0.445730901647483
"6531",-0.520696200833671,0.207836513853041,0.488953298323696,-0.110281154220585,-0.153120602186443,0.0400355997981796
"6532",-0.247755979699564,-0.171397673587116,0.233713939801123,-0.659208744328676,-0.546318711589179,0.312328856691358
"6533",-0.184302247483032,-0.222093582761843,0.34416304702812,-0.790807469982703,0.19196591878102,0.473886943776117
"6534",-0.184302247483032,-0.222093582761843,0.545123736123919,1.14135651676675,-0.217288317629016,0.534036053734775
"6535",-0.457242468617139,0.157140604678315,-0.49862300643034,-0.465027856514335,0.364795807198976,0.762709228224378
"6537",-0.184302247483032,-0.222093582761843,0.582140622409021,0.253614610956441,-0.546318711589179,0.312328856691358
"6539",-0.698852333563524,0.87256071036026,0.435704671384922,-0.319769195348475,-0.109142815838723,0.211406115816026
"6540",-0.0195963296297108,-0.467006787771259,0.490012035839099,0.714645815324351,-0.162282542586513,-0.629751121865213
"6541",-0.0195963296297108,-0.467006787771259,0.648840596365355,1.66049038250468,-0.79435650581772,-0.337091836737373
"6542",-0.247755979699564,-0.171397673587116,0.223184403645013,-0.81444684488958,-0.337380584796413,0.169886914659831
"6544",-0.292536550763818,-0.0877726003311019,0.427782820247095,0.435839442840826,-0.0541370407962202,-0.952381059783962
"6547",0.511179957669733,-0.486328867604468,-1.15404021161893,-0.0607393005310451,0.585164028183756,0.201593686882939
"6549",-0.247755979699564,-0.171397673587116,-0.49862300643034,-0.465027856514335,-0.374005494356314,-0.504301535163987
"6551",-0.595659195780783,0.458119194023954,0.519017597512643,0.591010173482356,-0.153120602186443,0.0400355997981796
"6552",-0.0195963296297108,-0.467006787771259,-0.218302919569809,0.896580626209464,0.646144619460864,-0.267002725215767
"6557",-0.0195963296297108,-0.467006787771259,0.219914638043425,-0.807592110831242,0.966013073020958,-0.715082249835742
"6560",-0.457242468617139,0.157140604678315,0.362945919636808,-0.753813668392903,0.0665929895037224,-0.618533926608241
"6562",-0.457242468617139,0.157140604678315,0.407611869379365,0.180126423648013,-0.306036337346413,0.115803633174235
"6563",0.238239736535625,-0.107094680164311,-1.1450596229657,0.00857903082459028,-0.0996781843928787,0.442392200537834
"6566",-0.0195963296297108,-0.467006787771259,0.37592650868539,-0.0925255993722273,-0.0415525122865705,-0.295903988689492
"6567",-0.247755979699564,-0.171397673587116,0.478423762167585,-0.265519254781489,-0.306036337346413,0.115803633174235
"6568",1.61095389993784,2.18568503642981,-1.06012563533295,0.49071909497272,-0.109142815838723,0.211406115816026
"6570",0.913322158590549,0.892558175667467,0.426394741988053,0.217120225237813,-0.0803495326250798,0.767089583251121
"6572",0.697440711633871,-0.785226006601963,0.425175135228812,-0.475007295909378,0.328904703784956,0.706940473292463
"6573",-0.0195963296297108,-0.467006787771259,0.427782820247095,0.435839442840826,0.68011740479505,0.204777667186892
"6574",-0.623889338616413,0.622278030189346,0.698377706782158,1.0345055157733,-0.432131166462622,0.23399465406334
"6575",0.391436391658367,-0.15242111417754,0.708907242938269,1.1897436163342,-0.226450258029085,-0.135750667928618
"6576",-0.520696200833671,0.207836513853041,0.241665793545925,-0.617813814573442,-0.79435650581772,-0.337091836737373
"6577",-0.247755979699564,-0.171397673587116,0.428886651750782,0.360465611949896,-0.721585436256357,0.389962146715569
"6578",-0.247755979699564,-0.171397673587116,0.435704671384922,-0.319769195348475,-0.370204052788985,0.609804087110831
"6580",0.739339607739586,-0.781937981788611,0.362945919636808,-0.753813668392903,0.607346335233686,-0.52227631626605
"6581",0.739339607739586,-0.781937981788611,-1.2072888385577,-0.270227341658935,-0.409379926585243,0.545382386207703
"6583",-0.247755979699564,-0.171397673587116,0.238697510652113,-0.770598309241443,-0.635066731306576,-0.105903563869182
"6584",0.697440711633871,-0.785226006601963,-1.1450596229657,0.00857903082459028,0.0803978288811474,0.809826532263789
"6585",1.22821699893331,-0.804548086435172,0.34416304702812,-0.790807469982703,0.19196591878102,0.473886943776117
"6587",-0.595659195780783,0.458119194023954,0.550078682412012,0.24389904915387,-0.635066731306576,-0.105903563869182
"6588",-0.520696200833671,0.207836513853041,-0.517405879039027,-0.502021658104135,-0.529493827300129,0.378615814242641
"6590",0.0931477026471694,0.304058811358643,0.478423762167585,-0.265519254781489,0.423087616512385,0.925842161586498
"6591",0.739339607739586,-0.781937981788611,0.519017597512643,0.591010173482356,0.205546135600828,-0.152770333771513
"6593",-0.53220546356425,0.407423284849228,0.291946137590887,-0.561110268113553,0.22331016623102,0.419803662290521
"6597",-0.0195963296297108,-0.467006787771259,-1.22607171116639,-0.307221143248734,0.287477881673593,-0.0741967916460746
"6601",-0.184302247483032,-0.222093582761843,0.563664596891588,0.532488353359339,-0.211246274292752,0.778331789025506
"6603",-0.36749954571093,0.162510079839811,0.720128862284658,1.2242838120311,0.125401470002222,0.650051683057485
"6604",1.18343642786906,-0.720923013179157,-1.2072888385577,-0.270227341658935,0.395623383463885,-0.396826729564824
"6606",-0.0195963296297108,-0.467006787771259,-0.92696875169717,1.09138114106486,-0.540276668252915,0.556624591982088
"6609",-0.623889338616413,0.622278030189346,-1.1450596229657,0.00857903082459028,-0.482150996146607,-0.181671597245238
"6611",-0.0195963296297108,-0.467006787771259,-1.22607171116639,-0.307221143248734,0.278315941273523,-0.743983513309467
"6612",2.36988983730714,1.87075384241246,0.426394741988053,0.217120225237813,-0.409379926585243,0.545382386207703
"6615",-0.595659195780783,0.458119194023954,0.366870823436901,-0.0585466982365315,-0.635066731306576,-0.105903563869182
"6616",1.45637664900317,-1.10015720061931,0.223184403645013,-0.81444684488958,1.34508592481956,-0.195770151712008
"6619",-0.0195963296297108,-0.467006787771259,-1.2072888385577,-0.270227341658935,-0.482150996146607,-0.181671597245238
"6624",-0.292536550763818,-0.0877726003311019,-1.32826748194081,-0.293866716565812,0.607346335233686,-0.52227631626605
"6625",-0.0195963296297108,-0.467006787771259,0.223184403645013,-0.81444684488958,0.68011740479505,0.204777667186892
"6627",0.739339607739586,-0.781937981788611,0.446926290731311,-0.285228999651577,-0.79435650581772,-0.337091836737373
"6628",-0.184302247483032,-0.222093582761843,0.510415969952814,0.32300031223145,-0.686211004027427,-0.659721774656122
"6630",-0.36749954571093,0.162510079839811,0.698377706782158,1.0345055157733,0.386462706952484,0.25165371176268
"6631",-0.520696200833671,0.207836513853041,0.435704671384922,-0.319769195348475,-0.482150996146607,-0.181671597245238
"6635",-0.184302247483032,-0.222093582761843,-0.517405879039027,-0.502021658104135,0.693309529974049,-0.12103625103581
"6636",-0.184302247483032,-0.222093582761843,0.223184403645013,-0.81444684488958,0.287477881673593,-0.0741967916460746
"6637",-0.0195963296297108,-0.467006787771259,0.238697510652113,-0.770598309241443,-0.526921229516283,-0.428533501787931
"6638",0.574633689886265,-0.537024776779195,0.539549146255902,0.0886609485929665,0.00242527406115016,-0.124533472671645
"6639",-0.595659195780783,0.458119194023954,0.44818675436081,0.0441939397479249,-0.153120602186443,0.0400355997981796
"6640",-0.247755979699564,-0.171397673587116,0.35417535318289,-0.282303895630029,0.256133634223593,-0.0201135101604785
"6641",0.739339607739586,-0.781937981788611,0.34416304702812,-0.790807469982703,0.256133634223593,-0.0201135101604785
"6642",-0.184302247483032,-0.222093582761843,-0.322019779811246,0.377446760471534,-0.370204052788985,0.609804087110831
"6643",1.45637664900317,-1.10015720061931,0.34416304702812,-0.790807469982703,-0.00354827828478693,0.498542926817969
"6647",-0.184302247483032,-0.222093582761843,0.291946137590887,-0.561110268113553,-0.635066731306576,-0.105903563869182
"6649",-0.0195963296297108,-0.467006787771259,0.36591420253062,-0.601029173724901,-0.438173209798886,-0.0103010812273913
"6650",-0.0195963296297108,-0.467006787771259,-0.92696875169717,1.09138114106486,0.0803978288811474,0.809826532263789
"6651",-0.0195963296297108,-0.467006787771259,0.479354885053444,0.670111436559935,0.278315941273523,-0.743983513309467
"6652",-0.184302247483032,-0.222093582761843,-1.16384249557438,-0.0284147707652094,-0.858524221260292,0.156908617199223
"6655",1.29167073114985,-0.855243995609898,-1.04134276272426,0.52771289656252,1.32927300859304,0.506174889878579
"6658",0.739339607739586,-0.781937981788611,0.354692583184231,-0.635569369421799,-0.153120602186443,0.0400355997981796
"6659",-0.0195963296297108,-0.467006787771259,-1.09181099602692,0.21806707195248,-0.366342550467334,-1.1078012992761
"6660",-0.247755979699564,-0.171397673587116,0.71797730506523,1.25056432191082,-0.635066731306576,-0.105903563869182
"6663",-0.595659195780783,0.458119194023954,0.416194546575582,-0.544325627265013,-0.465326111857557,-0.115384639693955
"6664",-0.184302247483032,-0.222093582761843,0.624789980979904,0.886668556733794,-0.370204052788985,0.609804087110831
"6670",-0.247755979699564,-0.171397673587116,0.60360329403814,0.686896077408476,-0.23326526778505,0.842857616627177
"6672",-0.184302247483032,-0.222093582761843,-1.2072888385577,-0.270227341658935,-0.560838074750129,0.432699095728237
"6675",-0.0195963296297108,-0.467006787771259,0.418874345596012,-0.148037962402779,-0.474488052257626,-0.785171361357347
"6678",1.45637664900317,-1.10015720061931,0.643266006497338,0.607794814330896,1.18523640338873,0.773036072865413
"6679",1.22821699893331,-0.804548086435172,0.478423762167585,-0.265519254781489,0.00242527406115016,-0.124533472671645
"6681",0.405095190583477,1.20535426043124,0.593728896080535,1.23377968106228,0.278317205162192,0.574283649681429
"6683",0.739339607739586,-0.781937981788611,0.425175135228812,-0.475007295909378,-0.79435650581772,-0.337091836737373
"6686",-0.184302247483032,-0.222093582761843,-0.517405879039027,-0.502021658104135,0.0644208787251139,1.11864809515619
"6687",-0.184302247483032,-0.222093582761843,0.366657436158778,0.0816592394663709,-0.401548300238985,0.663887368596427
"6688",-0.247755979699564,-0.171397673587116,-0.49862300643034,-0.465027856514335,-0.0415525122865705,-0.295903988689492
"6691",-0.457242468617139,0.157140604678315,-0.49862300643034,-0.465027856514335,-0.686211004027427,-0.659721774656122
"6694",-0.247755979699564,-0.171397673587116,0.457892213424327,0.236829970107901,-0.635066731306576,-0.105903563869182
"6695",0.259794572646443,-0.161078614152389,0.488953298323696,-0.110281154220585,0.172566380515407,0.796018157237442
"6697",-0.0195963296297108,-0.467006787771259,-0.988094135785487,0.737200937690409,-0.30123442479495,0.222752448288955
"6701",0.697440711633871,-0.785226006601963,-1.03068561193861,0.572247275326935,0.256133634223593,-0.0201135101604785
"6706",0.739339607739586,-0.781937981788611,-1.1450596229657,0.00857903082459028,0.287477881673593,-0.0741967916460746
"6708",2.22458921937011,0.504320967828828,-1.16384249557438,-0.0284147707652094,0.364795807198976,0.762709228224378
"6710",1.22821699893331,-0.804548086435172,0.416921798776234,-0.356762996938274,0.278315941273523,-0.743983513309467
"6712",0.574633689886265,-0.537024776779195,-0.517405879039027,-0.502021658104135,-0.0415525122865705,-0.295903988689492
"6713",-0.0195963296297108,-0.467006787771259,0.481103561188016,0.130768410080746,-0.0763193478461505,-0.228511056634973
"6715",-0.247755979699564,-0.171397673587116,0.643266006497338,0.607794814330896,-0.465326111857557,-0.115384639693955
"6716",-0.520696200833671,0.207836513853041,0.481103561188016,0.130768410080746,-0.105720227729143,0.198096465247103
"6717",-0.247755979699564,-0.171397673587116,0.539549146255902,0.0886609485929665,-0.153120602186443,0.0400355997981796
"6718",-0.457242468617139,0.157140604678315,0.77308900535005,1.67727502335322,-0.153120602186443,0.0400355997981796
"6719",-0.595659195780783,0.458119194023954,0.653795542653449,0.7630329148918,-0.217288317629016,0.534036053734775
"6726",-0.247755979699564,-0.171397673587116,0.354692583184231,-0.635569369421799,0.0665929895037224,-0.618533926608241
"6728",-0.247755979699564,-0.171397673587116,0.519017597512643,0.591010173482356,-0.546318711589179,0.312328856691358
"6729",-0.457242468617139,0.157140604678315,0.479354885053444,0.670111436559935,0.205546135600828,-0.152770333771513
"6733",0.511179957669733,-0.486328867604468,0.362945919636808,-0.753813668392903,-0.482150996146607,-0.181671597245238
"6735",-0.520696200833671,0.207836513853041,0.416194546575582,-0.544325627265013,-0.526921229516283,-0.428533501787931
"6739",-0.457242468617139,0.157140604678315,0.362945919636808,-0.753813668392903,0.214148225830951,-0.249983059372872
"6742",-0.595659195780783,0.458119194023954,0.238697510652113,-0.770598309241443,-0.482150996146607,-0.181671597245238
"6743",-0.247755979699564,-0.171397673587116,0.665017161999838,0.797573110588697,-0.374005494356314,-0.504301535163987
"6744",-0.595659195780783,0.458119194023954,0.532603511992218,0.879599477687825,-0.686211004027427,-0.659721774656122
"6745",0.366087923781277,-0.0751753760815146,0.219914638043425,-0.807592110831242,-0.699234446749148,0.388096890067413
"6746",-0.0195963296297108,-0.467006787771259,0.539549146255902,0.0886609485929665,-0.685694332842336,0.445730901647483
"6748",-0.520696200833671,0.207836513853041,-1.09181099602692,0.21806707195248,1.10904274571779,0.0592917399813947
"6749",1.67225809595985,0.577626981650116,-0.975573911653786,0.998957976769339,0.121977618003973,-0.654905829364489
"6750",-0.247755979699564,-0.171397673587116,0.728506841221341,1.40580242247172,-0.106659374070286,-0.308190573263648
"6752",0.678035411717584,0.826120072991082,0.241967276253701,-0.77745304329978,-0.79435650581772,-0.337091836737373
"6756",-0.698852333563524,0.87256071036026,0.71797730506523,1.25056432191082,0.0526304004408583,-0.0770023003954569
"6757",0.697440711633871,-0.785226006601963,-1.2072888385577,-0.270227341658935,0.0526304004408583,-0.0770023003954569
"6758",0.532734793780551,-0.540312801592546,-0.3326769305969,0.332912381707119,-0.22923508300612,-0.152743023258917
"6760",-0.247755979699564,-0.171397673587116,0.300926726244117,-0.491791936757918,-0.337380584796413,0.169886914659831
"6761",-0.247755979699564,-0.171397673587116,0.539549146255902,0.0886609485929665,-0.482150996146607,-0.181671597245238
"6762",-0.247755979699564,-0.171397673587116,0.643266006497338,0.607794814330896,-0.635066731306576,-0.105903563869182
"6763",-0.292536550763818,-0.0877726003311019,-0.988094135785487,0.737200937690409,-0.242427208185119,0.173070894963785
"6764",-0.247755979699564,-0.171397673587116,0.656851920976913,0.896384118536365,-0.635066731306576,-0.105903563869182
"6765",0.532734793780551,-0.540312801592546,0.356855152203321,0.113983769232207,1.44149572778753,0.267689286455889
"6767",-0.698852333563524,0.87256071036026,-0.92696875169717,1.09138114106486,-0.482150996146607,-0.181671597245238
"6768",-0.184302247483032,-0.222093582761843,-0.92696875169717,1.09138114106486,-0.699234446749148,0.388096890067413
"6774",2.36988983730714,1.87075384241246,-1.2072888385577,-0.270227341658935,-0.153120602186443,0.0400355997981796
"6776",-0.623889338616413,0.622278030189346,0.643266006497338,0.607794814330896,-0.0444584292110597,0.822858338183036
"6777",-0.0195963296297108,-0.467006787771259,-1.2072888385577,-0.270227341658935,0.0997953109540431,0.0689641737845002
"6778",-0.292536550763818,-0.0877726003311019,0.478423762167585,-0.265519254781489,0.205546135600828,-0.152770333771513
"6779",0.739339607739586,-0.781937981788611,0.238697510652113,-0.770598309241443,0.160775902231151,-0.399632238314206
"6780",0.574633689886265,-0.537024776779195,0.665017161999838,0.797573110588697,0.0526304004408583,-0.0770023003954569
"6781",1.45637664900317,-1.10015720061931,-0.92696875169717,1.09138114106486,0.328904703784956,0.706940473292463
"6782",-0.184302247483032,-0.222093582761843,0.520638659017671,0.162370868799656,-0.0415525122865705,-0.295903988689492
"6784",-0.0195963296297108,-0.467006787771259,0.362945919636808,-0.753813668392903,-0.474488052257626,-0.785171361357347
"6787",-0.247755979699564,-0.171397673587116,-0.92696875169717,1.09138114106486,-0.211246274292752,0.778331789025506
"6789",-0.0195963296297108,-0.467006787771259,0.426724082731692,-0.38908752670411,-0.852482177924028,0.401204352489954
"6790",2.38929513722343,0.259407762819412,0.510415969952814,0.32300031223145,-0.184464849636443,0.0941188812837757
"6791",-0.520696200833671,0.207836513853041,0.519017597512643,0.591010173482356,-0.693192403412884,0.632392625358144
"6792",-0.184302247483032,-0.222093582761843,0.71797730506523,1.25056432191082,-0.356663938882173,0.667438098690901
"6794",-0.698852333563524,0.87256071036026,-1.06012563533295,0.49071909497272,0.797353907231763,1.00932417679286
"6795",-0.292536550763818,-0.0877726003311019,-1.22607171116639,-0.307221143248734,-0.0541370407962202,-0.952381059783962
"6796",0.697440711633871,-0.785226006601963,0.282143853635429,-0.528785738347718,0.395623383463885,-0.396826729564824
"6798",-0.247755979699564,-0.171397673587116,0.519017597512643,0.591010173482356,-0.231807680789966,0.654406292771654
"6799",-0.0195963296297108,-0.467006787771259,0.238697510652113,-0.770598309241443,-0.120572910030736,0.630079715125939
"6800",-0.247755979699564,-0.171397673587116,0.362945919636808,-0.753813668392903,0.360248951234956,0.652857191806867
"6801",0.469281061564018,-0.48961689241782,0.425175135228812,-0.475007295909378,-0.306036337346413,0.115803633174235
"6804",-0.623889338616413,0.622278030189346,0.595349957585562,0.80514037637958,0.646144619460864,-0.267002725215767
"6805",-0.0195963296297108,-0.467006787771259,0.354692583184231,-0.635569369421799,0.966013073020958,-0.715082249835742
"6809",0.574633689886265,-0.537024776779195,0.415300737271207,0.0718763077444268,-0.560838074750129,0.432699095728237
"6810",-0.247755979699564,-0.171397673587116,0.192718649710279,-0.394971346762629,0.585164028183756,0.201593686882939
"6814",-0.0195963296297108,-0.467006787771259,0.501435381299584,0.253681980875814,0.287477881673593,-0.0741967916460746
"6816",-0.350949117482305,0.243043842749189,-1.16384249557438,-0.0284147707652094,-0.79435650581772,-0.337091836737373
"6818",-0.698852333563524,0.87256071036026,0.37644373868673,-0.445791073163998,0.71600850820907,0.260546422118806
"6820",-0.0195963296297108,-0.467006787771259,0.300926726244117,-0.491791936757918,-0.0541370407962202,-0.952381059783962
"6822",0.739339607739586,-0.781937981788611,0.425175135228812,-0.475007295909378,0.278315941273523,-0.743983513309467
"6823",-0.36749954571093,0.162510079839811,0.499886433796703,0.167762211670546,0.213209079489808,-0.756270097883623
"6824",-0.457242468617139,0.157140604678315,-1.04134276272426,0.52771289656252,-0.465326111857557,-0.115384639693955
"6826",-0.0195963296297108,-0.467006787771259,0.35417535318289,-0.282303895630029,0.520996312741184,0.695594140819535
"6830",-0.457242468617139,0.157140604678315,0.294625936611317,-0.164822603251318,-0.482150996146607,-0.181671597245238
"6831",0.955276777799207,-0.425313898995015,0.238697510652113,-0.770598309241443,-0.546318711589179,0.312328856691358
"6832",-0.350949117482305,0.243043842749189,0.542961167104829,0.391803378112749,0.141378420158256,0.341230120165083
"6833",-0.0195963296297108,-0.467006787771259,-1.2072888385577,-0.270227341658935,-0.496670359307557,-0.0613013582083589
"6834",0.349537495552652,-0.155709138990892,0.362945919636808,-0.753813668392903,-0.388008186332173,0.721521380176497
"6837",-0.520696200833671,0.207836513853041,0.404643586485553,0.0273419289800116,0.468394453025249,0.330227253888118
"6838",-0.0195963296297108,-0.467006787771259,-1.1450596229657,0.00857903082459028,0.214148225830951,-0.249983059372872
"6840",0.697440711633871,-0.785226006601963,0.282143853635429,-0.528785738347718,0.847981508767523,0.457689711276199
"6841",-0.247755979699564,-0.171397673587116,-1.15404021161893,-0.0607393005310451,0.611894455086375,0.905842883142357
"6843",-0.520696200833671,0.207836513853041,0.653795542653449,0.7630329148918,0.14456554432372,0.315826078327193
"6844",-0.292536550763818,-0.0877726003311019,-1.22607171116639,-0.307221143248734,-0.482150996146607,-0.181671597245238
"6845",-0.247755979699564,-0.171397673587116,0.353071521679203,-0.206930064739098,0.256133634223593,-0.0201135101604785
"6846",-0.247755979699564,-0.171397673587116,0.550078682412012,0.24389904915387,-0.0415525122865705,-0.295903988689492
"6851",-0.247755979699564,-0.171397673587116,-0.455176663447024,-0.22321528562061,-0.153120602186443,0.0400355997981796
"6852",0.469281061564018,-0.48961689241782,0.539549146255902,0.0886609485929665,0.879663050528455,0.502788207249843
"6853",-0.520696200833671,0.207836513853041,0.300926726244117,-0.491791936757918,-0.153120602186443,0.0400355997981796
"6855",-0.457242468617139,0.157140604678315,0.478423762167585,-0.265519254781489,0.22331016623102,0.419803662290521
"6856",-0.520696200833671,0.207836513853041,0.665017161999838,0.797573110588697,-0.635066731306576,-0.105903563869182
"6857",-0.0195963296297108,-0.467006787771259,0.550078682412012,0.24389904915387,0.585164028183756,0.201593686882939
"6860",1.12502386115057,-0.390106570098867,0.223184403645013,-0.81444684488958,-0.134445019952459,0.509785132592353
"6862",-0.595659195780783,0.458119194023954,0.219914638043425,-0.807592110831242,-0.211246274292752,0.778331789025506
"6863",1.29167073114985,-0.855243995609898,0.219914638043425,-0.807592110831242,0.256133634223593,-0.0201135101604785
"6864",-0.53220546356425,0.407423284849228,-0.351459803205588,0.295918580117319,-0.482150996146607,-0.181671597245238
"6865",-0.53220546356425,0.407423284849228,0.219914638043425,-0.807592110831242,-0.79435650581772,-0.337091836737373
"6866",0.678035411717584,0.826120072991082,0.481103561188016,0.130768410080746,0.035458913054193,-0.159040118779737
"6867",-0.457242468617139,0.157140604678315,-1.1450596229657,0.00857903082459028,-0.699234446749148,0.388096890067413
"6868",-0.0195963296297108,-0.467006787771259,0.238697510652113,-0.770598309241443,0.607346335233686,-0.52227631626605
"6869",-0.520696200833671,0.207836513853041,0.428886651750782,0.360465611949896,-0.293402798448692,0.341257430677678
"6870",-0.184302247483032,-0.222093582761843,0.300926726244117,-0.491791936757918,0.22331016623102,0.419803662290521
"6873",-0.0195963296297108,-0.467006787771259,0.428886651750782,0.360465611949896,0.16674785137365,-0.408043924821796
"6874",-0.247755979699564,-0.171397673587116,0.238697510652113,-0.770598309241443,0.217336613885083,1.04288006178014
"6875",-0.457242468617139,0.157140604678315,0.238697510652113,-0.770598309241443,-0.366342550467334,-1.1078012992761
"6877",-0.520696200833671,0.207836513853041,0.238697510652113,-0.770598309241443,-0.526921229516283,-0.428533501787931
"6878",-0.457242468617139,0.157140604678315,0.488953298323696,-0.110281154220585,-0.0763193478461505,-0.228511056634973
"6879",-0.520696200833671,0.207836513853041,-1.1450596229657,0.00857903082459028,-0.23326526778505,0.842857616627177
"6881",-0.0195963296297108,-0.467006787771259,0.426724082731692,-0.38908752670411,0.525414589160922,-0.600849858391488
"6882",-0.623889338616413,0.622278030189346,0.499886433796703,0.167762211670546,-0.79435650581772,-0.337091836737373
"6883",0.574633689886265,-0.537024776779195,0.488953298323696,-0.110281154220585,-0.0415525122865705,-0.295903988689492
"6884",-0.184302247483032,-0.222093582761843,0.457892213424327,0.236829970107901,-0.217288317629016,0.534036053734775
"6885",-0.292536550763818,-0.0877726003311019,0.373475455792918,-0.598575567831999,1.18523640338873,0.773036072865413
"6888",-0.623889338616413,0.622278030189346,-0.87185705141235,1.51809184250727,-0.106659374070286,-0.308190573263648
"6889",-0.350949117482305,0.243043842749189,0.539549146255902,0.0886609485929665,-0.231807680789966,0.654406292771654
"6891",-0.184302247483032,-0.222093582761843,0.643266006497338,0.607794814330896,-0.474488052257626,-0.785171361357347
"6893",-0.0195963296297108,-0.467006787771259,-0.218302919569809,0.896580626209464,-0.0541370407962202,-0.952381059783962
"6894",-0.184302247483032,-0.222093582761843,0.362945919636808,-0.753813668392903,-0.374005494356314,-0.504301535163987
"6895",-0.595659195780783,0.458119194023954,0.35417535318289,-0.282303895630029,0.0803978288811474,0.809826532263789
"6899",-0.247755979699564,-0.171397673587116,0.51010912286156,0.00713276823875158,-0.540276668252915,0.556624591982088
"6900",-0.457242468617139,0.157140604678315,-1.09181099602692,0.21806707195248,0.607346335233686,-0.52227631626605
"6903",-0.595659195780783,0.458119194023954,-0.218302919569809,0.896580626209464,-0.79435650581772,-0.337091836737373
"6907",-0.184302247483032,-0.222093582761843,-1.34705035454949,-0.330860518155611,0.543178619791114,-0.0282758623294542
"6908",-0.292536550763818,-0.0877726003311019,-1.16384249557438,-0.0284147707652094,0.322293727621244,-0.572612997291621
"6909",1.61095389993784,2.18568503642981,-1.1450596229657,0.00857903082459028,-0.145457658297463,-0.56346416431393
"6911",-0.457242468617139,0.157140604678315,-0.988094135785487,0.737200937690409,-0.153120602186443,0.0400355997981796
"6913",-0.292536550763818,-0.0877726003311019,0.238697510652113,-0.770598309241443,-0.217288317629016,0.534036053734775
"6914",-0.457242468617139,0.157140604678315,0.35417535318289,-0.282303895630029,-0.374005494356314,-0.504301535163987
"6915",-0.457242468617139,0.157140604678315,-0.517405879039027,-0.502021658104135,0.22331016623102,0.419803662290521
"6916",-0.0195963296297108,-0.467006787771259,0.656851920976913,0.896384118536365,-0.206536104771099,0.228839649895699
"6917",-0.457242468617139,0.157140604678315,0.35417535318289,-0.282303895630029,-0.153120602186443,0.0400355997981796
"6918",-0.184302247483032,-0.222093582761843,0.416194546575582,-0.544325627265013,-0.0996781843928787,0.442392200537834
"6920",-0.520696200833671,0.207836513853041,0.539549146255902,0.0886609485929665,-0.482150996146607,-0.181671597245238
"6921",-0.520696200833671,0.207836513853041,0.238697510652113,-0.770598309241443,0.629141814531476,0.372964202900786
"6922",0.532734793780551,-0.540312801592546,0.648840596365355,1.66049038250468,0.205546135600828,-0.152770333771513
"6923",1.29167073114985,-0.855243995609898,0.584820421429452,0.649902275818676,0.256133634223593,-0.0201135101604785
"6925",-0.520696200833671,0.207836513853041,-1.16384249557438,-0.0284147707652094,-0.635066731306576,-0.105903563869182
"6926",-0.247755979699564,-0.171397673587116,0.406392262620124,-0.512001097499178,0.229352209567284,0.664099397581252
"6928",-0.350949117482305,0.243043842749189,-0.988094135785487,0.737200937690409,-0.0415525122865705,-0.295903988689492
"6929",0.913322158590549,0.892558175667467,-1.16384249557438,-0.0284147707652094,0.395623383463885,-0.396826729564824
"6930",-0.698852333563524,0.87256071036026,0.404643586485553,0.0273419289800116,0.395623383463885,-0.396826729564824
"6931",-0.36749954571093,0.162510079839811,0.564712322607329,0.58158167437055,-0.0449751003961507,-0.282594338120569
"6932",-0.595659195780783,0.458119194023954,0.720128862284658,1.2242838120311,0.275410024349034,0.374778813563061
"6933",-0.520696200833671,0.207836513853041,-1.22607171116639,-0.307221143248734,-0.153120602186443,0.0400355997981796
"6934",1.22821699893331,-0.804548086435172,0.539421531626358,0.199364670389455,0.287477881673593,-0.0741967916460746
"6935",-0.247755979699564,-0.171397673587116,0.238697510652113,-0.770598309241443,0.100311982139134,1.17441685008811
"6936",-0.595659195780783,0.458119194023954,0.291946137590887,-0.561110268113553,0.141378420158256,0.341230120165083
"6937",1.29167073114985,-0.855243995609898,0.34416304702812,-0.790807469982703,0.364279136013886,-0.342743448079227
"6939",-0.292536550763818,-0.0877726003311019,0.362945919636808,-0.753813668392903,-0.401548300238985,0.663887368596427
"6940",-0.698852333563524,0.87256071036026,0.477319930663898,-0.190145423890558,-0.482150996146607,-0.181671597245238
"6941",-0.292536550763818,-0.0877726003311019,0.303895009137929,-0.339007442089917,-0.162282542586513,-0.629751121865213
"6943",-0.184302247483032,-0.222093582761843,0.35417535318289,-0.282303895630029,-0.635066731306576,-0.105903563869182
"6944",1.61095389993784,2.18568503642981,-0.92696875169717,1.09138114106486,-0.526404558331192,0.676919174515674
"6946",-0.0195963296297108,-0.467006787771259,0.252496812409811,-0.622214942738876,0.715491837023979,-0.844906254184799
"6947",0.135046598752884,0.307346836171995,0.362945919636808,-0.753813668392903,-0.858524221260292,0.156908617199223
"6949",-0.520696200833671,0.207836513853041,0.374822677181703,-0.0171517684812971,-0.554796031413865,0.676994831018968
"6950",-0.292536550763818,-0.0877726003311019,0.482894520531915,0.86255014428323,-0.29357148090597,-0.380747315823155
"6954",-0.520696200833671,0.207836513853041,0.362945919636808,-0.753813668392903,-0.858524221260292,0.156908617199223
"6956",-0.0195963296297108,-0.467006787771259,0.426724082731692,-0.38908752670411,0.0323428251292332,0.554311681749883
"6960",-0.36749954571093,0.162510079839811,0.415300737271207,0.0718763077444268,0.0644208787251139,1.11864809515619
"6961",0.466399386605478,-0.402703794348454,0.528891995470248,0.0441265698285513,0.69382620115914,0.984416425267795
"6962",-0.247755979699564,-0.171397673587116,0.44818675436081,0.0441939397479249,0.395623383463885,-0.396826729564824
"6963",-0.595659195780783,0.458119194023954,0.643266006497338,0.607794814330896,0.360248951234956,0.652857191806867
"6965",0.697440711633871,-0.785226006601963,0.232092878296096,-0.230569439645975,0.646144619460864,-0.267002725215767
"6966",-0.0195963296297108,-0.467006787771259,-0.988094135785487,0.737200937690409,0.0644208787251139,1.11864809515619
"6970",-0.0195963296297108,-0.467006787771259,0.300926726244117,-0.491791936757918,0.0665929895037224,-0.618533926608241
"6971",-0.247755979699564,-0.171397673587116,0.477319930663898,-0.190145423890558,-0.526921229516283,-0.428533501787931
"6972",-0.623889338616413,0.622278030189346,0.406392262620124,-0.512001097499178,0.328904703784956,0.706940473292463
"6975",-0.0195963296297108,-0.467006787771259,0.418874345596012,-0.148037962402779,1.03878414258232,0.0119717336171997
"6978",-0.0195963296297108,-0.467006787771259,0.418874345596012,-0.148037962402779,0.525414589160922,-0.600849858391488
"6982",-0.0195963296297108,-0.467006787771259,0.648840596365355,1.66049038250468,-0.315198277746483,-0.553983088489157
"6984",-0.457242468617139,0.157140604678315,0.416921798776234,-0.356762996938274,-0.162282542586513,-0.629751121865213
"6985",-0.520696200833671,0.207836513853041,0.478423762167585,-0.265519254781489,-0.306036337346413,0.115803633174235
"6987",-0.184302247483032,-0.222093582761843,0.300926726244117,-0.491791936757918,-0.0415525122865705,-0.295903988689492
"6988",0.739339607739586,-0.781937981788611,0.362945919636808,-0.753813668392903,0.220190269167215,-0.00568732408214096
"6989",-0.0195963296297108,-0.467006787771259,0.34416304702812,-0.790807469982703,0.607346335233686,-0.52227631626605
"6990",-0.0195963296297108,-0.467006787771259,-1.2072888385577,-0.270227341658935,0.569392375508642,-0.429479342373641
"6992",-0.0195963296297108,-0.467006787771259,0.313408809220005,-0.127828801661519,-0.474488052257626,-0.785171361357347
"6993",-0.247755979699564,-0.171397673587116,0.532603511992218,0.879599477687825,-0.474488052257626,-0.785171361357347
"6994",1.45637664900317,-1.10015720061931,0.238697510652113,-0.770598309241443,0.14456554432372,0.315826078327193
"6996",-0.184302247483032,-0.222093582761843,0.0989359946603178,-0.83123148573812,-0.438173209798886,-0.0103010812273913
"7001",2.36988983730714,1.87075384241246,-0.92696875169717,1.09138114106486,0.624524018813807,0.720501892344604
"7002",-0.623889338616413,0.622278030189346,-1.09291482753061,0.29344090284341,0.331455668021313,0.0971737243717721
"7003",-0.292536550763818,-0.0877726003311019,-1.22607171116639,-0.307221143248734,0.00846731739741426,0.119762262619085
"7005",-0.520696200833671,0.207836513853041,0.34416304702812,-0.790807469982703,-0.409379926585243,0.545382386207703
"7006",-0.0195963296297108,-0.467006787771259,0.37644373868673,-0.445791073163998,-0.0449751003961507,-0.282594338120569
"7007",1.45637664900317,-1.10015720061931,0.300926726244117,-0.491791936757918,-0.140487063288723,0.265489397301622
"7008",-0.292536550763818,-0.0877726003311019,-1.32826748194081,-0.293866716565812,0.966013073020958,-0.715082249835742
"7010",-0.698852333563524,0.87256071036026,0.282143853635429,-0.528785738347718,-0.153120602186443,0.0400355997981796
"7011",0.469281061564018,-0.48961689241782,-1.04134276272426,0.52771289656252,0.0803978288811474,0.809826532263789
"7016",-0.520696200833671,0.207836513853041,-1.2072888385577,-0.270227341658935,-0.153120602186443,0.0400355997981796
"7017",-0.0195963296297108,-0.467006787771259,0.362945919636808,-0.753813668392903,0.607346335233686,-0.52227631626605
"7018",-0.698852333563524,0.87256071036026,0.416194546575582,-0.544325627265013,-0.153120602186443,0.0400355997981796
"7021",-0.520696200833671,0.207836513853041,0.539549146255902,0.0886609485929665,0.51895111480736,0.235982514232782
"7024",-0.0195963296297108,-0.467006787771259,0.667381457133024,1.05162221909727,0.966013073020958,-0.715082249835742
"7027",-0.350949117482305,0.243043842749189,0.478423762167585,-0.265519254781489,-0.526921229516283,-0.428533501787931
"7032",-0.36749954571093,0.162510079839811,0.643266006497338,0.607794814330896,-0.482150996146607,-0.181671597245238
"7034",-0.0195963296297108,-0.467006787771259,0.395226611295418,-0.408797271574198,-0.226450258029085,-0.135750667928618
"7037",-0.457242468617139,0.157140604678315,-0.92696875169717,1.09138114106486,-0.482150996146607,-0.181671597245238
"7039",-0.520696200833671,0.207836513853041,-0.517405879039027,-0.502021658104135,-0.315198277746483,-0.553983088489157
"7042",-0.0195963296297108,-0.467006787771259,0.418874345596012,-0.148037962402779,-0.20705277595619,-0.876613026407906
"7043",0.405095190583477,1.20535426043124,0.362945919636808,-0.753813668392903,-0.211246274292752,0.778331789025506
"7044",-0.698852333563524,0.87256071036026,0.354692583184231,-0.635569369421799,0.16674785137365,-0.408043924821796
"7046",0.678035411717584,0.826120072991082,0.643266006497338,0.607794814330896,0.875086561076535,0.345069761614323
"7048",0.184831577699332,0.0892040660185241,0.291946137590887,-0.561110268113553,0.14456554432372,0.315826078327193
"7049",-0.36749954571093,0.162510079839811,0.416194546575582,-0.544325627265013,0.396140054648976,0.708625946738782
"7051",0.532734793780551,-0.540312801592546,0.416194546575582,-0.544325627265013,0.19196591878102,0.473886943776117
"7052",-0.623889338616413,0.622278030189346,0.300926726244117,-0.491791936757918,-0.0415525122865705,-0.295903988689492
"7054",1.46565328200081,0.81925216184618,0.375638024812008,0.150977570822006,-0.438173209798886,-0.0103010812273913
"7056",-0.184302247483032,-0.222093582761843,0.238697510652113,-0.770598309241443,-0.0803495326250798,0.767089583251121
"7057",-0.247755979699564,-0.171397673587116,0.300926726244117,-0.491791936757918,-0.374005494356314,-0.504301535163987
"7059",-0.0195963296297108,-0.467006787771259,0.71797730506523,1.25056432191082,-0.79435650581772,-0.337091836737373
"7060",-0.292536550763818,-0.0877726003311019,-0.455176663447024,-0.22321528562061,0.102580135931078,0.0859565291148
"7061",1.10847343292195,-0.470640333008244,0.4376572182047,-0.111044160812979,-0.79435650581772,-0.337091836737373
"7064",-0.247755979699564,-0.171397673587116,-1.15404021161893,-0.0607393005310451,-0.858524221260292,0.156908617199223
"7067",-0.292536550763818,-0.0877726003311019,0.71797730506523,1.25056432191082,0.396140054648976,0.708625946738782
"7070",-0.520696200833671,0.207836513853041,0.582140622409021,0.253614610956441,-0.482150996146607,-0.181671597245238
"7072",0.163276741588514,0.143188000006602,0.457892213424327,0.236829970107901,0.395623383463885,-0.396826729564824
"7073",1.45637664900317,-1.10015720061931,0.291946137590887,-0.561110268113553,0.71584463631505,0.331584996874573
"7074",1.45637664900317,-1.10015720061931,-1.22607171116639,-0.307221143248734,-0.153120602186443,0.0400355997981796
"7076",1.22821699893331,-0.804548086435172,0.362945919636808,-0.753813668392903,0.585164028183756,0.201593686882939
"7077",0.238239736535625,-0.107094680164311,0.416194546575582,-0.544325627265013,0.364279136013886,-0.342743448079227
"7078",-0.0195963296297108,-0.467006787771259,0.528891995470248,0.0441265698285513,0.252711046114013,-0.00680385959155561
"7079",0.366087923781277,-0.0751753760815146,0.550643150972748,0.233904866086352,1.55015790076291,1.05051202484075
"7080",-0.520696200833671,0.207836513853041,0.457892213424327,0.236829970107901,0.18854333067144,0.48719659434504
"7082",-0.247755979699564,-0.171397673587116,0.34416304702812,-0.790807469982703,-0.635066731306576,-0.105903563869182
"7085",-0.698852333563524,0.87256071036026,0.362945919636808,-0.753813668392903,-0.482150996146607,-0.181671597245238
"7087",-0.457242468617139,0.157140604678315,0.34416304702812,-0.790807469982703,-0.482150996146607,-0.181671597245238
"7088",-0.0195963296297108,-0.467006787771259,0.488953298323696,-0.110281154220585,-0.162282542586513,-0.629751121865213
"7089",-0.184302247483032,-0.222093582761843,-1.09181099602692,0.21806707195248,-0.858524221260292,0.156908617199223
"7091",0.697440711633871,-0.785226006601963,-1.2072888385577,-0.270227341658935,0.585164028183756,0.201593686882939
"7095",0.697440711633871,-0.785226006601963,0.219914638043425,-0.807592110831242,-0.699234446749148,0.388096890067413
"7097",-0.457242468617139,0.157140604678315,0.291946137590887,-0.561110268113553,-0.105720227729143,0.198096465247103
"7098",-0.247755979699564,-0.171397673587116,0.35417535318289,-0.282303895630029,1.1727727075867,0.620860240143337
"7099",0.581969370737954,1.60260880618791,0.479643368926827,0.426608266365702,-0.228718411821029,0.952709653044688
"7100",-0.247755979699564,-0.171397673587116,0.34416304702812,-0.790807469982703,0.69382620115914,0.984416425267795
"7101",-0.247755979699564,-0.171397673587116,0.282143853635429,-0.528785738347718,0.139364059065086,0.108520056844701
"7102",-0.247755979699564,-0.171397673587116,0.375638024812008,0.150977570822006,-0.529493827300129,0.378615814242641
"7103",-0.520696200833671,0.207836513853041,-0.517405879039027,-0.502021658104135,-0.217288317629016,0.534036053734775
"7104",-0.0195963296297108,-0.467006787771259,0.540768753015143,0.780788469740158,-0.858524221260292,0.156908617199223
"7105",-0.36749954571093,0.162510079839811,0.643266006497338,0.607794814330896,0.69382620115914,0.984416425267795
"7106",-0.595659195780783,0.458119194023954,0.34416304702812,-0.790807469982703,-0.562295661745213,0.62115041958376
"7108",-0.457242468617139,0.157140604678315,0.34416304702812,-0.790807469982703,0.256133634223593,-0.0201135101604785
"7109",0.739339607739586,-0.781937981788611,-0.383145163899562,0.023266557097079,0.22331016623102,0.419803662290521
"7110",-0.184302247483032,-0.222093582761843,-0.445374379491566,-0.255539815386446,-0.635066731306576,-0.105903563869182
"7112",-0.247755979699564,-0.171397673587116,0.404643586485553,0.0273419289800116,-0.105720227729143,0.198096465247103
"7113",0.469281061564018,-0.48961689241782,0.478423762167585,-0.265519254781489,0.256133634223593,-0.0201135101604785
"7115",0.349537495552652,-0.155709138990892,0.582140622409021,0.253614610956441,1.54048055306642,0.593539789864644
"7116",-0.520696200833671,0.207836513853041,0.219914638043425,-0.807592110831242,-0.686211004027427,-0.659721774656122
"7117",-0.595659195780783,0.458119194023954,-1.1450596229657,0.00857903082459028,-0.685694332842336,0.445730901647483
"7119",-0.36749954571093,0.162510079839811,0.60360329403814,0.686896077408476,0.611894455086375,0.905842883142357
"7121",-0.247755979699564,-0.171397673587116,0.477319930663898,-0.190145423890558,0.0665929895037224,-0.618533926608241
"7122",-0.0195963296297108,-0.467006787771259,0.37644373868673,-0.445791073163998,0.287477881673593,-0.0741967916460746
"7126",-0.520696200833671,0.207836513853041,0.415300737271207,0.0718763077444268,-0.0444584292110597,0.822858338183036
"7130",0.678035411717584,0.826120072991082,0.241967276253701,-0.77745304329978,0.031218557274793,0.431149994763449
"7131",-0.247755979699564,-0.171397673587116,0.656851920976913,0.896384118536365,0.14742046349452,0.585525855455814
"7133",-0.0195963296297108,-0.467006787771259,0.35417535318289,-0.282303895630029,0.69382620115914,0.984416425267795
"7134",-0.698852333563524,0.87256071036026,0.478423762167585,-0.265519254781489,0.607346335233686,-0.52227631626605
"7135",0.259794572646443,-0.161078614152389,0.362945919636808,-0.753813668392903,-0.482150996146607,-0.181671597245238
"7136",0.574633689886265,-0.537024776779195,0.362945919636808,-0.753813668392903,-0.79435650581772,-0.337091836737373
"7138",-0.184302247483032,-0.222093582761843,0.415300737271207,0.0718763077444268,-0.306036337346413,0.115803633174235
"7140",-0.292536550763818,-0.0877726003311019,0.408183221964023,0.219780636703306,0.82706119081252,0.137421320318426
"7141",0.407986819886991,-0.0718873512681628,0.595349957585562,0.80514037637958,-0.153120602186443,0.0400355997981796
"7143",-0.520696200833671,0.207836513853041,0.406392262620124,-0.512001097499178,-0.562295661745213,0.62115041958376
"7144",0.697440711633871,-0.785226006601963,0.223184403645013,-0.81444684488958,0.907910029069108,-0.0948474108366763
"7146",-0.292536550763818,-0.0877726003311019,-1.09181099602692,0.21806707195248,0.8497843569628,0.64344877839065
"7147",-0.247755979699564,-0.171397673587116,-1.2072888385577,-0.270227341658935,-0.546318711589179,0.312328856691358
"7148",-0.0195963296297108,-0.467006787771259,0.479354885053444,0.670111436559935,0.29917227423017,-0.355030032653383
"7149",0.466399386605478,-0.402703794348454,-0.92696875169717,1.09138114106486,0.0138321162136806,-0.33227589144574
"7154",0.739339607739586,-0.781937981788611,-1.1450596229657,0.00857903082459028,1.62241229913919,0.672113331990082
"7155",-0.184302247483032,-0.222093582761843,-0.92696875169717,1.09138114106486,-0.0415525122865705,-0.295903988689492
"7159",0.196340840429911,-0.110382704977663,0.322677881746616,-0.302013640500117,0.160775902231151,-0.399632238314206
"7160",-0.520696200833671,0.207836513853041,0.519017597512643,0.591010173482356,-0.577548831052043,0.123100963728734
"7161",-0.0195963296297108,-0.467006787771259,-1.03780312724579,0.720151604285814,-0.366342550467334,-1.1078012992761
"7164",-0.698852333563524,0.87256071036026,0.354692583184231,-0.635569369421799,0.966013073020958,-0.715082249835742
"7166",-0.247755979699564,-0.171397673587116,0.34416304702812,-0.790807469982703,-0.211246274292752,0.778331789025506
"7172",-0.247755979699564,-0.171397673587116,0.425175135228812,-0.475007295909378,-0.26534332138093,0.278521203220869
"7173",-0.184302247483032,-0.222093582761843,-0.517405879039027,-0.502021658104135,-0.699234446749148,0.388096890067413
"7174",0.739339607739586,-0.781937981788611,-1.22607171116639,-0.307221143248734,-0.306036337346413,0.115803633174235
"7176",-0.0195963296297108,-0.467006787771259,-1.2072888385577,-0.270227341658935,0.278315941273523,-0.743983513309467
"7182",-0.0195963296297108,-0.467006787771259,-1.09181099602692,0.21806707195248,0.0665929895037224,-0.618533926608241
"7184",-0.36749954571093,0.162510079839811,0.291946137590887,-0.561110268113553,-0.613439934466063,0.0673322087968202
"7186",0.259794572646443,-0.161078614152389,0.219914638043425,-0.807592110831242,0.364279136013886,-0.342743448079227
"7187",-0.0195963296297108,-0.467006787771259,0.354692583184231,-0.635569369421799,0.278315941273523,-0.743983513309467
"7193",-0.247755979699564,-0.171397673587116,0.582140622409021,0.253614610956441,-0.635066731306576,-0.105903563869182
"7194",-0.247755979699564,-0.171397673587116,0.477319930663898,-0.190145423890558,-0.562295661745213,0.62115041958376
"7195",-0.0195963296297108,-0.467006787771259,0.36591420253062,-0.601029173724901,-0.162282542586513,-0.629751121865213
"7197",-0.184302247483032,-0.222093582761843,-1.1450596229657,0.00857903082459028,-0.184464849636443,0.0941188812837757
"7199",-0.350949117482305,0.243043842749189,0.385860713876865,-0.00965187260978815,-0.374005494356314,-0.504301535163987
"7200",-0.698852333563524,0.87256071036026,0.479354885053444,0.670111436559935,-0.370204052788985,0.609804087110831
"7201",-0.457242468617139,0.157140604678315,0.479354885053444,0.670111436559935,-0.370204052788985,0.609804087110831
"7202",-0.520696200833671,0.207836513853041,0.539549146255902,0.0886609485929665,-0.635066731306576,-0.105903563869182
"7203",-0.595659195780783,0.458119194023954,0.425175135228812,-0.475007295909378,0.395623383463885,-0.396826729564824
"7204",-0.247755979699564,-0.171397673587116,0.35417535318289,-0.282303895630029,0.657935097745119,0.928647670335881
"7206",-0.595659195780783,0.458119194023954,0.490012035839099,0.714645815324351,-0.370204052788985,0.609804087110831
"7207",-0.247755979699564,-0.171397673587116,0.416194546575582,-0.544325627265013,-0.306036337346413,0.115803633174235
"7208",-0.0195963296297108,-0.467006787771259,0.35417535318289,-0.282303895630029,-0.217288317629016,0.534036053734775
"7210",-0.520696200833671,0.207836513853041,0.437051892773707,0.261654604002228,-0.529493827300129,0.378615814242641
"7212",0.739339607739586,-0.781937981788611,0.406392262620124,-0.512001097499178,0.607346335233686,-0.52227631626605
"7213",-0.595659195780783,0.458119194023954,0.51010912286156,0.00713276823875158,-0.109142815838723,0.211406115816026
"7216",-0.292536550763818,-0.0877726003311019,-1.1450596229657,0.00857903082459028,-0.635066731306576,-0.105903563869182
"7217",-0.520696200833671,0.207836513853041,0.550078682412012,0.24389904915387,-0.482150996146607,-0.181671597245238
"7218",-0.698852333563524,0.87256071036026,0.561300301758402,0.278439244850768,-0.366342550467334,-1.1078012992761
"7220",0.366087923781277,-0.0751753760815146,0.238697510652113,-0.770598309241443,0.693309529974049,-0.12103625103581
"7221",-0.36749954571093,0.162510079839811,0.61413283019425,0.84213417796938,0.901845357578386,-0.221081795899146
"7222",2.36988983730714,1.87075384241246,-0.384248995403249,0.0986403879880094,-0.109142815838723,0.211406115816026
"7223",-0.247755979699564,-0.171397673587116,0.415300737271207,0.0718763077444268,0.102580135931078,0.0859565291148
"7225",-0.292536550763818,-0.0877726003311019,-1.06012563533295,0.49071909497272,0.715491837023979,-0.844906254184799
"7226",0.0181847077000579,0.554341491529556,0.478423762167585,-0.265519254781489,-0.315198277746483,-0.553983088489157
"7227",-0.0195963296297108,-0.467006787771259,0.192430165836897,-0.151468176568396,0.214148225830951,-0.249983059372872
"7231",-0.520696200833671,0.207836513853041,-0.163191219284989,1.32329132765187,0.629141814531476,0.372964202900786
"7232",-0.457242468617139,0.157140604678315,0.563664596891588,0.532488353359339,-0.686211004027427,-0.659721774656122
"7233",-0.457242468617139,0.157140604678315,-0.988094135785487,0.737200937690409,-0.685694332842336,0.445730901647483
"7234",-0.292536550763818,-0.0877726003311019,0.291946137590887,-0.561110268113553,-0.101479871949743,-0.392093648296084
"7235",-0.595659195780783,0.458119194023954,-0.49862300643034,-0.465027856514335,0.360248951234956,0.652857191806867
"7236",0.955276777799207,-0.425313898995015,0.643266006497338,0.607794814330896,-0.0415525122865705,-0.295903988689492
"7238",-0.623889338616413,0.622278030189346,0.71797730506523,1.25056432191082,-0.370204052788985,0.609804087110831
"7239",-0.595659195780783,0.458119194023954,0.71797730506523,1.25056432191082,-0.686211004027427,-0.659721774656122
"7240",1.29167073114985,-0.855243995609898,-1.09181099602692,0.21806707195248,2.45193886042032,0.000149452209999287
"7242",-0.247755979699564,-0.171397673587116,-0.638384522422135,-0.525661033011012,-0.153120602186443,0.0400355997981796
"7243",0.739339607739586,-0.781937981788611,0.60360329403814,0.686896077408476,0.14456554432372,0.315826078327193
"7246",-0.457242468617139,0.157140604678315,0.582140622409021,0.253614610956441,0.646144619460864,-0.267002725215767
"7247",1.67225809595985,0.577626981650116,0.667381457133024,1.05162221909727,0.715491837023979,-0.844906254184799
"7248",-0.698852333563524,0.87256071036026,-1.2072888385577,-0.270227341658935,-0.635066731306576,-0.105903563869182
"7250",-0.247755979699564,-0.171397673587116,0.582140622409021,0.253614610956441,-0.423899289746193,0.665752625244583
"7251",-0.247755979699564,-0.171397673587116,0.219914638043425,-0.807592110831242,0.0665929895037224,-0.618533926608241
"7252",-0.53220546356425,0.407423284849228,-1.1450596229657,0.00857903082459028,-0.526921229516283,-0.428533501787931
"7253",-0.0195963296297108,-0.467006787771259,0.669372145108614,1.15814115761529,0.278315941273523,-0.743983513309467
"7254",0.739339607739586,-0.781937981788611,0.500174917670085,-0.0757409585236875,-0.162282542586513,-0.629751121865213
"7255",-0.247755979699564,-0.171397673587116,0.519017597512643,0.591010173482356,-0.635066731306576,-0.105903563869182
"7256",-0.520696200833671,0.207836513853041,-1.1450596229657,0.00857903082459028,-0.248632565079016,0.588119335220371
"7258",-0.698852333563524,0.87256071036026,0.362945919636808,-0.753813668392903,-0.526921229516283,-0.428533501787931
"7261",-0.36749954571093,0.162510079839811,0.499886433796703,0.167762211670546,-0.526404558331192,0.676919174515674
"7262",-0.53220546356425,0.407423284849228,0.783618541506161,1.83251312391413,0.525414589160922,-0.600849858391488
"7263",-0.520696200833671,0.207836513853041,0.35417535318289,-0.282303895630029,-0.432131166462622,0.23399465406334
"7264",-0.520696200833671,0.207836513853041,-1.2072888385577,-0.270227341658935,-0.184464849636443,0.0941188812837757
"7269",0.469281061564018,-0.48961689241782,0.519017597512643,0.591010173482356,1.04829761838479,0.539982543349067
"7270",0.196340840429911,-0.110382704977663,0.487849466820009,-0.0349073233296545,0.0665929895037224,-0.618533926608241
"7274",-0.0195963296297108,-0.467006787771259,0.446926290731311,-0.285228999651577,-0.153120602186443,0.0400355997981796
"7275",-0.36749954571093,0.162510079839811,0.219914638043425,-0.807592110831242,0.031218557274793,0.431149994763449
"7276",0.678035411717584,0.826120072991082,-1.34705035454949,-0.330860518155611,0.386461443063816,-1.06661345122822
"7277",-0.184302247483032,-0.222093582761843,0.238697510652113,-0.770598309241443,-0.11169378007508,0.821172864736717
"7280",-0.0195963296297108,-0.467006787771259,0.313408809220005,-0.127828801661519,-0.482150996146607,-0.181671597245238
"7282",-0.457242468617139,0.157140604678315,-0.351459803205588,0.295918580117319,0.102580135931078,0.0859565291148
"7283",-0.595659195780783,0.458119194023954,0.426724082731692,-0.38908752670411,-0.546318711589179,0.312328856691358
"7286",-0.53220546356425,0.407423284849228,-1.03068561193861,0.572247275326935,-0.529493827300129,0.378615814242641
"7292",-0.247755979699564,-0.171397673587116,-1.1450596229657,0.00857903082459028,0.125401470002222,0.650051683057485
"7294",1.45637664900317,-1.10015720061931,-0.87185705141235,1.51809184250727,-0.217288317629016,0.534036053734775
"7296",-0.520696200833671,0.207836513853041,0.592670158565132,0.408852711517345,-0.0763193478461505,-0.228511056634973
"7297",-0.520696200833671,0.207836513853041,0.282143853635429,-0.528785738347718,-0.306036337346413,0.115803633174235
"7298",2.32799094120143,1.86746581759911,0.71797730506523,1.25056432191082,-0.699234446749148,0.388096890067413
"7299",-0.247755979699564,-0.171397673587116,0.300926726244117,-0.491791936757918,0.252711046114013,-0.00680385959155561
"7300",-0.0195963296297108,-0.467006787771259,0.643266006497338,0.607794814330896,0.141378420158256,0.341230120165083
"7302",0.511179957669733,-0.486328867604468,0.362945919636808,-0.753813668392903,0.287477881673593,-0.0741967916460746
"7303",-0.247755979699564,-0.171397673587116,-0.517405879039027,-0.502021658104135,-0.79435650581772,-0.337091836737373
"7304",-0.36749954571093,0.162510079839811,0.223184403645013,-0.81444684488958,0.966013073020958,-0.715082249835742
"7306",-0.698852333563524,0.87256071036026,0.528891995470248,0.0441265698285513,-0.526921229516283,-0.428533501787931
"7308",-0.184302247483032,-0.222093582761843,-1.22607171116639,-0.307221143248734,-0.00835019083624964,0.391594111703249
"7310",-0.247755979699564,-0.171397673587116,0.478423762167585,-0.265519254781489,-0.22923508300612,-0.152743023258917
"7311",0.955276777799207,-0.425313898995015,0.362945919636808,-0.753813668392903,0.328904703784956,0.706940473292463
"7316",0.678035411717584,0.826120072991082,-1.2072888385577,-0.270227341658935,0.715491837023979,-0.844906254184799
"7321",-0.595659195780783,0.458119194023954,0.406392262620124,-0.512001097499178,-0.19789083555612,-0.206826304744514
"7326",-0.457242468617139,0.157140604678315,-0.87185705141235,1.51809184250727,-0.262058550998692,0.287174149192082
"7328",1.45637664900317,-1.10015720061931,-1.34705035454949,-0.330860518155611,0.300111420571313,0.151257005857368
"7329",-0.457242468617139,0.157140604678315,0.416921798776234,-0.356762996938274,-0.526921229516283,-0.428533501787931
"7330",-0.247755979699564,-0.171397673587116,0.291946137590887,-0.561110268113553,0.14456554432372,0.315826078327193
"7331",-0.247755979699564,-0.171397673587116,0.592670158565132,0.408852711517345,-0.0415525122865705,-0.295903988689492
"7333",-0.0195963296297108,-0.467006787771259,0.291946137590887,-0.561110268113553,0.360248951234956,0.652857191806867
"7334",-0.623889338616413,0.622278030189346,0.60360329403814,0.686896077408476,-0.0415525122865705,-0.295903988689492
"7335",-0.247755979699564,-0.171397673587116,-1.1450596229657,0.00857903082459028,-0.438173209798886,-0.0103010812273913
"7336",-0.520696200833671,0.207836513853041,0.300926726244117,-0.491791936757918,-0.0449751003961507,-0.282594338120569
"7337",0.511179957669733,-0.486328867604468,0.219914638043425,-0.807592110831242,-0.395506256902721,0.908183103887158
"7338",-0.184302247483032,-0.222093582761843,0.362945919636808,-0.753813668392903,-0.79435650581772,-0.337091836737373
"7339",-0.595659195780783,0.458119194023954,0.233713939801123,-0.659208744328676,-0.374005494356314,-0.504301535163987
"7342",-0.36749954571093,0.162510079839811,-1.15404021161893,-0.0607393005310451,-0.315198277746483,-0.553983088489157
"7343",-0.350949117482305,0.243043842749189,0.373475455792918,-0.598575567831999,-0.423899289746193,0.665752625244583
"7347",-0.457242468617139,0.157140604678315,0.416194546575582,-0.544325627265013,0.386461443063816,-1.06661345122822
"7350",0.469281061564018,-0.48961689241782,0.362945919636808,-0.753813668392903,-0.635066731306576,-0.105903563869182
"7351",1.22821699893331,-0.804548086435172,0.435704671384922,-0.319769195348475,0.287477881673593,-0.0741967916460746
"7352",0.466399386605478,-0.402703794348454,0.416194546575582,-0.544325627265013,0.16674785137365,-0.408043924821796
"7353",-0.247755979699564,-0.171397673587116,0.34416304702812,-0.790807469982703,0.585164028183756,0.201593686882939
"7355",-0.520696200833671,0.207836513853041,0.34416304702812,-0.790807469982703,-0.482150996146607,-0.181671597245238
"7356",-0.184302247483032,-0.222093582761843,0.4376572182047,-0.111044160812979,-0.184464849636443,0.0941188812837757
"7358",-0.520696200833671,0.207836513853041,0.488953298323696,-0.110281154220585,-0.744336676133735,0.0785744145712047
"7360",-0.698852333563524,0.87256071036026,0.519017597512643,0.591010173482356,0.00242527406115016,-0.124533472671645
"7363",-0.595659195780783,0.458119194023954,0.300926726244117,-0.491791936757918,0.287477881673593,-0.0741967916460746
"7364",0.739339607739586,-0.781937981788611,0.487849466820009,-0.0349073233296545,0.930092336119038,-0.818717413985665
"7365",0.913322158590549,0.892558175667467,0.306804176863988,0.412200067933949,0.791140453910601,0.0337861561685029
"7371",-0.0195963296297108,-0.467006787771259,-1.2072888385577,-0.270227341658935,-0.226450258029085,-0.135750667928618
"7372",-0.247755979699564,-0.171397673587116,-1.1450596229657,0.00857903082459028,-0.635066731306576,-0.105903563869182
"7373",-0.623889338616413,0.622278030189346,0.478423762167585,-0.265519254781489,-0.153120602186443,0.0400355997981796
"7375",-0.247755979699564,-0.171397673587116,0.71797730506523,1.25056432191082,-0.858524221260292,0.156908617199223
"7380",-0.247755979699564,-0.171397673587116,0.490905845143474,0.0984438803149106,0.546056167116372,0.123362564570906
"7381",-0.457242468617139,0.157140604678315,0.238697510652113,-0.770598309241443,0.252711046114013,-0.00680385959155561
"7385",-0.184302247483032,-0.222093582761843,0.519017597512643,0.591010173482356,-0.123662178999673,0.331776354852905
"7387",-0.292536550763818,-0.0877726003311019,0.0989359946603178,-0.83123148573812,0.274893353163943,-0.730673862740544
"7389",-0.0195963296297108,-0.467006787771259,0.353071521679203,-0.206930064739098,-0.357180610067264,-0.438014577612704
"7391",-0.0195963296297108,-0.467006787771259,0.553135060735477,0.377250252798436,-0.496670359307557,-0.0613013582083589
"7392",2.15400839035046,0.192969660143027,0.426724082731692,-0.38908752670411,0.287477881673593,-0.0741967916460746
"7396",0.330132195636365,1.45563694060215,0.416194546575582,-0.544325627265013,0.607346335233686,-0.52227631626605
"7397",-0.0195963296297108,-0.467006787771259,0.233713939801123,-0.659208744328676,-0.474488052257626,-0.785171361357347
"7400",-0.53220546356425,0.407423284849228,0.35417535318289,-0.282303895630029,-0.685694332842336,0.445730901647483
"7401",-0.53220546356425,0.407423284849228,0.356855152203321,0.113983769232207,-0.217288317629016,0.534036053734775
"7403",-0.698852333563524,0.87256071036026,0.425175135228812,-0.475007295909378,-0.79435650581772,-0.337091836737373
"7405",-0.595659195780783,0.458119194023954,0.415300737271207,0.0718763077444268,0.125401470002222,0.650051683057485
"7408",1.45637664900317,-1.10015720061931,0.219914638043425,-0.807592110831242,0.14456554432372,0.315826078327193
"7409",0.301693468752157,-0.157790589339037,-0.455176663447024,-0.22321528562061,-0.0415525122865705,-0.295903988689492
"7410",1.18343642786906,-0.720923013179157,0.478423762167585,-0.265519254781489,-0.0415525122865705,-0.295903988689492
"7411",-0.184302247483032,-0.222093582761843,-1.22607171116639,-0.307221143248734,-0.0415525122865705,-0.295903988689492
"7412",1.29167073114985,-0.855243995609898,-0.218302919569809,0.896580626209464,1.1727727075867,0.620860240143337
"7415",-0.184302247483032,-0.222093582761843,-1.1450596229657,0.00857903082459028,0.141378420158256,0.341230120165083
"7416",-0.595659195780783,0.458119194023954,0.77308900535005,1.67727502335322,-0.482150996146607,-0.181671597245238
"7417",1.67225809595985,0.577626981650116,-1.06012563533295,0.49071909497272,0.718369384349238,-0.693267827284439
"7418",0.532734793780551,-0.540312801592546,0.425175135228812,-0.475007295909378,-0.374005494356314,-0.504301535163987
"7419",-0.457242468617139,0.157140604678315,0.366657436158778,0.0816592394663709,0.68869173425638,0.226501438408009
"7420",1.45637664900317,-1.10015720061931,0.34416304702812,-0.790807469982703,1.18523640338873,0.773036072865413
"7422",-0.184302247483032,-0.222093582761843,0.478423762167585,-0.265519254781489,0.287477881673593,-0.0741967916460746
"7426",-0.247755979699564,-0.171397673587116,-0.92696875169717,1.09138114106486,-0.0415525122865705,-0.295903988689492
"7429",-0.292536550763818,-0.0877726003311019,0.643266006497338,0.607794814330896,-0.858524221260292,0.156908617199223
"7430",0.852083640016466,-0.0108723826587092,0.354692583184231,-0.635569369421799,0.646144619460864,-0.267002725215767
"7436",0.511179957669733,-0.486328867604468,0.488953298323696,-0.110281154220585,-0.337380584796413,0.169886914659831
"7437",-0.0195963296297108,-0.467006787771259,0.426394741988053,0.217120225237813,0.607346335233686,-0.52227631626605
"7439",-0.520696200833671,0.207836513853041,0.362945919636808,-0.753813668392903,-0.217288317629016,0.534036053734775
"7440",-0.698852333563524,0.87256071036026,0.488953298323696,-0.110281154220585,-0.0892286625807364,0.575996433640343
"7442",-0.0195963296297108,-0.467006787771259,0.291946137590887,-0.561110268113553,0.0997953109540431,0.0689641737845002
"7443",-0.457242468617139,0.157140604678315,0.425175135228812,-0.475007295909378,0.693309529974049,-0.12103625103581
"7444",-0.184302247483032,-0.222093582761843,0.460572012444757,0.633117634970136,0.585164028183756,0.201593686882939
"7448",-0.36749954571093,0.162510079839811,-1.22607171116639,-0.307221143248734,-0.482150996146607,-0.181671597245238
"7449",-0.184302247483032,-0.222093582761843,-1.2072888385577,-0.270227341658935,-0.858524221260292,0.156908617199223
"7452",-0.623889338616413,0.622278030189346,0.584820421429452,0.649902275818676,-0.0725179062788219,0.885594565639845
"7453",-0.53220546356425,0.407423284849228,0.37592650868539,-0.0925255993722273,-0.75037871947,-0.165721320719526
"7458",0.739339607739586,-0.781937981788611,0.519017597512643,0.591010173482356,0.328904703784956,0.706940473292463
"7459",0.366087923781277,-0.0751753760815146,0.34416304702812,-0.790807469982703,-0.482150996146607,-0.181671597245238
"7462",0.697440711633871,-0.785226006601963,-1.32826748194081,-0.293866716565812,-0.438173209798886,-0.0103010812273913
"7464",-0.36749954571093,0.162510079839811,0.656851920976913,0.896384118536365,0.16674785137365,-0.408043924821796
"7465",-0.623889338616413,0.622278030189346,0.532603511992218,0.879599477687825,-0.217288317629016,0.534036053734775
"7470",-0.698852333563524,0.87256071036026,-0.92696875169717,1.09138114106486,0.693309529974049,-0.12103625103581
"7472",-0.247755979699564,-0.171397673587116,0.477319930663898,-0.190145423890558,-0.0449751003961507,-0.282594338120569
"7473",-0.292536550763818,-0.0877726003311019,-1.03068561193861,0.572247275326935,-0.0415525122865705,-0.295903988689492
"7476",-0.184302247483032,-0.222093582761843,-1.34705035454949,-0.330860518155611,-0.306036337346413,0.115803633174235
"7480",-0.698852333563524,0.87256071036026,-1.09181099602692,0.21806707195248,0.585164028183756,0.201593686882939
"7481",-0.184302247483032,-0.222093582761843,0.667381457133024,1.05162221909727,-0.482150996146607,-0.181671597245238
"7483",1.45637664900317,-1.10015720061931,0.238697510652113,-0.770598309241443,1.04829761838479,0.539982543349067
"7485",0.685162508520696,1.18816728985161,0.77308900535005,1.67727502335322,0.657935097745119,0.928647670335881
"7487",-0.247755979699564,-0.171397673587116,0.373475455792918,-0.598575567831999,-0.546318711589179,0.312328856691358
"7488",-0.0195963296297108,-0.467006787771259,0.362945919636808,-0.753813668392903,0.754290121251157,-0.589632663134516
"7490",-0.595659195780783,0.458119194023954,0.34416304702812,-0.790807469982703,-0.105720227729143,0.198096465247103
"7492",0.678035411717584,0.826120072991082,0.294625936611317,-0.164822603251318,0.71600850820907,0.260546422118806
"7493",-0.292536550763818,-0.0877726003311019,0.51010912286156,0.00713276823875158,-0.482150996146607,-0.181671597245238
"7494",-0.0195963296297108,-0.467006787771259,-1.34705035454949,-0.330860518155611,-0.635066731306576,-0.105903563869182
"7496",-0.0195963296297108,-0.467006787771259,-1.22607171116639,-0.307221143248734,-0.184464849636443,0.0941188812837757
"7499",-0.0195963296297108,-0.467006787771259,-1.09181099602692,0.21806707195248,-0.374005494356314,-0.504301535163987
"7501",0.739339607739586,-0.781937981788611,0.238697510652113,-0.770598309241443,-0.635066731306576,-0.105903563869182
"7502",-0.0195963296297108,-0.467006787771259,0.291946137590887,-0.561110268113553,0.607346335233686,-0.52227631626605
"7503",-0.0195963296297108,-0.467006787771259,-0.384248995403249,0.0986403879880094,-0.217288317629016,0.534036053734775
"7504",-0.292536550763818,-0.0877726003311019,0.415300737271207,0.0718763077444268,0.278317205162192,0.574283649681429
"7506",-0.292536550763818,-0.0877726003311019,-0.87185705141235,1.51809184250727,-0.306036337346413,0.115803633174235
"7508",-0.184302247483032,-0.222093582761843,0.532431630948718,0.236565277551846,-0.153120602186443,0.0400355997981796
"7509",-0.0195963296297108,-0.467006787771259,0.34416304702812,-0.790807469982703,0.396140054648976,0.708625946738782
"7511",-0.623889338616413,0.622278030189346,0.582140622409021,0.253614610956441,-0.482150996146607,-0.181671597245238
"7512",-0.595659195780783,0.458119194023954,0.582140622409021,0.253614610956441,-0.153120602186443,0.0400355997981796
"7515",0.678035411717584,0.826120072991082,-0.218302919569809,0.896580626209464,0.966013073020958,-0.715082249835742
"7516",0.748616240737228,1.13747138067688,-0.92696875169717,1.09138114106486,0.585164028183756,0.201593686882939
"7517",-0.520696200833671,0.207836513853041,0.478423762167585,-0.265519254781489,-0.699234446749148,0.388096890067413
"7521",-0.457242468617139,0.157140604678315,-0.49862300643034,-0.465027856514335,-0.153120602186443,0.0400355997981796
"7522",-0.350949117482305,0.243043842749189,0.446926290731311,-0.285228999651577,0.657935097745119,0.928647670335881
"7523",-0.247755979699564,-0.171397673587116,0.291946137590887,-0.561110268113553,-0.248632565079016,0.588119335220371
"7524",0.739339607739586,-0.781937981788611,-1.21389347091372,0.269801527936533,0.67186684996733,0.160214480856726
"7525",-0.0195963296297108,-0.467006787771259,-1.2072888385577,-0.270227341658935,-0.153120602186443,0.0400355997981796
"7526",-0.0195963296297108,-0.467006787771259,-1.03068561193861,0.572247275326935,-0.482150996146607,-0.181671597245238
"7527",-0.595659195780783,0.458119194023954,0.667381457133024,1.05162221909727,0.287477881673593,-0.0741967916460746
"7528",-0.623889338616413,0.622278030189346,0.426724082731692,-0.38908752670411,-0.374005494356314,-0.504301535163987
"7529",-0.247755979699564,-0.171397673587116,-1.09181099602692,0.21806707195248,-0.184464849636443,0.0941188812837757
"7530",3.08692687857072,1.55253462358175,-1.22607171116639,-0.307221143248734,0.22331016623102,0.419803662290521
"7531",-0.292536550763818,-0.0877726003311019,-0.87185705141235,1.51809184250727,0.160775902231151,-0.399632238314206
"7533",0.678035411717584,0.826120072991082,-1.1450596229657,0.00857903082459028,-0.0415525122865705,-0.295903988689492
"7535",-0.292536550763818,-0.0877726003311019,-1.03068561193861,0.572247275326935,-0.0415525122865705,-0.295903988689492
"7537",1.61095389993784,2.18568503642981,0.499886433796703,0.167762211670546,-0.162282542586513,-0.629751121865213
"7538",-0.623889338616413,0.622278030189346,0.478423762167585,-0.265519254781489,-0.153120602186443,0.0400355997981796
"7539",-0.247755979699564,-0.171397673587116,0.375638024812008,0.150977570822006,-0.0763193478461505,-0.228511056634973
"7540",-0.595659195780783,0.458119194023954,-1.09291482753061,0.29344090284341,0.205546135600828,-0.152770333771513
"7541",-0.623889338616413,0.622278030189346,-1.1450596229657,0.00857903082459028,-0.337380584796413,0.169886914659831
"7544",-0.184302247483032,-0.222093582761843,0.404643586485553,0.0273419289800116,0.360248951234956,0.652857191806867
"7545",-0.184302247483032,-0.222093582761843,-1.03068561193861,0.572247275326935,0.287477881673593,-0.0741967916460746
"7546",-0.247755979699564,-0.171397673587116,0.643266006497338,0.607794814330896,0.205546135600828,-0.152770333771513
"7547",-0.0195963296297108,-0.467006787771259,0.656851920976913,0.896384118536365,1.90882463855018,0.857706091271053
"7548",-0.0195963296297108,-0.467006787771259,-1.22607171116639,-0.307221143248734,-0.482150996146607,-0.181671597245238
"7549",-0.623889338616413,0.622278030189346,-1.22607171116639,-0.307221143248734,0.217336613885083,1.04288006178014
"7550",-0.292536550763818,-0.0877726003311019,0.219914638043425,-0.807592110831242,-0.546318711589179,0.312328856691358
"7551",0.739339607739586,-0.781937981788611,-1.06012563533295,0.49071909497272,0.100311982139134,1.17441685008811
"7552",-0.0195963296297108,-0.467006787771259,0.550078682412012,0.24389904915387,1.11246533382737,0.0459820894124717
"7553",-0.292536550763818,-0.0877726003311019,0.35417535318289,-0.282303895630029,-0.432131166462622,0.23399465406334
"7554",-0.0195963296297108,-0.467006787771259,-1.2072888385577,-0.270227341658935,-0.315198277746483,-0.553983088489157
"7555",-0.184302247483032,-0.222093582761843,-1.09181099602692,0.21806707195248,-0.184464849636443,0.0941188812837757
"7556",2.36988983730714,1.87075384241246,-1.09291482753061,0.29344090284341,0.715491837023979,-0.844906254184799
"7557",-0.0195963296297108,-0.467006787771259,0.698377706782158,1.0345055157733,-0.153120602186443,0.0400355997981796
"7558",1.61095389993784,2.18568503642981,-1.1450596229657,0.00857903082459028,0.287477881673593,-0.0741967916460746
"7559",-0.520696200833671,0.207836513853041,0.500174917670085,-0.0757409585236875,0.122494289189064,0.450546846939116
"7560",-0.292536550763818,-0.0877726003311019,0.550643150972748,0.233904866086352,-0.315198277746483,-0.553983088489157
"7561",-0.292536550763818,-0.0877726003311019,0.592670158565132,0.408852711517345,0.966013073020958,-0.715082249835742
"7562",-0.184302247483032,-0.222093582761843,-1.1450596229657,0.00857903082459028,0.287477881673593,-0.0741967916460746
"7563",1.67225809595985,0.577626981650116,-1.32826748194081,-0.293866716565812,0.395623383463885,-0.396826729564824
"7564",-0.0195963296297108,-0.467006787771259,-0.87185705141235,1.51809184250727,-0.162282542586513,-0.629751121865213
"7565",-0.292536550763818,-0.0877726003311019,0.499886433796703,0.167762211670546,-0.0541370407962202,-0.952381059783962
"7566",-0.0195963296297108,-0.467006787771259,0.499886433796703,0.167762211670546,-0.409379926585243,0.545382386207703
"7567",0.581969370737954,1.60260880618791,0.470412437556027,0.498587009186831,0.657935097745119,0.928647670335881
"7568",2.38929513722343,0.259407762819412,-0.92696875169717,1.09138114106486,0.00242527406115016,-0.124533472671645
"7569",0.678035411717584,0.826120072991082,0.553135060735477,0.377250252798436,0.214148225830951,-0.249983059372872
"7570",-0.36749954571093,0.162510079839811,0.667381457133024,1.05162221909727,-0.395506256902721,0.908183103887158
"7571",-0.184302247483032,-0.222093582761843,0.487849466820009,-0.0349073233296545,-0.184464849636443,0.0941188812837757
"7572",-0.698852333563524,0.87256071036026,-1.2072888385577,-0.270227341658935,-0.482150996146607,-0.181671597245238
"7573",-0.0195963296297108,-0.467006787771259,-0.92696875169717,1.09138114106486,0.646144619460864,-0.267002725215767
"7574",-0.184302247483032,-0.222093582761843,0.415300737271207,0.0718763077444268,-0.184464849636443,0.0941188812837757
"7575",-0.292536550763818,-0.0877726003311019,0.477319930663898,-0.190145423890558,-0.162282542586513,-0.629751121865213
"7576",-0.247755979699564,-0.171397673587116,-1.09291482753061,0.29344090284341,-0.562295661745213,0.62115041958376
"7577",0.739339607739586,-0.781937981788611,0.478423762167585,-0.265519254781489,0.14456554432372,0.315826078327193
"7578",-0.292536550763818,-0.0877726003311019,0.77308900535005,1.67727502335322,0.214148225830951,-0.249983059372872
"7579",-0.247755979699564,-0.171397673587116,0.356855152203321,0.113983769232207,-0.0415525122865705,-0.295903988689492
"7580",-0.0195963296297108,-0.467006787771259,-0.351459803205588,0.295918580117319,0.607346335233686,-0.52227631626605
"7581",-0.184302247483032,-0.222093582761843,0.487849466820009,-0.0349073233296545,-0.526921229516283,-0.428533501787931
"7582",-0.457242468617139,0.157140604678315,-1.03068561193861,0.572247275326935,-0.206536104771099,0.228839649895699
"7583",-0.0195963296297108,-0.467006787771259,-0.49862300643034,-0.465027856514335,0.278315941273523,-0.743983513309467
"7584",-0.0195963296297108,-0.467006787771259,-0.87185705141235,1.51809184250727,0.754290121251157,-0.589632663134516
"7585",-0.457242468617139,0.157140604678315,0.294625936611317,-0.164822603251318,0.16674785137365,-0.408043924821796
"7586",-0.520696200833671,0.207836513853041,0.428886651750782,0.360465611949896,-0.482150996146607,-0.181671597245238
"7588",1.45637664900317,-1.10015720061931,-0.92696875169717,1.09138114106486,0.585164028183756,0.201593686882939
"7589",3.08692687857072,1.55253462358175,-1.22607171116639,-0.307221143248734,1.54964122957782,-0.0549406514628594
"7590",-0.0195963296297108,-0.467006787771259,0.416921798776234,-0.356762996938274,1.2591227300792,-0.597010216942247
"7591",-0.595659195780783,0.458119194023954,0.34416304702812,-0.790807469982703,-0.409379926585243,0.545382386207703
"7592",-0.0195963296297108,-0.467006787771259,0.0989359946603178,-0.83123148573812,-0.0449751003961507,-0.282594338120569
"7595",-0.247755979699564,-0.171397673587116,-0.87185705141235,1.51809184250727,0.0416696388477349,0.807260363011827
"7596",1.61095389993784,2.18568503642981,0.418874345596012,-0.148037962402779,0.351087010834887,-0.0169295298565255
"7597",1.67225809595985,0.577626981650116,-1.22607171116639,-0.307221143248734,0.607346335233686,-0.52227631626605
"7598",-0.0195963296297108,-0.467006787771259,0.429403881752123,0.00720013815812524,0.715491837023979,-0.844906254184799
"7599",-0.184302247483032,-0.222093582761843,0.653795542653449,0.7630329148918,0.14456554432372,0.315826078327193
"7600",-0.0195963296297108,-0.467006787771259,-1.03068561193861,0.572247275326935,-0.162282542586513,-0.629751121865213
"7601",-0.0195963296297108,-0.467006787771259,0.34416304702812,-0.790807469982703,-0.162282542586513,-0.629751121865213
"7602",0.739339607739586,-0.781937981788611,-1.15404021161893,-0.0607393005310451,-0.395506256902721,0.908183103887158
"7604",-0.457242468617139,0.157140604678315,-1.15404021161893,-0.0607393005310451,-0.546318711589179,0.312328856691358
"7605",1.22821699893331,-0.804548086435172,0.356855152203321,0.113983769232207,0.693309529974049,-0.12103625103581
"7606",-0.457242468617139,0.157140604678315,0.416194546575582,-0.544325627265013,-0.217288317629016,0.534036053734775
"7607",1.45637664900317,-1.10015720061931,0.219914638043425,-0.807592110831242,-0.22923508300612,-0.152743023258917
"7608",0.466399386605478,-0.402703794348454,0.425175135228812,-0.475007295909378,-0.482150996146607,-0.181671597245238
"7609",1.63035919985413,0.574338956836764,-1.04134276272426,0.52771289656252,-0.635066731306576,-0.105903563869182
"7610",-0.0195963296297108,-0.467006787771259,-0.92696875169717,1.09138114106486,-0.0726865887360997,0.163589819139012
"7611",0.259794572646443,-0.161078614152389,0.519017597512643,0.591010173482356,-0.306036337346413,0.115803633174235
"7612",-0.0195963296297108,-0.467006787771259,0.238697510652113,-0.770598309241443,0.607346335233686,-0.52227631626605
"7615",1.61095389993784,2.18568503642981,-1.04134276272426,0.52771289656252,0.19196591878102,0.473886943776117
"7616",-0.350949117482305,0.243043842749189,-0.517405879039027,-0.502021658104135,-0.482150996146607,-0.181671597245238
"7617",3.08692687857072,1.55253462358175,-0.988094135785487,0.737200937690409,0.252711046114013,-0.00680385959155561
"7618",-0.520696200833671,0.207836513853041,0.238697510652113,-0.770598309241443,-0.217288317629016,0.534036053734775
"7619",-0.0195963296297108,-0.467006787771259,0.354692583184231,-0.635569369421799,0.16674785137365,-0.408043924821796
"7620",0.678035411717584,0.826120072991082,0.36591420253062,-0.601029173724901,0.966013073020958,-0.715082249835742
"7621",-0.0195963296297108,-0.467006787771259,0.698377706782158,1.0345055157733,0.780012351757623,-0.162415457062023
"7622",-0.0195963296297108,-0.467006787771259,0.61413283019425,0.84213417796938,0.0138321162136806,-0.33227589144574
"7623",-0.520696200833671,0.207836513853041,-0.988094135785487,0.737200937690409,0.229352209567284,0.664099397581252
"7624",-0.0195963296297108,-0.467006787771259,0.532603511992218,0.879599477687825,0.646144619460864,-0.267002725215767
"7625",-0.595659195780783,0.458119194023954,-0.92696875169717,1.09138114106486,0.576469015061893,0.464987041830699
"7627",-0.184302247483032,-0.222093582761843,-0.49862300643034,-0.465027856514335,-0.465326111857557,-0.115384639693955
"7628",-0.0195963296297108,-0.467006787771259,0.362945919636808,-0.753813668392903,0.16674785137365,-0.408043924821796
"7629",3.08692687857072,1.55253462358175,0.550643150972748,0.233904866086352,1.22112750680275,0.828804827797328
"7630",-0.457242468617139,0.157140604678315,-0.87185705141235,1.51809184250727,-0.248632565079016,0.588119335220371
"7631",-0.247755979699564,-0.171397673587116,0.356855152203321,0.113983769232207,-0.337380584796413,0.169886914659831
"7632",-0.0195963296297108,-0.467006787771259,0.238697510652113,-0.770598309241443,0.611377783901284,-0.199609793161248
"7633",0.678035411717584,0.826120072991082,-1.1450596229657,0.00857903082459028,0.00148612772000743,-0.630820511182396
"7634",-0.184302247483032,-0.222093582761843,-0.988094135785487,0.737200937690409,-0.306036337346413,0.115803633174235
"7635",-0.53220546356425,0.407423284849228,0.71797730506523,1.25056432191082,0.0644208787251139,1.11864809515619
"7636",-0.36749954571093,0.162510079839811,0.624789980979904,0.886668556733794,0.108622179267342,0.330252264405531
"7637",-0.0195963296297108,-0.467006787771259,0.384697075139308,-0.564035372135102,-0.438173209798886,-0.0103010812273913
"7638",-0.520696200833671,0.207836513853041,0.479354885053444,0.670111436559935,-0.306036337346413,0.115803633174235
"7639",-0.623889338616413,0.622278030189346,0.260448666154613,-0.580820012983642,-0.217288317629016,0.534036053734775
"7641",1.61095389993784,2.18568503642981,-1.22607171116639,-0.307221143248734,-0.0541370407962202,-0.952381059783962
"7642",1.67225809595985,0.577626981650116,-1.2072888385577,-0.270227341658935,1.94515830002454,0.375672234270467
"7643",-0.247755979699564,-0.171397673587116,-0.92696875169717,1.09138114106486,-0.721585436256357,0.389962146715569
"7644",-0.247755979699564,-0.171397673587116,0.375638024812008,0.150977570822006,-0.635066731306576,-0.105903563869182
"7645",-0.0195963296297108,-0.467006787771259,0.539549146255902,0.0886609485929665,0.325482115675376,0.720250123861386
"7646",-0.36749954571093,0.162510079839811,-0.517405879039027,-0.502021658104135,0.525414589160922,-0.600849858391488
"7647",-0.457242468617139,0.157140604678315,0.481103561188016,0.130768410080746,-0.538655767700198,-0.291170907420752
"7648",-0.457242468617139,0.157140604678315,0.356855152203321,0.113983769232207,0.715491837023979,-0.844906254184799
"7649",-0.36749954571093,0.162510079839811,0.499886433796703,0.167762211670546,0.0138321162136806,-0.33227589144574
"7650",-0.595659195780783,0.458119194023954,0.783618541506161,1.83251312391413,0.0997953109540431,0.0689641737845002
"7651",-0.0195963296297108,-0.467006787771259,0.34416304702812,-0.790807469982703,0.350316546951022,0.198788178133557
"7652",-0.0195963296297108,-0.467006787771259,0.595349957585562,0.80514037637958,-0.162282542586513,-0.629751121865213
"7653",-0.184302247483032,-0.222093582761843,0.481103561188016,0.130768410080746,-0.162282542586513,-0.629751121865213
"7654",-0.36749954571093,0.162510079839811,0.648840596365355,1.66049038250468,-0.526921229516283,-0.428533501787931
"7655",-0.595659195780783,0.458119194023954,0.648840596365355,1.66049038250468,-0.306036337346413,0.115803633174235
"7656",-0.184302247483032,-0.222093582761843,-0.988094135785487,0.737200937690409,-0.370204052788985,0.609804087110831
"7657",2.36988983730714,1.87075384241246,0.656851920976913,0.896384118536365,0.351087010834887,-0.0169295298565255
"7658",-0.0195963296297108,-0.467006787771259,-1.09291482753061,0.29344090284341,0.287477881673593,-0.0741967916460746
"7659",-0.698852333563524,0.87256071036026,0.460572012444757,0.633117634970136,-0.721585436256357,0.389962146715569
"7660",2.36988983730714,1.87075384241246,0.481103561188016,0.130768410080746,-0.162282542586513,-0.629751121865213
"7661",-0.0195963296297108,-0.467006787771259,-1.22607171116639,-0.307221143248734,-0.109142815838723,0.211406115816026
"7662",-0.292536550763818,-0.0877726003311019,0.34416304702812,-0.790807469982703,-0.0449751003961507,-0.282594338120569
"7663",-0.247755979699564,-0.171397673587116,-0.218302919569809,0.896580626209464,0.28614883150845,0.692788632070152
"7664",-0.698852333563524,0.87256071036026,0.294625936611317,-0.164822603251318,0.0526304004408583,-0.0770023003954569
"7665",-0.457242468617139,0.157140604678315,-1.2072888385577,-0.270227341658935,-0.153120602186443,0.0400355997981796
"7666",1.80610517426924,0.822486527754097,0.479354885053444,0.670111436559935,1.51426679734889,0.994743269908831
"7667",-0.698852333563524,0.87256071036026,0.519017597512643,0.591010173482356,0.646144619460864,-0.267002725215767
"7668",-0.292536550763818,-0.0877726003311019,0.362945919636808,-0.753813668392903,0.395623383463885,-0.396826729564824
"7669",-0.595659195780783,0.458119194023954,0.501435381299584,0.253681980875814,0.287477881673593,-0.0741967916460746
"7670",-0.247755979699564,-0.171397673587116,0.416194546575582,-0.544325627265013,-0.00835019083624964,0.391594111703249
"7671",-0.595659195780783,0.458119194023954,0.490905845143474,0.0984438803149106,-0.465326111857557,-0.115384639693955
"7672",-0.0195963296297108,-0.467006787771259,0.667381457133024,1.05162221909727,-0.153120602186443,0.0400355997981796
"7673",0.511179957669733,-0.486328867604468,-0.218302919569809,0.896580626209464,-0.392555042296193,0.611669343758987
"7674",-0.595659195780783,0.458119194023954,0.679901681264724,1.3133792581762,-0.635066731306576,-0.105903563869182
"7675",-0.0195963296297108,-0.467006787771259,0.71797730506523,1.25056432191082,0.278315941273523,-0.743983513309467
"7676",-0.0195963296297108,-0.467006787771259,0.561172687128858,0.389142966647256,-0.315198277746483,-0.553983088489157
"7677",-0.0195963296297108,-0.467006787771259,0.61413283019425,0.84213417796938,-0.0895114730251495,0.0973028615877283
"7678",-0.184302247483032,-0.222093582761843,-0.87185705141235,1.51809184250727,-0.401548300238985,0.663887368596427
"7679",-0.595659195780783,0.458119194023954,0.418874345596012,-0.148037962402779,0.031218557274793,0.431149994763449
"7680",-0.520696200833671,0.207836513853041,0.60360329403814,0.686896077408476,-0.79435650581772,-0.337091836737373
"7681",-0.292536550763818,-0.0877726003311019,0.71797730506523,1.25056432191082,-0.635066731306576,-0.105903563869182
"7682",0.678035411717584,0.826120072991082,-1.03068561193861,0.572247275326935,0.0866031857750442,0.394778092007202
"7683",-0.292536550763818,-0.0877726003311019,-0.92696875169717,1.09138114106486,0.14456554432372,0.315826078327193
"7684",-0.623889338616413,0.622278030189346,-0.988094135785487,0.737200937690409,-0.560838074750129,0.432699095728237
"7685",-0.184302247483032,-0.222093582761843,0.425175135228812,-0.475007295909378,-0.562295661745213,0.62115041958376
"7686",0.259794572646443,-0.161078614152389,-1.25068888528853,1.94343699978591,-0.713346835597316,-0.70207137798939
"7687",1.61095389993784,2.18568503642981,0.60360329403814,0.686896077408476,-0.0415525122865705,-0.295903988689492
"7689",1.61095389993784,2.18568503642981,-1.09181099602692,0.21806707195248,0.360248951234956,0.652857191806867
"7690",0.739339607739586,-0.781937981788611,-1.22607171116639,-0.307221143248734,0.607346335233686,-0.52227631626605
"7691",-0.623889338616413,0.622278030189346,0.667381457133024,1.05162221909727,-0.0803495326250798,0.767089583251121
"7692",-0.457242468617139,0.157140604678315,-1.27501885500203,-0.0843786754379221,-0.526921229516283,-0.428533501787931
"7693",-0.0195963296297108,-0.467006787771259,0.322677881746616,-0.302013640500117,0.14456554432372,0.315826078327193
"7694",-0.0195963296297108,-0.467006787771259,-1.22607171116639,-0.307221143248734,0.14456554432372,0.315826078327193
"7695",-0.457242468617139,0.157140604678315,-0.351459803205588,0.295918580117319,0.0526304004408583,-0.0770023003954569
"7696",-0.0195963296297108,-0.467006787771259,-0.163191219284989,1.32329132765187,-0.162282542586513,-0.629751121865213
"7697",-0.457242468617139,0.157140604678315,0.418874345596012,-0.148037962402779,0.217336613885083,1.04288006178014
"7698",-0.520696200833671,0.207836513853041,0.385860713876865,-0.00965187260978815,-0.0895114730251495,0.0973028615877283
"7699",-0.292536550763818,-0.0877726003311019,0.446926290731311,-0.285228999651577,0.278315941273523,-0.743983513309467
"7700",0.405095190583477,1.20535426043124,0.574129297797463,1.01772087492476,0.607346335233686,-0.52227631626605
"7702",1.45637664900317,-1.10015720061931,0.595349957585562,0.80514037637958,-0.337380584796413,0.169886914659831
"7703",3.08692687857072,1.55253462358175,-1.06012563533295,0.49071909497272,0.718915689022228,0.460051258237175
"7704",-0.247755979699564,-0.171397673587116,0.294625936611317,-0.164822603251318,-0.482150996146607,-0.181671597245238
"7706",-0.623889338616413,0.622278030189346,0.416921798776234,-0.356762996938274,-0.0449751003961507,-0.282594338120569
"7707",0.511179957669733,-0.486328867604468,0.77308900535005,1.67727502335322,-0.79435650581772,-0.337091836737373
"7708",-0.0195963296297108,-0.467006787771259,0.594660846540722,0.51537165003537,-0.474488052257626,-0.785171361357347
"7709",-0.53220546356425,0.407423284849228,0.61413283019425,0.84213417796938,-0.721585436256357,0.389962146715569
"7711",1.43697134908688,0.51118887897373,-0.975573911653786,0.998957976769339,0.360248951234956,0.652857191806867
"7712",-0.520696200833671,0.207836513853041,0.77308900535005,1.67727502335322,-0.423899289746193,0.665752625244583
"7713",-0.292536550763818,-0.0877726003311019,-1.03068561193861,0.572247275326935,-0.858524221260292,0.156908617199223
"7714",-0.457242468617139,0.157140604678315,0.362945919636808,-0.753813668392903,-0.11169378007508,0.821172864736717
"7715",-0.247755979699564,-0.171397673587116,0.720128862284658,1.2242838120311,-0.00835019083624964,0.391594111703249
"7716",0.0181847077000579,0.554341491529556,0.584820421429452,0.649902275818676,-0.167639965347394,0.160405838835059
"7717",1.61095389993784,2.18568503642981,-1.1450596229657,0.00857903082459028,0.386461443063816,-1.06661345122822
"7718",1.45637664900317,-1.10015720061931,-1.04134276272426,0.52771289656252,0.51895111480736,0.235982514232782
"7719",-0.0195963296297108,-0.467006787771259,0.418874345596012,-0.148037962402779,0.543178619791114,-0.0282758623294542
"7720",-0.53220546356425,0.407423284849228,0.77308900535005,1.67727502335322,0.0671096606888131,0.486918749695364
"7721",-0.595659195780783,0.458119194023954,0.375638024812008,0.150977570822006,-0.217288317629016,0.534036053734775
"7722",-0.520696200833671,0.207836513853041,0.656851920976913,0.896384118536365,0.278315941273523,-0.743983513309467
"7723",-0.698852333563524,0.87256071036026,0.624789980979904,0.886668556733794,-0.421348325509836,0.0559858763238917
"7724",-0.520696200833671,0.207836513853041,0.425175135228812,-0.475007295909378,-0.635066731306576,-0.105903563869182
"7725",-0.0195963296297108,-0.467006787771259,0.783618541506161,1.83251312391413,0.386461443063816,-1.06661345122822
"7726",0.511179957669733,-0.486328867604468,0.643266006497338,0.607794814330896,0.629141814531476,0.372964202900786
"7727",-0.292536550763818,-0.0877726003311019,0.416921798776234,-0.356762996938274,-0.482150996146607,-0.181671597245238
"7728",-0.292536550763818,-0.0877726003311019,0.656851920976913,0.896384118536365,-0.0415525122865705,-0.295903988689492
"7729",-0.0195963296297108,-0.467006787771259,-1.2072888385577,-0.270227341658935,0.278315941273523,-0.743983513309467
"7730",0.739339607739586,-0.781937981788611,-1.2072888385577,-0.270227341658935,-0.306036337346413,0.115803633174235
"7731",-0.0195963296297108,-0.467006787771259,0.375638024812008,0.150977570822006,-0.538655767700198,-0.291170907420752
"7732",-0.0195963296297108,-0.467006787771259,-1.32826748194081,-0.293866716565812,0.121977618003973,-0.654905829364489
"7733",-0.520696200833671,0.207836513853041,0.384697075139308,-0.564035372135102,0.657935097745119,0.928647670335881
"7734",-0.0195963296297108,-0.467006787771259,-1.09181099602692,0.21806707195248,-0.118304756238792,-0.458380605847367
"7735",-0.247755979699564,-0.171397673587116,0.241665793545925,-0.617813814573442,-0.370204052788985,0.609804087110831
"7736",-0.292536550763818,-0.0877726003311019,0.416921798776234,-0.356762996938274,0.715491837023979,-0.844906254184799
"7737",-0.53220546356425,0.407423284849228,0.61413283019425,0.84213417796938,-0.562295661745213,0.62115041958376
"7738",-0.595659195780783,0.458119194023954,0.594660846540722,0.51537165003537,-0.140487063288723,0.265489397301622
"7739",-0.0195963296297108,-0.467006787771259,-0.975573911653786,0.998957976769339,-0.560431100437346,-0.777839411365446
"7740",-0.247755979699564,-0.171397673587116,0.470412437556027,0.498587009186831,-0.11169378007508,0.821172864736717
"7741",-0.184302247483032,-0.222093582761843,0.540768753015143,0.780788469740158,-0.392555042296193,0.611669343758987
"7742",-0.0195963296297108,-0.467006787771259,-0.92696875169717,1.09138114106486,0.22331016623102,0.419803662290521
"7743",-0.247755979699564,-0.171397673587116,0.653795542653449,0.7630329148918,0.22331016623102,0.419803662290521
"7744",-0.623889338616413,0.622278030189346,0.53186027836406,0.196911064496553,-0.699234446749148,0.388096890067413
"7745",-0.520696200833671,0.207836513853041,0.316967058694974,-0.37818670591409,-0.482150996146607,-0.181671597245238
"7746",-0.595659195780783,0.458119194023954,0.478423762167585,-0.265519254781489,-0.357180610067264,-0.438014577612704
"7748",1.61095389993784,2.18568503642981,0.648840596365355,1.66049038250468,0.19196591878102,0.473886943776117
"7749",-0.0195963296297108,-0.467006787771259,-1.04134276272426,0.52771289656252,-0.162282542586513,-0.629751121865213
"7750",-0.623889338616413,0.622278030189346,0.426724082731692,-0.38908752670411,-0.217288317629016,0.534036053734775
"7751",-0.520696200833671,0.207836513853041,-1.09291482753061,0.29344090284341,0.278315941273523,-0.743983513309467
"7752",2.22458921937011,0.504320967828828,-1.06012563533295,0.49071909497272,0.252711046114013,-0.00680385959155561
"7753",-0.698852333563524,0.87256071036026,-1.22607171116639,-0.307221143248734,0.16674785137365,-0.408043924821796
"7754",0.1213778454828,0.139899975193251,0.656851920976913,0.896384118536365,1.04829761838479,0.539982543349067
"7755",-0.623889338616413,0.622278030189346,-1.2072888385577,-0.270227341658935,-0.482150996146607,-0.181671597245238
"7756",-0.0195963296297108,-0.467006787771259,-1.15404021161893,-0.0607393005310451,-0.482150996146607,-0.181671597245238
"7757",1.61095389993784,2.18568503642981,0.479354885053444,0.670111436559935,-0.0415525122865705,-0.295903988689492
"7758",-0.53220546356425,0.407423284849228,-1.1450596229657,0.00857903082459028,0.278315941273523,-0.743983513309467
"7759",-0.184302247483032,-0.222093582761843,0.416194546575582,-0.544325627265013,0.19196591878102,0.473886943776117
"7760",-0.247755979699564,-0.171397673587116,0.656851920976913,0.896384118536365,0.031218557274793,0.431149994763449
"7761",-0.595659195780783,0.458119194023954,0.656851920976913,0.896384118536365,0.205546135600828,-0.152770333771513
"7763",-0.247755979699564,-0.171397673587116,-1.06012563533295,0.49071909497272,0.396140054648976,0.708625946738782
"7764",-0.698852333563524,0.87256071036026,-1.09181099602692,0.21806707195248,-0.721585436256357,0.389962146715569
"7765",-0.292536550763818,-0.0877726003311019,0.532603511992218,0.879599477687825,0.205546135600828,-0.152770333771513
"7766",-0.0195963296297108,-0.467006787771259,0.698377706782158,1.0345055157733,-0.379365993189055,-0.0599826345525617
"7767",-0.698852333563524,0.87256071036026,0.300926726244117,-0.491791936757918,-0.482150996146607,-0.181671597245238
"7768",-0.292536550763818,-0.0877726003311019,0.418874345596012,-0.148037962402779,0.278315941273523,-0.743983513309467
"7770",-0.457242468617139,0.157140604678315,0.477319930663898,-0.190145423890558,-0.0803495326250798,0.767089583251121
"7771",1.67225809595985,0.577626981650116,-1.2072888385577,-0.270227341658935,-0.635066731306576,-0.105903563869182
"7772",-0.292536550763818,-0.0877726003311019,0.708907242938269,1.1897436163342,0.0138321162136806,-0.33227589144574
"7773",-0.247755979699564,-0.171397673587116,0.500174917670085,-0.0757409585236875,-0.465326111857557,-0.115384639693955
"7774",-0.0195963296297108,-0.467006787771259,0.488953298323696,-0.110281154220585,-0.496670359307557,-0.0613013582083589
"7776",0.574633689886265,-0.537024776779195,0.478423762167585,-0.265519254781489,0.256133634223593,-0.0201135101604785
"7777",-0.520696200833671,0.207836513853041,0.353071521679203,-0.206930064739098,-0.699234446749148,0.388096890067413
"7778",0.678035411717584,0.826120072991082,0.238697510652113,-0.770598309241443,1.2591227300792,-0.597010216942247
"7779",-0.457242468617139,0.157140604678315,0.34416304702812,-0.790807469982703,1.2591227300792,-0.597010216942247
"7780",-0.0195963296297108,-0.467006787771259,-1.09181099602692,0.21806707195248,0.865924620676466,-0.32471696004907
"7781",-0.0195963296297108,-0.467006787771259,-1.22607171116639,-0.307221143248734,0.278315941273523,-0.743983513309467
"7782",-0.36749954571093,0.162510079839811,0.519017597512643,0.591010173482356,0.287477881673593,-0.0741967916460746
"7783",-0.520696200833671,0.207836513853041,0.574129297797463,1.01772087492476,-0.217288317629016,0.534036053734775
"7784",-0.520696200833671,0.207836513853041,-1.06012563533295,0.49071909497272,0.275410024349034,0.374778813563061
"7786",0.678035411717584,0.826120072991082,0.77308900535005,1.67727502335322,0.278315941273523,-0.743983513309467
"7787",-0.698852333563524,0.87256071036026,0.584820421429452,0.649902275818676,-0.474488052257626,-0.785171361357347
"7788",1.61095389993784,2.18568503642981,-1.34705035454949,-0.330860518155611,0.278315941273523,-0.743983513309467
"7789",1.45637664900317,-1.10015720061931,-1.2072888385577,-0.270227341658935,-0.0763193478461505,-0.228511056634973
"7791",-0.292536550763818,-0.0877726003311019,0.77308900535005,1.67727502335322,0.239518920935014,0.319010058631146
"7792",0.405095190583477,1.20535426043124,0.426394741988053,0.217120225237813,-0.0895114730251495,0.0973028615877283
"7793",-0.698852333563524,0.87256071036026,0.667381457133024,1.05162221909727,0.031218557274793,0.431149994763449
"7794",-0.520696200833671,0.207836513853041,0.219914638043425,-0.807592110831242,0.0665929895037224,-0.618533926608241
"7795",0.466399386605478,-0.402703794348454,0.60360329403814,0.686896077408476,-0.0541370407962202,-0.952381059783962
"7796",-0.0195963296297108,-0.467006787771259,0.238697510652113,-0.770598309241443,0.278315941273523,-0.743983513309467
"7798",-0.247755979699564,-0.171397673587116,-0.988094135785487,0.737200937690409,-0.153120602186443,0.0400355997981796
"7799",-0.0195963296297108,-0.467006787771259,0.698377706782158,1.0345055157733,-0.0415525122865705,-0.295903988689492
"7806",-0.520696200833671,0.207836513853041,-1.06012563533295,0.49071909497272,-0.721585436256357,0.389962146715569
"7817",-0.698852333563524,0.87256071036026,0.418874345596012,-0.148037962402779,-0.356663938882173,0.667438098690901
"7820",-0.520696200833671,0.207836513853041,0.643266006497338,0.607794814330896,-0.217288317629016,0.534036053734775
"7825",-0.0195963296297108,-0.467006787771259,0.438672954278734,-0.166984700680473,-0.162282542586513,-0.629751121865213
"7826",1.61095389993784,2.18568503642981,0.481103561188016,0.130768410080746,0.525414589160922,-0.600849858391488
"7827",-0.520696200833671,0.207836513853041,0.408183221964023,0.219780636703306,-0.482150996146607,-0.181671597245238
"7830",-0.520696200833671,0.207836513853041,0.553135060735477,0.377250252798436,-0.635066731306576,-0.105903563869182
"7831",-0.247755979699564,-0.171397673587116,0.35417535318289,-0.282303895630029,-0.635066731306576,-0.105903563869182
"7833",-0.0195963296297108,-0.467006787771259,-1.22607171116639,-0.307221143248734,0.633560090951214,-0.923479796310237
"7834",0.330132195636365,1.45563694060215,0.34416304702812,-0.790807469982703,-0.0536203696111294,0.153071616519643
"7835",-0.36749954571093,0.162510079839811,0.384697075139308,-0.564035372135102,-0.635066731306576,-0.105903563869182
"7836",0.424500490499764,-0.405991819161806,-1.22607171116639,-0.307221143248734,-0.0536203696111294,0.153071616519643
"7837",-0.0195963296297108,-0.467006787771259,-1.04134276272426,0.52771289656252,-0.635066731306576,-0.105903563869182
"7842",-0.0195963296297108,-0.467006787771259,0.37644373868673,-0.445791073163998,0.16674785137365,-0.408043924821796
"7857",-0.0195963296297108,-0.467006787771259,0.614260444823794,0.731430456172891,0.278315941273523,-0.743983513309467
"7868",-0.0195963296297108,-0.467006787771259,0.425175135228812,-0.475007295909378,-0.162282542586513,-0.629751121865213
"7878",-0.292536550763818,-0.0877726003311019,-1.32826748194081,-0.293866716565812,0.16674785137365,-0.408043924821796
"7880",-0.0195963296297108,-0.467006787771259,0.373475455792918,-0.598575567831999,0.966013073020958,-0.715082249835742
"7881",-0.0195963296297108,-0.467006787771259,0.481103561188016,0.130768410080746,-0.79435650581772,-0.337091836737373
"7882",-0.520696200833671,0.207836513853041,0.665017161999838,0.797573110588697,0.360248951234956,0.652857191806867
"7886",-0.184302247483032,-0.222093582761843,0.4376572182047,-0.111044160812979,-0.482150996146607,-0.181671597245238
"7887",-0.247755979699564,-0.171397673587116,-0.988094135785487,0.737200937690409,-0.482150996146607,-0.181671597245238
"7888",-0.350949117482305,0.243043842749189,0.698377706782158,1.0345055157733,-0.0763193478461505,-0.228511056634973
"7890",-0.292536550763818,-0.0877726003311019,-0.92696875169717,1.09138114106486,-0.306036337346413,0.115803633174235
"7891",2.36988983730714,1.87075384241246,-1.22607171116639,-0.307221143248734,0.607346335233686,-0.52227631626605
"7893",-0.247755979699564,-0.171397673587116,-1.16384249557438,-0.0284147707652094,-0.153120602186443,0.0400355997981796
"7895",-0.0195963296297108,-0.467006787771259,0.584820421429452,0.649902275818676,-0.209625373740035,-0.0694637103773345
"7896",-0.247755979699564,-0.171397673587116,0.643266006497338,0.607794814330896,-0.482150996146607,-0.181671597245238
"7897",-0.595659195780783,0.458119194023954,0.51010912286156,0.00713276823875158,0.395623383463885,-0.396826729564824
"7899",-0.0195963296297108,-0.467006787771259,-0.988094135785487,0.737200937690409,0.252711046114013,-0.00680385959155561
"7903",-0.0195963296297108,-0.467006787771259,0.416921798776234,-0.356762996938274,-0.474488052257626,-0.785171361357347
"7910",-0.0195963296297108,-0.467006787771259,0.34416304702812,-0.790807469982703,-0.474488052257626,-0.785171361357347
"7912",-0.247755979699564,-0.171397673587116,-0.988094135785487,0.737200937690409,-0.162282542586513,-0.629751121865213
"7931",-0.0195963296297108,-0.467006787771259,0.648840596365355,1.66049038250468,-0.315198277746483,-0.553983088489157
"7948",-0.0195963296297108,-0.467006787771259,-1.15404021161893,-0.0607393005310451,0.16674785137365,-0.408043924821796
"7951",1.18343642786906,-0.720923013179157,0.499886433796703,0.167762211670546,0.0665929895037224,-0.618533926608241
"7954",-0.595659195780783,0.458119194023954,0.233713939801123,-0.659208744328676,0.0671096606888131,0.486918749695364
"7955",1.61095389993784,2.18568503642981,0.595349957585562,0.80514037637958,0.220190269167215,-0.00568732408214096
"7957",-0.0195963296297108,-0.467006787771259,0.418874345596012,-0.148037962402779,0.386461443063816,-1.06661345122822
"7963",-0.0195963296297108,-0.467006787771259,-1.32826748194081,-0.293866716565812,0.322293727621244,-0.572612997291621
"7967",-0.292536550763818,-0.0877726003311019,0.61413283019425,0.84213417796938,0.278315941273523,-0.743983513309467
"7970",-0.292536550763818,-0.0877726003311019,0.532603511992218,0.879599477687825,0.217336613885083,1.04288006178014
"7971",-0.0195963296297108,-0.467006787771259,0.362945919636808,-0.753813668392903,0.300111420571313,0.151257005857368
"7986",2.36988983730714,1.87075384241246,0.428886651750782,0.360465611949896,0.966013073020958,-0.715082249835742
"7988",-0.520696200833671,0.207836513853041,-1.15404021161893,-0.0607393005310451,0.031218557274793,0.431149994763449
"7989",-0.184302247483032,-0.222093582761843,0.404643586485553,0.0273419289800116,0.395623383463885,-0.396826729564824
"7991",-0.0195963296297108,-0.467006787771259,-1.22607171116639,-0.307221143248734,-0.0541370407962202,-0.952381059783962
"7993",3.08692687857072,1.55253462358175,0.698377706782158,1.0345055157733,0.19196591878102,0.473886943776117
"7994",-0.0195963296297108,-0.467006787771259,-1.27501885500203,-0.0843786754379221,-0.0541370407962202,-0.952381059783962
"8008",-0.247755979699564,-0.171397673587116,0.356341287280791,-0.213784798797435,-0.409379926585243,0.545382386207703
"8012",-0.520696200833671,0.207836513853041,0.783618541506161,1.83251312391413,-0.591088944958855,0.0654669521486646
"8013",-0.0195963296297108,-0.467006787771259,-1.1450596229657,0.00857903082459028,1.03878414258232,0.0119717336171997
"8015",-0.0195963296297108,-0.467006787771259,0.356855152203321,0.113983769232207,0.102580135931078,0.0859565291148
"8019",0.405095190583477,1.20535426043124,0.294625936611317,-0.164822603251318,0.274893353163943,-0.730673862740544
"8021",-0.0195963296297108,-0.467006787771259,0.362945919636808,-0.753813668392903,0.607346335233686,-0.52227631626605
"8030",-0.350949117482305,0.243043842749189,0.374822677181703,-0.0171517684812971,-0.562295661745213,0.62115041958376
"8041",-0.0195963296297108,-0.467006787771259,0.356855152203321,0.113983769232207,0.718915689022228,0.460051258237175
"8045",-0.0195963296297108,-0.467006787771259,0.223184403645013,-0.81444684488958,0.607346335233686,-0.52227631626605
"8055",-0.36749954571093,0.162510079839811,-0.988094135785487,0.737200937690409,0.461246873718349,-0.106849404454892
"8087",-0.247755979699564,-0.171397673587116,-1.04134276272426,0.52771289656252,-0.693192403412884,0.632392625358144
"8103",-0.350949117482305,0.243043842749189,-1.06012563533295,0.49071909497272,0.278317205162192,0.574283649681429
"8110",0.697440711633871,-0.785226006601963,-1.34705035454949,-0.330860518155611,0.943830765971027,0.00878775331324681
"8149",-0.520696200833671,0.207836513853041,0.446926290731311,-0.285228999651577,0.278315941273523,-0.743983513309467
"8153",-0.520696200833671,0.207836513853041,0.643266006497338,0.607794814330896,-0.0758026766610596,0.876941619668632
"8156",1.45637664900317,-1.10015720061931,-1.15404021161893,-0.0607393005310451,0.252711046114013,-0.00680385959155561
"8163",-0.292536550763818,-0.0877726003311019,0.460572012444757,0.633117634970136,-0.153120602186443,0.0400355997981796
"8167",-0.36749954571093,0.162510079839811,0.4376572182047,-0.111044160812979,-0.162282542586513,-0.629751121865213
"8181",-0.292536550763818,-0.0877726003311019,0.550078682412012,0.24389904915387,0.715491837023979,-0.844906254184799
"8202",-0.292536550763818,-0.0877726003311019,0.675546698155949,0.952811211149601,0.360248951234956,0.652857191806867
"8222",-0.0195963296297108,-0.467006787771259,0.362945919636808,-0.753813668392903,-0.19789083555612,-0.206826304744514
"8225",-0.623889338616413,0.622278030189346,0.539549146255902,0.0886609485929665,-0.635066731306576,-0.105903563869182
"8233",-0.595659195780783,0.458119194023954,0.783618541506161,1.83251312391413,-0.45415015995492,0.29852048166501
"8240",-0.0195963296297108,-0.467006787771259,0.35417535318289,-0.282303895630029,0.287477881673593,-0.0741967916460746
"8250",-0.0195963296297108,-0.467006787771259,0.564712322607329,0.58158167437055,-0.153120602186443,0.0400355997981796
"8251",-0.247755979699564,-0.171397673587116,0.425175135228812,-0.475007295909378,-0.635066731306576,-0.105903563869182
"8252",-0.520696200833671,0.207836513853041,0.34416304702812,-0.790807469982703,0.585164028183756,0.201593686882939
"8254",1.22821699893331,-0.804548086435172,0.238697510652113,-0.770598309241443,0.256133634223593,-0.0201135101604785
"8255",-0.623889338616413,0.622278030189346,0.291946137590887,-0.561110268113553,0.306153463907577,0.395552741148099
"8256",-0.184302247483032,-0.222093582761843,0.291946137590887,-0.561110268113553,-0.562295661745213,0.62115041958376
"8258",1.45637664900317,-1.10015720061931,0.373475455792918,-0.598575567831999,0.19196591878102,0.473886943776117
"8263",-0.520696200833671,0.207836513853041,0.34416304702812,-0.790807469982703,0.0671096606888131,0.486918749695364
"8265",-0.698852333563524,0.87256071036026,0.426724082731692,-0.38908752670411,0.14456554432372,0.315826078327193
"8268",3.08692687857072,1.55253462358175,-1.16384249557438,-0.0284147707652094,2.20141762442334,-0.129674552139057
"8269",0.259794572646443,-0.161078614152389,0.34416304702812,-0.790807469982703,1.54964122957782,-0.0549406514628594
"8270",-0.0195963296297108,-0.467006787771259,-1.2072888385577,-0.270227341658935,0.278315941273523,-0.743983513309467
"8273",-0.623889338616413,0.622278030189346,0.44818675436081,0.0441939397479249,0.19196591878102,0.473886943776117
"8274",-0.247755979699564,-0.171397673587116,0.384697075139308,-0.564035372135102,-0.0415525122865705,-0.295903988689492
"8275",-0.247755979699564,-0.171397673587116,0.300926726244117,-0.491791936757918,-0.105720227729143,0.198096465247103
"8278",1.22821699893331,-0.804548086435172,0.373475455792918,-0.598575567831999,0.520996312741184,0.695594140819535
"8281",0.0181847077000579,0.554341491529556,0.457455826887422,-0.129990899090673,0.300111420571313,0.151257005857368
"8283",1.45637664900317,-1.10015720061931,-1.16384249557438,-0.0284147707652094,-0.134445019952459,0.509785132592353
"8285",-0.184302247483032,-0.222093582761843,0.435704671384922,-0.319769195348475,0.754290121251157,-0.589632663134516
"8286",1.45637664900317,-1.10015720061931,0.291946137590887,-0.561110268113553,-0.337380584796413,0.169886914659831
"8291",-0.520696200833671,0.207836513853041,-0.322019779811246,0.377446760471534,0.031218557274793,0.431149994763449
"8295",0.424500490499764,-0.405991819161806,-1.16384249557438,-0.0284147707652094,-0.0758026766610596,0.876941619668632
"8296",0.532734793780551,-0.540312801592546,0.291946137590887,-0.561110268113553,0.256133634223593,-0.0201135101604785
"8297",-0.292536550763818,-0.0877726003311019,0.353071521679203,-0.206930064739098,-0.0415525122865705,-0.295903988689492
"8298",-0.247755979699564,-0.171397673587116,0.291946137590887,-0.561110268113553,0.885705093864719,0.747083942540573
"8301",0.405095190583477,1.20535426043124,0.354692583184231,-0.635569369421799,0.481161026976336,0.257740913369424
"8302",-0.247755979699564,-0.171397673587116,0.416194546575582,-0.544325627265013,0.520996312741184,0.695594140819535
"8303",1.29167073114985,-0.855243995609898,-1.15404021161893,-0.0607393005310451,-0.546318711589179,0.312328856691358
"8306",-0.698852333563524,0.87256071036026,0.582140622409021,0.253614610956441,-0.306036337346413,0.115803633174235
"8307",-0.698852333563524,0.87256071036026,-1.15404021161893,-0.0607393005310451,-0.153120602186443,0.0400355997981796
"8308",0.405095190583477,1.20535426043124,-0.436393790838336,-0.186221484030811,-0.858524221260292,0.156908617199223
"8309",-0.247755979699564,-0.171397673587116,0.362945919636808,-0.753813668392903,0.520996312741184,0.695594140819535
"8312",-0.623889338616413,0.622278030189346,0.415300737271207,0.0718763077444268,-0.0415525122865705,-0.295903988689492
"8313",1.12502386115057,-0.390106570098867,0.460572012444757,0.633117634970136,-0.11983261657731,-0.8920718028097
"8314",-0.457242468617139,0.157140604678315,-1.2072888385577,-0.270227341658935,0.364795807198976,0.762709228224378
"8315",-0.36749954571093,0.162510079839811,0.415300737271207,0.0718763077444268,0.102580135931078,0.0859565291148
"8316",-0.184302247483032,-0.222093582761843,0.241967276253701,-0.77745304329978,-0.546318711589179,0.312328856691358
"8318",0.238239736535625,-0.107094680164311,0.582140622409021,0.253614610956441,-0.217288317629016,0.534036053734775
"8322",-0.0195963296297108,-0.467006787771259,0.487849466820009,-0.0349073233296545,0.141378420158256,0.341230120165083
"8323",-0.184302247483032,-0.222093582761843,-1.09181099602692,0.21806707195248,-0.337380584796413,0.169886914659831
"8329",-0.184302247483032,-0.222093582761843,-1.2072888385577,-0.270227341658935,-0.184464849636443,0.0941188812837757
"8330",0.405095190583477,1.20535426043124,0.477319930663898,-0.190145423890558,-0.0895114730251495,0.0973028615877283
"8331",-0.595659195780783,0.458119194023954,0.550078682412012,0.24389904915387,0.278317205162192,0.574283649681429
"8332",0.574633689886265,-0.537024776779195,0.415300737271207,0.0718763077444268,0.520996312741184,0.695594140819535
"8333",1.29167073114985,-0.855243995609898,0.300926726244117,-0.491791936757918,1.0473997783094,-0.471560630241021
"8339",-0.292536550763818,-0.0877726003311019,0.61413283019425,0.84213417796938,-0.315198277746483,-0.553983088489157
"8345",1.61095389993784,2.18568503642981,0.428886651750782,0.360465611949896,-0.482150996146607,-0.181671597245238
"8350",0.697440711633871,-0.785226006601963,0.291946137590887,-0.561110268113553,0.693309529974049,-0.12103625103581
"8354",-0.292536550763818,-0.0877726003311019,0.354692583184231,-0.635569369421799,0.102580135931078,0.0859565291148
"8355",-0.247755979699564,-0.171397673587116,0.539549146255902,0.0886609485929665,-0.248632565079016,0.588119335220371
"8358",-0.698852333563524,0.87256071036026,-1.06012563533295,0.49071909497272,-0.197374164371029,0.898626371559091
"8363",0.739339607739586,-0.781937981788611,0.415300737271207,0.0718763077444268,0.754290121251157,-0.589632663134516
"8369",-0.247755979699564,-0.171397673587116,0.322677881746616,-0.302013640500117,-0.153120602186443,0.0400355997981796
"8371",-0.247755979699564,-0.171397673587116,0.519017597512643,0.591010173482356,-0.482150996146607,-0.181671597245238
"8373",-0.520696200833671,0.207836513853041,0.539549146255902,0.0886609485929665,-0.153120602186443,0.0400355997981796
"8374",-0.247755979699564,-0.171397673587116,-1.2072888385577,-0.270227341658935,0.278315941273523,-0.743983513309467
"8379",-0.184302247483032,-0.222093582761843,0.643266006497338,0.607794814330896,1.23694042302927,0.126859786206741
"8382",-0.0195963296297108,-0.467006787771259,-1.04134276272426,0.52771289656252,0.328904703784956,0.706940473292463
"8384",-0.0195963296297108,-0.467006787771259,-1.15404021161893,-0.0607393005310451,-0.482150996146607,-0.181671597245238
"8386",0.574633689886265,-0.537024776779195,0.643266006497338,0.607794814330896,-0.00835019083624964,0.391594111703249
"8388",-0.457242468617139,0.157140604678315,0.238697510652113,-0.770598309241443,-0.11169378007508,0.821172864736717
"8390",0.678035411717584,0.826120072991082,-0.988094135785487,0.737200937690409,-0.226450258029085,-0.135750667928618
"8391",-0.247755979699564,-0.171397673587116,0.425175135228812,-0.475007295909378,-0.153120602186443,0.0400355997981796
"8392",-0.520696200833671,0.207836513853041,-1.09181099602692,0.21806707195248,-0.105720227729143,0.198096465247103
"8393",-0.0195963296297108,-0.467006787771259,0.479354885053444,0.670111436559935,-0.00835019083624964,0.391594111703249
"8396",-0.292536550763818,-0.0877726003311019,-0.351459803205588,0.295918580117319,0.278315941273523,-0.743983513309467
"8400",0.739339607739586,-0.781937981788611,0.35417535318289,-0.282303895630029,-0.474488052257626,-0.785171361357347
"8401",-0.595659195780783,0.458119194023954,0.415300737271207,0.0718763077444268,-0.635066731306576,-0.105903563869182
"8402",0.301693468752157,-0.157790589339037,-0.988094135785487,0.737200937690409,-0.184464849636443,0.0941188812837757
"8403",-0.247755979699564,-0.171397673587116,-0.638384522422135,-0.525661033011012,-0.374005494356314,-0.504301535163987
"8406",-0.247755979699564,-0.171397673587116,0.282143853635429,-0.528785738347718,0.19196591878102,0.473886943776117
"8408",-0.0195963296297108,-0.467006787771259,-1.2072888385577,-0.270227341658935,-0.0449751003961507,-0.282594338120569
"8413",-0.595659195780783,0.458119194023954,0.519017597512643,0.591010173482356,-0.23326526778505,0.842857616627177
"8415",-0.0195963296297108,-0.467006787771259,0.595349957585562,0.80514037637958,0.607346335233686,-0.52227631626605
"8422",-0.292536550763818,-0.0877726003311019,0.362945919636808,-0.753813668392903,0.386461443063816,-1.06661345122822
"8424",-0.0195963296297108,-0.467006787771259,-0.92696875169717,1.09138114106486,0.0665929895037224,-0.618533926608241
"8425",-0.184302247483032,-0.222093582761843,-0.49862300643034,-0.465027856514335,0.22331016623102,0.419803662290521
"8427",-0.292536550763818,-0.0877726003311019,0.356855152203321,0.113983769232207,-0.197374164371029,0.898626371559091
"8433",0.739339607739586,-0.781937981788611,0.488953298323696,-0.110281154220585,0.0665929895037224,-0.618533926608241
"8435",-0.247755979699564,-0.171397673587116,-1.15404021161893,-0.0607393005310451,0.287477881673593,-0.0741967916460746
"8441",-0.247755979699564,-0.171397673587116,0.238697510652113,-0.770598309241443,-0.00835019083624964,0.391594111703249
"8442",-0.53220546356425,0.407423284849228,-1.09181099602692,0.21806707195248,-0.0803495326250798,0.767089583251121
"8446",-0.520696200833671,0.207836513853041,0.34416304702812,-0.790807469982703,-0.374005494356314,-0.504301535163987
"8447",0.739339607739586,-0.781937981788611,0.373475455792918,-0.598575567831999,0.699867686159017,0.640406559766975
"8448",-0.247755979699564,-0.171397673587116,0.435704671384922,-0.319769195348475,0.364279136013886,-0.342743448079227
"8449",-0.457242468617139,0.157140604678315,0.643266006497338,0.607794814330896,0.0323428251292332,0.554311681749883
"8450",-0.184302247483032,-0.222093582761843,0.477319930663898,-0.190145423890558,-0.409379926585243,0.545382386207703
"8451",-0.184302247483032,-0.222093582761843,-1.15404021161893,-0.0607393005310451,-0.635066731306576,-0.105903563869182
"8453",-0.53220546356425,0.407423284849228,0.539549146255902,0.0886609485929665,-0.852482177924028,0.401204352489954
"8454",-0.0195963296297108,-0.467006787771259,0.435704671384922,-0.319769195348475,-0.366342550467334,-1.1078012992761
"8456",-0.184302247483032,-0.222093582761843,-1.1450596229657,0.00857903082459028,0.256133634223593,-0.0201135101604785
"8457",-0.184302247483032,-0.222093582761843,-1.15404021161893,-0.0607393005310451,-0.19789083555612,-0.206826304744514
"8458",-0.184302247483032,-0.222093582761843,0.728506841221341,1.40580242247172,0.0671096606888131,0.486918749695364
"8460",1.29167073114985,-0.855243995609898,0.238697510652113,-0.770598309241443,1.07366831348886,1.10897566135309
"8461",-0.292536550763818,-0.0877726003311019,0.643266006497338,0.607794814330896,-0.23326526778505,0.842857616627177
"8462",2.38929513722343,0.259407762819412,-1.16384249557438,-0.0284147707652094,1.11246533382737,0.0459820894124717
"8463",-0.0195963296297108,-0.467006787771259,0.418874345596012,-0.148037962402779,0.0665929895037224,-0.618533926608241
"8464",0.739339607739586,-0.781937981788611,0.35417535318289,-0.282303895630029,-0.00354827828478693,0.498542926817969
"8465",-0.292536550763818,-0.0877726003311019,0.653795542653449,0.7630329148918,0.646144619460864,-0.267002725215767
"8466",-0.0195963296297108,-0.467006787771259,0.300926726244117,-0.491791936757918,0.693309529974049,-0.12103625103581
"8467",0.196340840429911,-0.110382704977663,0.300926726244117,-0.491791936757918,0.256133634223593,-0.0201135101604785
"8468",0.366087923781277,-0.0751753760815146,0.478423762167585,-0.265519254781489,0.646144619460864,-0.267002725215767
"8469",1.45637664900317,-1.10015720061931,0.223184403645013,-0.81444684488958,0.943830765971027,0.00878775331324681
"8470",-0.247755979699564,-0.171397673587116,-1.06012563533295,0.49071909497272,0.22331016623102,0.419803662290521
"8471",-0.0195963296297108,-0.467006787771259,0.219914638043425,-0.807592110831242,0.278315941273523,-0.743983513309467
"8472",-0.520696200833671,0.207836513853041,-0.384248995403249,0.0986403879880094,-0.0444584292110597,0.822858338183036
"8473",-0.0195963296297108,-0.467006787771259,0.362945919636808,-0.753813668392903,0.68011740479505,0.204777667186892
"8474",-0.457242468617139,0.157140604678315,0.478423762167585,-0.265519254781489,1.37732801234496,0.761689740392485
"8475",-0.350949117482305,0.243043842749189,0.362945919636808,-0.753813668392903,-0.315198277746483,-0.553983088489157
"8476",-0.0195963296297108,-0.467006787771259,0.362945919636808,-0.753813668392903,-0.0415525122865705,-0.295903988689492
"8477",-0.247755979699564,-0.171397673587116,-0.351459803205588,0.295918580117319,-0.79435650581772,-0.337091836737373
"8478",0.424500490499764,-0.405991819161806,0.300926726244117,-0.491791936757918,0.966013073020958,-0.715082249835742
"8479",-0.247755979699564,-0.171397673587116,0.457892213424327,0.236829970107901,0.256133634223593,-0.0201135101604785
"8480",-0.292536550763818,-0.0877726003311019,0.362945919636808,-0.753813668392903,0.634076762136305,0.181972879993368
"8481",-0.520696200833671,0.207836513853041,0.519017597512643,0.591010173482356,0.585164028183756,0.201593686882939
"8482",-0.595659195780783,0.458119194023954,0.425175135228812,-0.475007295909378,-0.635066731306576,-0.105903563869182
"8483",-0.0195963296297108,-0.467006787771259,0.643266006497338,0.607794814330896,0.646144619460864,-0.267002725215767
"8484",1.29167073114985,-0.855243995609898,0.238697510652113,-0.770598309241443,0.14456554432372,0.315826078327193
"8485",-0.247755979699564,-0.171397673587116,0.238697510652113,-0.770598309241443,-0.184464849636443,0.0941188812837757
"8486",-0.184302247483032,-0.222093582761843,0.425175135228812,-0.475007295909378,-0.153120602186443,0.0400355997981796
"8487",-0.184302247483032,-0.222093582761843,0.532431630948718,0.236565277551846,0.395623383463885,-0.396826729564824
"8488",-0.0195963296297108,-0.467006787771259,-1.1450596229657,0.00857903082459028,-0.0415525122865705,-0.295903988689492
"8489",-0.184302247483032,-0.222093582761843,-0.517405879039027,-0.502021658104135,-0.00835019083624964,0.391594111703249
"8491",0.366087923781277,-0.0751753760815146,-1.1450596229657,0.00857903082459028,-0.22923508300612,-0.152743023258917
"8493",-0.350949117482305,0.243043842749189,0.238697510652113,-0.770598309241443,-0.388524857517264,-0.383931296127108
"8495",-0.520696200833671,0.207836513853041,0.592670158565132,0.408852711517345,0.0803978288811474,0.809826532263789
"8496",0.739339607739586,-0.781937981788611,0.643266006497338,0.607794814330896,0.14456554432372,0.315826078327193
"8497",-0.457242468617139,0.157140604678315,0.425175135228812,-0.475007295909378,0.16674785137365,-0.408043924821796
"8499",-0.457242468617139,0.157140604678315,0.34416304702812,-0.790807469982703,-0.635066731306576,-0.105903563869182
"8503",-0.457242468617139,0.157140604678315,-0.383145163899562,0.023266557097079,-0.374005494356314,-0.504301535163987
"8506",-0.0195963296297108,-0.467006787771259,0.117718867269005,-0.79423768414832,0.278315941273523,-0.743983513309467
"8508",0.678035411717584,0.826120072991082,0.77308900535005,1.67727502335322,0.287477881673593,-0.0741967916460746
"8509",-0.0195963296297108,-0.467006787771259,0.305745439348585,-0.412726901610987,0.14456554432372,0.315826078327193
"8515",-0.595659195780783,0.458119194023954,0.354692583184231,-0.635569369421799,0.718915689022228,0.460051258237175
"8516",-0.247755979699564,-0.171397673587116,0.425175135228812,-0.475007295909378,0.337497711357577,0.341469459662503
"8519",-0.292536550763818,-0.0877726003311019,0.416194546575582,-0.544325627265013,-0.373323949852791,0.184313100738169
"8521",-0.623889338616413,0.622278030189346,0.415300737271207,0.0718763077444268,-0.482150996146607,-0.181671597245238
"8523",-0.698852333563524,0.87256071036026,0.643266006497338,0.607794814330896,0.360248951234956,0.652857191806867
"8524",-0.457242468617139,0.157140604678315,0.519017597512643,0.591010173482356,-0.306036337346413,0.115803633174235
"8525",-0.520696200833671,0.207836513853041,-1.22607171116639,-0.307221143248734,0.331455668021313,0.0971737243717721
"8527",-0.36749954571093,0.162510079839811,-0.988094135785487,0.737200937690409,-0.162282542586513,-0.629751121865213
"8532",-0.292536550763818,-0.0877726003311019,-1.15404021161893,-0.0607393005310451,1.07415857481125,-1.03771218775449
"8534",-0.595659195780783,0.458119194023954,0.488953298323696,-0.110281154220585,-0.418259056540899,0.354289236596925
"8535",-0.292536550763818,-0.0877726003311019,-1.03068561193861,0.572247275326935,0.18854333067144,0.48719659434504
"8537",0.574633689886265,-0.537024776779195,0.241967276253701,-0.77745304329978,0.585164028183756,0.201593686882939
"8540",-0.457242468617139,0.157140604678315,0.362945919636808,-0.753813668392903,0.646144619460864,-0.267002725215767
"8541",0.511179957669733,-0.486328867604468,0.457892213424327,0.236829970107901,0.256133634223593,-0.0201135101604785
"8542",-0.247755979699564,-0.171397673587116,-1.09181099602692,0.21806707195248,-0.635066731306576,-0.105903563869182
"8543",-0.623889338616413,0.622278030189346,0.353071521679203,-0.206930064739098,0.287477881673593,-0.0741967916460746
"8546",-0.247755979699564,-0.171397673587116,-1.09181099602692,0.21806707195248,-0.79435650581772,-0.337091836737373
"8549",1.22821699893331,-0.804548086435172,0.0989359946603178,-0.83123148573812,2.2741886939847,0.597379431313885
"8551",-0.247755979699564,-0.171397673587116,0.499886433796703,0.167762211670546,0.0526304004408583,-0.0770023003954569
"8555",-0.292536550763818,-0.0877726003311019,-1.15404021161893,-0.0607393005310451,0.0665929895037224,-0.618533926608241
"8557",-0.247755979699564,-0.171397673587116,0.415300737271207,0.0718763077444268,0.22331016623102,0.419803662290521
"8558",-0.457242468617139,0.157140604678315,-1.15404021161893,-0.0607393005310451,0.0665929895037224,-0.618533926608241
"8562",1.45637664900317,-1.10015720061931,-1.09181099602692,0.21806707195248,0.879663050528455,0.502788207249843
"8563",-0.184302247483032,-0.222093582761843,-1.09181099602692,0.21806707195248,-0.357180610067264,-0.438014577612704
"8565",-0.292536550763818,-0.0877726003311019,-0.92696875169717,1.09138114106486,0.269438075206535,0.38319050007065
"8567",2.32799094120143,1.86746581759911,0.418874345596012,-0.148037962402779,0.936729528484921,0.875922131836739
"8568",-0.184302247483032,-0.222093582761843,0.34416304702812,-0.790807469982703,-0.153120602186443,0.0400355997981796
"8569",0.0931477026471694,0.304058811358643,0.34416304702812,-0.790807469982703,0.313691637391121,-0.475400271690262
"8570",-0.520696200833671,0.207836513853041,0.478423762167585,-0.265519254781489,-0.562295661745213,0.62115041958376
"8574",-0.595659195780783,0.458119194023954,0.373475455792918,-0.598575567831999,-0.153120602186443,0.0400355997981796
"8580",-0.247755979699564,-0.171397673587116,0.219914638043425,-0.807592110831242,-0.23326526778505,0.842857616627177
"8583",-0.184302247483032,-0.222093582761843,0.593728896080535,1.23377968106228,-0.306036337346413,0.115803633174235
"8584",-0.184302247483032,-0.222093582761843,-1.16384249557438,-0.0284147707652094,-0.217288317629016,0.534036053734775
"8585",-0.0195963296297108,-0.467006787771259,-0.517405879039027,-0.502021658104135,0.287477881673593,-0.0741967916460746
"8589",1.01873051001574,-0.476009808169741,0.457892213424327,0.236829970107901,0.0803978288811474,0.809826532263789
"8592",-0.247755979699564,-0.171397673587116,-0.517405879039027,-0.502021658104135,-0.228718411821029,0.952709653044688
"8595",0.532734793780551,-0.540312801592546,0.426394741988053,0.217120225237813,-0.105720227729143,0.198096465247103
"8597",-0.520696200833671,0.207836513853041,0.425175135228812,-0.475007295909378,-0.153120602186443,0.0400355997981796
"8598",-0.184302247483032,-0.222093582761843,0.260448666154613,-0.580820012983642,0.364279136013886,-0.342743448079227
"8600",-0.0195963296297108,-0.467006787771259,0.643266006497338,0.607794814330896,-0.162282542586513,-0.629751121865213
"8601",-0.0195963296297108,-0.467006787771259,0.219914638043425,-0.807592110831242,-0.693192403412884,0.632392625358144
"8602",-0.457242468617139,0.157140604678315,0.487849466820009,-0.0349073233296545,-0.184464849636443,0.0941188812837757
"8608",-0.698852333563524,0.87256071036026,0.656851920976913,0.896384118536365,-0.721585436256357,0.389962146715569
"8614",-0.457242468617139,0.157140604678315,-1.27501885500203,-0.0843786754379221,0.00242527406115016,-0.124533472671645
"8622",0.466399386605478,-0.402703794348454,0.35417535318289,-0.282303895630029,-0.0415525122865705,-0.295903988689492
"8627",-0.247755979699564,-0.171397673587116,-1.1450596229657,0.00857903082459028,-0.162282542586513,-0.629751121865213
"8628",1.45637664900317,-1.10015720061931,0.34416304702812,-0.790807469982703,0.364279136013886,-0.342743448079227
"8630",0.407986819886991,-0.0718873512681628,0.34416304702812,-0.790807469982703,-0.211246274292752,0.778331789025506
"8631",0.739339607739586,-0.781937981788611,-1.2072888385577,-0.270227341658935,1.04829761838479,0.539982543349067
"8635",-0.595659195780783,0.458119194023954,0.238697510652113,-0.770598309241443,0.576003351672355,0.850074128210443
"8637",-0.292536550763818,-0.0877726003311019,0.435704671384922,-0.319769195348475,0.172566380515407,0.796018157237442
"8638",-0.698852333563524,0.87256071036026,0.416194546575582,-0.544325627265013,-0.79435650581772,-0.337091836737373
"8645",0.739339607739586,-0.781937981788611,-1.2072888385577,-0.270227341658935,0.16674785137365,-0.408043924821796
"8649",-0.0195963296297108,-0.467006787771259,-0.384248995403249,0.0986403879880094,-0.0536203696111294,0.153071616519643
"8653",-0.0195963296297108,-0.467006787771259,0.117718867269005,-0.79423768414832,0.0138321162136806,-0.33227589144574
"8654",0.238239736535625,-0.107094680164311,0.291946137590887,-0.561110268113553,-0.306036337346413,0.115803633174235
"8661",-0.184302247483032,-0.222093582761843,-1.06012563533295,0.49071909497272,0.546056167116372,0.123362564570906
"8665",0.330132195636365,1.45563694060215,0.679901681264724,1.3133792581762,-0.162282542586513,-0.629751121865213
"8667",1.45637664900317,-1.10015720061931,0.219914638043425,-0.807592110831242,1.32927300859304,0.506174889878579
"8668",-0.623889338616413,0.622278030189346,0.241665793545925,-0.617813814573442,-0.79435650581772,-0.337091836737373
"8669",-0.53220546356425,0.407423284849228,0.404643586485553,0.0273419289800116,-0.858524221260292,0.156908617199223
"8671",0.913322158590549,0.892558175667467,-1.15404021161893,-0.0607393005310451,0.386461443063816,-1.06661345122822
"8672",-0.520696200833671,0.207836513853041,0.550078682412012,0.24389904915387,-0.184464849636443,0.0941188812837757
"8676",-0.595659195780783,0.458119194023954,0.425175135228812,-0.475007295909378,-0.262058550998692,0.287174149192082
"8679",0.532734793780551,-0.540312801592546,0.643266006497338,0.607794814330896,-0.409379926585243,0.545382386207703
"8683",-0.520696200833671,0.207836513853041,-1.2072888385577,-0.270227341658935,-0.153120602186443,0.0400355997981796
"8685",-0.0195963296297108,-0.467006787771259,-1.2072888385577,-0.270227341658935,0.520996312741184,0.695594140819535
"8693",-0.292536550763818,-0.0877726003311019,0.34416304702812,-0.790807469982703,0.16674785137365,-0.408043924821796
"8700",-0.520696200833671,0.207836513853041,0.362945919636808,-0.753813668392903,-0.540276668252915,0.556624591982088
"8709",-0.520696200833671,0.207836513853041,0.478423762167585,-0.265519254781489,-0.546318711589179,0.312328856691358
"8714",-0.457242468617139,0.157140604678315,0.539549146255902,0.0886609485929665,-0.217288317629016,0.534036053734775
"8716",-0.457242468617139,0.157140604678315,-1.22607171116639,-0.307221143248734,0.287477881673593,-0.0741967916460746
"8717",-0.520696200833671,0.207836513853041,0.219914638043425,-0.807592110831242,-0.217288317629016,0.534036053734775
"8724",-0.0195963296297108,-0.467006787771259,-0.988094135785487,0.737200937690409,-0.482150996146607,-0.181671597245238
"8727",-0.247755979699564,-0.171397673587116,-1.03068561193861,0.572247275326935,-0.105720227729143,0.198096465247103
"8733",0.511179957669733,-0.486328867604468,-1.16384249557438,-0.0284147707652094,-0.184464849636443,0.0941188812837757
"8734",-0.247755979699564,-0.171397673587116,-1.2072888385577,-0.270227341658935,0.585164028183756,0.201593686882939
"8737",0.678035411717584,0.826120072991082,0.362945919636808,-0.753813668392903,0.287477881673593,-0.0741967916460746
"8748",0.739339607739586,-0.781937981788611,0.404643586485553,0.0273419289800116,0.0803978288811474,0.809826532263789
"8752",-0.247755979699564,-0.171397673587116,0.582140622409021,0.253614610956441,-0.306036337346413,0.115803633174235
"8753",-0.53220546356425,0.407423284849228,0.354692583184231,-0.635569369421799,-0.242427208185119,0.173070894963785
"8757",-0.0195963296297108,-0.467006787771259,-1.15404021161893,-0.0607393005310451,-0.0803495326250798,0.767089583251121
"8759",1.45637664900317,-1.10015720061931,-0.92696875169717,1.09138114106486,0.503232282110991,0.123020144757501
"8761",-0.595659195780783,0.458119194023954,0.241967276253701,-0.77745304329978,0.607699134524758,0.654214934793322
"8763",-0.457242468617139,0.157140604678315,-1.22607171116639,-0.307221143248734,0.220190269167215,-0.00568732408214096
"8764",-0.0195963296297108,-0.467006787771259,0.241967276253701,-0.77745304329978,0.274893353163943,-0.730673862740544
"8768",-0.520696200833671,0.207836513853041,0.291946137590887,-0.561110268113553,-0.306036337346413,0.115803633174235
"8771",1.22821699893331,-0.804548086435172,0.238697510652113,-0.770598309241443,-0.337380584796413,0.169886914659831
"8772",-0.53220546356425,0.407423284849228,0.291946137590887,-0.561110268113553,0.983232062866828,0.0224398236955743
"8773",-0.350949117482305,0.243043842749189,0.457892213424327,0.236829970107901,0.610223882558945,-0.37063788936569
"8776",-0.0195963296297108,-0.467006787771259,0.313408809220005,-0.127828801661519,-0.248632565079016,0.588119335220371
"8777",0.469281061564018,-0.48961689241782,0.291946137590887,-0.561110268113553,-0.482150996146607,-0.181671597245238
"8778",-0.520696200833671,0.207836513853041,0.478423762167585,-0.265519254781489,-0.546318711589179,0.312328856691358
"8782",-0.0195963296297108,-0.467006787771259,0.34416304702812,-0.790807469982703,-0.162282542586513,-0.629751121865213
"8784",-0.457242468617139,0.157140604678315,-1.15404021161893,-0.0607393005310451,-0.591088944958855,0.0654669521486646
"8786",-0.0195963296297108,-0.467006787771259,0.241967276253701,-0.77745304329978,0.633560090951214,-0.923479796310237
"8789",-0.184302247483032,-0.222093582761843,0.532603511992218,0.879599477687825,-0.635066731306576,-0.105903563869182
"8790",-0.457242468617139,0.157140604678315,0.478423762167585,-0.265519254781489,-0.0415525122865705,-0.295903988689492
"8792",3.08692687857072,1.55253462358175,-1.2072888385577,-0.270227341658935,0.256133634223593,-0.0201135101604785
"8794",-0.457242468617139,0.157140604678315,0.291946137590887,-0.561110268113553,0.0644208787251139,1.11864809515619
"8800",-0.184302247483032,-0.222093582761843,-1.09181099602692,0.21806707195248,-0.153120602186443,0.0400355997981796
"8805",1.61095389993784,2.18568503642981,-1.04134276272426,0.52771289656252,0.715491837023979,-0.844906254184799
"8806",-0.0195963296297108,-0.467006787771259,0.362945919636808,-0.753813668392903,0.351087010834887,-0.0169295298565255
"8809",-0.0195963296297108,-0.467006787771259,0.667381457133024,1.05162221909727,-0.357180610067264,-0.438014577612704
"8812",0.574633689886265,-0.537024776779195,-1.34705035454949,-0.330860518155611,-0.0449751003961507,-0.282594338120569
"8819",-0.520696200833671,0.207836513853041,0.428886651750782,0.360465611949896,-0.482150996146607,-0.181671597245238
"8820",-0.247755979699564,-0.171397673587116,0.532431630948718,0.236565277551846,0.325482115675376,0.720250123861386
"8822",-0.247755979699564,-0.171397673587116,0.313408809220005,-0.127828801661519,0.287477881673593,-0.0741967916460746
"8824",-0.184302247483032,-0.222093582761843,0.34416304702812,-0.790807469982703,0.287477881673593,-0.0741967916460746
"8828",1.22821699893331,-0.804548086435172,-1.22607171116639,-0.307221143248734,0.256133634223593,-0.0201135101604785
"8832",-0.0195963296297108,-0.467006787771259,-1.06012563533295,0.49071909497272,0.0665929895037224,-0.618533926608241
"8836",-0.595659195780783,0.458119194023954,0.238697510652113,-0.770598309241443,0.715491837023979,-0.844906254184799
"8839",-0.247755979699564,-0.171397673587116,0.519017597512643,0.591010173482356,-0.482150996146607,-0.181671597245238
"8841",1.61095389993784,2.18568503642981,-1.1450596229657,0.00857903082459028,-0.145457658297463,-0.56346416431393
"8843",-0.623889338616413,0.622278030189346,-1.15404021161893,-0.0607393005310451,0.287477881673593,-0.0741967916460746
"8844",-0.457242468617139,0.157140604678315,0.362945919636808,-0.753813668392903,-0.526921229516283,-0.428533501787931
"8845",0.955276777799207,-0.425313898995015,0.300926726244117,-0.491791936757918,0.629141814531476,0.372964202900786
"8846",-0.623889338616413,0.622278030189346,-0.218302919569809,0.896580626209464,0.205546135600828,-0.152770333771513
"8847",-0.595659195780783,0.458119194023954,0.457892213424327,0.236829970107901,-0.546318711589179,0.312328856691358
"8852",1.45637664900317,-1.10015720061931,0.353071521679203,-0.206930064739098,0.395623383463885,-0.396826729564824
"8855",-0.292536550763818,-0.0877726003311019,-1.15404021161893,-0.0607393005310451,-0.22923508300612,-0.152743023258917
"8856",-0.0195963296297108,-0.467006787771259,-1.15404021161893,-0.0607393005310451,0.715491837023979,-0.844906254184799
"8857",2.36988983730714,1.87075384241246,0.375638024812008,0.150977570822006,0.22331016623102,0.419803662290521
"8858",-0.0195963296297108,-0.467006787771259,-1.2072888385577,-0.270227341658935,0.274893353163943,-0.730673862740544
"8859",-0.350949117482305,0.243043842749189,0.219914638043425,-0.807592110831242,-0.0503355992288916,0.161724562490856
"8861",-0.184302247483032,-0.222093582761843,0.36591420253062,-0.601029173724901,-0.79435650581772,-0.337091836737373
"8862",-0.0195963296297108,-0.467006787771259,-1.2072888385577,-0.270227341658935,-0.635066731306576,-0.105903563869182
"8867",-0.0195963296297108,-0.467006787771259,0.35417535318289,-0.282303895630029,-0.635066731306576,-0.105903563869182
"8870",2.36988983730714,1.87075384241246,-1.22607171116639,-0.307221143248734,0.16674785137365,-0.408043924821796
"8872",0.955276777799207,-0.425313898995015,0.35417535318289,-0.282303895630029,-0.0415525122865705,-0.295903988689492
"8873",-0.0195963296297108,-0.467006787771259,0.488953298323696,-0.110281154220585,-0.184464849636443,0.0941188812837757
"8874",0.678035411717584,0.826120072991082,0.528891995470248,0.0441265698285513,-0.0803495326250798,0.767089583251121
"8875",0.739339607739586,-0.781937981788611,-0.92696875169717,1.09138114106486,0.966013073020958,-0.715082249835742
"8877",0.574633689886265,-0.537024776779195,-1.2072888385577,-0.270227341658935,0.360248951234956,0.652857191806867
"8879",-0.0195963296297108,-0.467006787771259,-0.92696875169717,1.09138114106486,-0.546318711589179,0.312328856691358
"8880",-0.292536550763818,-0.0877726003311019,-1.1450596229657,0.00857903082459028,-0.0541370407962202,-0.952381059783962
"8887",-0.292536550763818,-0.0877726003311019,0.501435381299584,0.253681980875814,-0.0726865887360997,0.163589819139012
"8890",0.532734793780551,-0.540312801592546,-1.03068561193861,0.572247275326935,0.217336613885083,1.04288006178014
"8892",-0.292536550763818,-0.0877726003311019,0.395226611295418,-0.408797271574198,0.930092336119038,-0.818717413985665
"8897",-0.0195963296297108,-0.467006787771259,0.643266006497338,0.607794814330896,0.239518920935014,0.319010058631146
"8900",1.22821699893331,-0.804548086435172,-1.22607171116639,-0.307221143248734,0.256133634223593,-0.0201135101604785
"8912",-0.292536550763818,-0.0877726003311019,0.219914638043425,-0.807592110831242,0.351087010834887,-0.0169295298565255
"8917",0.532734793780551,-0.540312801592546,0.478423762167585,-0.265519254781489,0.585164028183756,0.201593686882939
"8918",0.739339607739586,-0.781937981788611,0.415300737271207,0.0718763077444268,0.287477881673593,-0.0741967916460746
"8919",-0.520696200833671,0.207836513853041,-1.2072888385577,-0.270227341658935,-0.526921229516283,-0.428533501787931
"8920",-0.247755979699564,-0.171397673587116,0.592670158565132,0.408852711517345,-0.19789083555612,-0.206826304744514
"8925",-0.623889338616413,0.622278030189346,-0.163191219284989,1.32329132765187,-0.635066731306576,-0.105903563869182
"8927",-0.247755979699564,-0.171397673587116,-1.09181099602692,0.21806707195248,-0.635066731306576,-0.105903563869182
"8928",1.45637664900317,-1.10015720061931,0.34416304702812,-0.790807469982703,0.646144619460864,-0.267002725215767
"8936",-0.292536550763818,-0.0877726003311019,-1.04134276272426,0.52771289656252,0.360248951234956,0.652857191806867
"8939",-0.247755979699564,-0.171397673587116,0.478423762167585,-0.265519254781489,-0.482150996146607,-0.181671597245238
"8940",1.45637664900317,-1.10015720061931,-0.445374379491566,-0.255539815386446,-0.293402798448692,0.341257430677678
"8942",-0.292536550763818,-0.0877726003311019,0.300926726244117,-0.491791936757918,0.360248951234956,0.652857191806867
"8945",-0.595659195780783,0.458119194023954,0.643266006497338,0.607794814330896,-0.0803495326250798,0.767089583251121
"8946",-0.0195963296297108,-0.467006787771259,0.477319930663898,-0.190145423890558,-0.0541370407962202,-0.952381059783962
"8950",1.61095389993784,2.18568503642981,-0.322019779811246,0.377446760471534,0.386461443063816,-1.06661345122822
"8953",-0.0195963296297108,-0.467006787771259,0.51010912286156,0.00713276823875158,0.721886679651314,0.575880732165303
"8958",2.15400839035046,0.192969660143027,0.34416304702812,-0.790807469982703,-0.546318711589179,0.312328856691358
"8960",-0.0195963296297108,-0.467006787771259,-1.22607171116639,-0.307221143248734,0.715491837023979,-0.844906254184799
"8962",-0.247755979699564,-0.171397673587116,0.282143853635429,-0.528785738347718,-0.45415015995492,0.29852048166501
"8964",-0.247755979699564,-0.171397673587116,-1.06012563533295,0.49071909497272,-0.153120602186443,0.0400355997981796
"8965",-0.292536550763818,-0.0877726003311019,-0.92696875169717,1.09138114106486,0.360248951234956,0.652857191806867
"8968",-0.623889338616413,0.622278030189346,0.479354885053444,0.670111436559935,0.14456554432372,0.315826078327193
"8970",0.301693468752157,-0.157790589339037,0.698377706782158,1.0345055157733,0.0803978288811474,0.809826532263789
"8973",-0.595659195780783,0.458119194023954,0.665017161999838,0.797573110588697,-0.105720227729143,0.198096465247103
"8974",-0.247755979699564,-0.171397673587116,0.4376572182047,-0.111044160812979,-0.217288317629016,0.534036053734775
"8978",-0.698852333563524,0.87256071036026,-1.1450596229657,0.00857903082459028,1.70375266260684,-0.3885760852817
"8984",-0.247755979699564,-0.171397673587116,0.539549146255902,0.0886609485929665,-0.635066731306576,-0.105903563869182
"8986",-0.0195963296297108,-0.467006787771259,0.479354885053444,0.670111436559935,0.278315941273523,-0.743983513309467
"8988",-0.457242468617139,0.157140604678315,0.582140622409021,0.253614610956441,-0.153120602186443,0.0400355997981796
"8990",-0.36749954571093,0.162510079839811,0.35417535318289,-0.282303895630029,-0.0895114730251495,0.0973028615877283
"8993",-0.350949117482305,0.243043842749189,0.435704671384922,-0.319769195348475,-0.546318711589179,0.312328856691358
"8996",-0.457242468617139,0.157140604678315,0.219914638043425,-0.807592110831242,2.38777114497774,0.494149906146595
"9001",-0.53220546356425,0.407423284849228,0.478423762167585,-0.265519254781489,-0.482150996146607,-0.181671597245238
"9021",1.45637664900317,-1.10015720061931,0.362945919636808,-0.753813668392903,0.585164028183756,0.201593686882939
"9022",-0.247755979699564,-0.171397673587116,0.300926726244117,-0.491791936757918,-0.0758026766610596,0.876941619668632
"9023",-0.247755979699564,-0.171397673587116,0.35417535318289,-0.282303895630029,-0.858524221260292,0.156908617199223
"9024",-0.184302247483032,-0.222093582761843,0.60360329403814,0.686896077408476,-0.153120602186443,0.0400355997981796
"9025",-0.247755979699564,-0.171397673587116,0.656851920976913,0.896384118536365,0.14456554432372,0.315826078327193
"9026",-0.292536550763818,-0.0877726003311019,0.0989359946603178,-0.83123148573812,0.0132766060042626,0.564829884369251
"9027",1.29167073114985,-0.855243995609898,0.415300737271207,0.0718763077444268,-0.306036337346413,0.115803633174235
"9029",-0.184302247483032,-0.222093582761843,0.675546698155949,0.952811211149601,-0.526921229516283,-0.428533501787931
"9031",0.532734793780551,-0.540312801592546,-1.22607171116639,-0.307221143248734,0.22331016623102,0.419803662290521
"9034",-0.520696200833671,0.207836513853041,-1.2072888385577,-0.270227341658935,0.287477881673593,-0.0741967916460746
"9038",1.22821699893331,-0.804548086435172,0.478423762167585,-0.265519254781489,0.256133634223593,-0.0201135101604785
"9039",-0.292536550763818,-0.0877726003311019,0.252496812409811,-0.622214942738876,0.278315941273523,-0.743983513309467
"9041",0.697440711633871,-0.785226006601963,0.426724082731692,-0.38908752670411,0.585164028183756,0.201593686882939
"9042",-0.184302247483032,-0.222093582761843,-1.22607171116639,-0.307221143248734,0.14456554432372,0.315826078327193
"9043",-0.623889338616413,0.622278030189346,0.584820421429452,0.649902275818676,-0.0415525122865705,-0.295903988689492
"9044",-0.595659195780783,0.458119194023954,0.540768753015143,0.780788469740158,0.0997953109540431,0.0689641737845002
"9045",1.45637664900317,-1.10015720061931,0.425175135228812,-0.475007295909378,0.607699134524758,0.654214934793322
"9046",-0.520696200833671,0.207836513853041,0.519017597512643,0.591010173482356,-0.388524857517264,-0.383931296127108
"9047",-0.350949117482305,0.243043842749189,0.362945919636808,-0.753813668392903,-0.635066731306576,-0.105903563869182
"9048",-0.350949117482305,0.243043842749189,0.60360329403814,0.686896077408476,-0.337380584796413,0.169886914659831
"9049",-0.350949117482305,0.243043842749189,0.648840596365355,1.66049038250468,-0.00835019083624964,0.391594111703249
"9051",-0.457242468617139,0.157140604678315,-1.15404021161893,-0.0607393005310451,0.0665929895037224,-0.618533926608241
"9054",1.29167073114985,-0.855243995609898,0.238697510652113,-0.770598309241443,-0.248632565079016,0.588119335220371
"9055",-0.623889338616413,0.622278030189346,0.71797730506523,1.25056432191082,-0.264609515235049,0.896940898112773
"9056",0.678035411717584,0.826120072991082,0.34416304702812,-0.790807469982703,0.0665929895037224,-0.618533926608241
"9057",-0.698852333563524,0.87256071036026,0.460572012444757,0.633117634970136,-0.858524221260292,0.156908617199223
"9058",1.45637664900317,-1.10015720061931,0.0989359946603178,-0.83123148573812,-0.0763193478461505,-0.228511056634973
"9059",0.739339607739586,-0.781937981788611,0.509600622322509,0.154870972928146,0.14456554432372,0.315826078327193
"9060",-0.247755979699564,-0.171397673587116,-1.09181099602692,0.21806707195248,0.278317205162192,0.574283649681429
"9061",-0.184302247483032,-0.222093582761843,-1.15404021161893,-0.0607393005310451,-0.635066731306576,-0.105903563869182
"9062",-0.595659195780783,0.458119194023954,0.457892213424327,0.236829970107901,-0.374005494356314,-0.504301535163987
"9063",1.22821699893331,-0.804548086435172,0.238697510652113,-0.770598309241443,0.19196591878102,0.473886943776117
"9065",2.36988983730714,1.87075384241246,-1.03068561193861,0.572247275326935,0.520996312741184,0.695594140819535
"9066",-0.457242468617139,0.157140604678315,0.477319930663898,-0.190145423890558,-0.79435650581772,-0.337091836737373
"9067",-0.247755979699564,-0.171397673587116,-1.2072888385577,-0.270227341658935,-0.858524221260292,0.156908617199223
"9068",1.43697134908688,0.51118887897373,0.354692583184231,-0.635569369421799,0.200035836982783,-1.34015132742968
"9069",0.574633689886265,-0.537024776779195,0.415300737271207,0.0718763077444268,-0.0415525122865705,-0.295903988689492
"9070",-0.595659195780783,0.458119194023954,0.282143853635429,-0.528785738347718,0.360248951234956,0.652857191806867
"9071",-0.0195963296297108,-0.467006787771259,-1.32826748194081,-0.293866716565812,0.646144619460864,-0.267002725215767
"9072",2.32799094120143,1.86746581759911,-1.15404021161893,-0.0607393005310451,0.646144619460864,-0.267002725215767
"9073",1.29167073114985,-0.855243995609898,-1.22607171116639,-0.307221143248734,0.256133634223593,-0.0201135101604785
"9075",-0.292536550763818,-0.0877726003311019,0.406392262620124,-0.512001097499178,0.386461443063816,-1.06661345122822
"9077",-0.520696200833671,0.207836513853041,0.37644373868673,-0.445791073163998,-0.465326111857557,-0.115384639693955
"9078",-0.0195963296297108,-0.467006787771259,-1.2072888385577,-0.270227341658935,0.525414589160922,-0.600849858391488
"9079",-0.53220546356425,0.407423284849228,0.539549146255902,0.0886609485929665,-0.125119765994757,0.520227678708428
"9081",-0.520696200833671,0.207836513853041,0.415300737271207,0.0718763077444268,-0.19789083555612,-0.206826304744514
"9082",-0.184302247483032,-0.222093582761843,0.291946137590887,-0.561110268113553,-0.357180610067264,-0.438014577612704
"9083",-0.247755979699564,-0.171397673587116,-0.49862300643034,-0.465027856514335,0.503232282110991,0.123020144757501
"9084",-0.0195963296297108,-0.467006787771259,-1.1450596229657,0.00857903082459028,-0.474488052257626,-0.785171361357347
"9085",-0.247755979699564,-0.171397673587116,0.478423762167585,-0.265519254781489,-0.0803495326250798,0.767089583251121
"9086",-0.247755979699564,-0.171397673587116,0.435704671384922,-0.319769195348475,0.0803978288811474,0.809826532263789
"9087",3.08692687857072,1.55253462358175,-1.09181099602692,0.21806707195248,0.585164028183756,0.201593686882939
"9088",-0.520696200833671,0.207836513853041,0.584820421429452,0.649902275818676,0.585164028183756,0.201593686882939
"9089",0.913322158590549,0.892558175667467,0.61413283019425,0.84213417796938,0.287477881673593,-0.0741967916460746
"9091",-0.247755979699564,-0.171397673587116,0.53186027836406,0.196911064496553,-0.409379926585243,0.545382386207703
"9093",-0.247755979699564,-0.171397673587116,0.488953298323696,-0.110281154220585,-0.635066731306576,-0.105903563869182
"9094",-0.0195963296297108,-0.467006787771259,-0.988094135785487,0.737200937690409,-0.153120602186443,0.0400355997981796
"9095",0.196340840429911,-0.110382704977663,0.219914638043425,-0.807592110831242,0.682994952120308,0.356416094087252
"9096",2.22458921937011,0.504320967828828,0.728506841221341,1.40580242247172,-0.401548300238985,0.663887368596427
"9097",-0.36749954571093,0.162510079839811,0.61413283019425,0.84213417796938,1.74203679346849,0.813179542113524
"9098",-0.247755979699564,-0.171397673587116,0.416194546575582,-0.544325627265013,-0.699234446749148,0.388096890067413
"9100",-0.520696200833671,0.207836513853041,-1.04134276272426,0.52771289656252,-0.264609515235049,0.896940898112773
"9101",-0.247755979699564,-0.171397673587116,0.426724082731692,-0.38908752670411,-0.591088944958855,0.0654669521486646
"9102",-0.457242468617139,0.157140604678315,-1.22607171116639,-0.307221143248734,-0.30123442479495,0.222752448288955
"9103",-0.698852333563524,0.87256071036026,0.362945919636808,-0.753813668392903,-0.00835019083624964,0.391594111703249
"9106",-0.292536550763818,-0.0877726003311019,-1.09181099602692,0.21806707195248,-0.0803495326250798,0.767089583251121
"9108",-0.292536550763818,-0.0877726003311019,0.418874345596012,-0.148037962402779,0.19196591878102,0.473886943776117
"9109",0.532734793780551,-0.540312801592546,0.519017597512643,0.591010173482356,0.364279136013886,-0.342743448079227
"9110",1.22821699893331,-0.804548086435172,-1.2072888385577,-0.270227341658935,-0.482150996146607,-0.181671597245238
"9111",1.45637664900317,-1.10015720061931,0.481103561188016,0.130768410080746,1.00089724392749,0.381921677900144
"9112",-0.247755979699564,-0.171397673587116,0.435704671384922,-0.319769195348475,0.0665929895037224,-0.618533926608241
"9114",-0.595659195780783,0.458119194023954,-1.1450596229657,0.00857903082459028,0.100311982139134,1.17441685008811
"9115",-0.457242468617139,0.157140604678315,0.510415969952814,0.32300031223145,0.646144619460864,-0.267002725215767
"9116",-0.457242468617139,0.157140604678315,0.457892213424327,0.236829970107901,-0.306036337346413,0.115803633174235
"9117",-0.247755979699564,-0.171397673587116,-1.34705035454949,-0.330860518155611,-0.562295661745213,0.62115041958376
"9118",-0.184302247483032,-0.222093582761843,-1.09181099602692,0.21806707195248,-0.0895114730251495,0.0973028615877283
"9119",-0.53220546356425,0.407423284849228,0.35417535318289,-0.282303895630029,0.160775902231151,-0.399632238314206
"9120",-0.184302247483032,-0.222093582761843,0.470412437556027,0.498587009186831,-0.153120602186443,0.0400355997981796
"9121",-0.623889338616413,0.622278030189346,-1.1587817706289,0.696512229378937,0.503232282110991,0.123020144757501
"9122",-0.698852333563524,0.87256071036026,-0.87185705141235,1.51809184250727,0.350316546951022,0.198788178133557
"9123",-0.698852333563524,0.87256071036026,0.614260444823794,0.731430456172891,-0.526921229516283,-0.428533501787931
"9124",-0.623889338616413,0.622278030189346,0.238697510652113,-0.770598309241443,-0.197374164371029,0.898626371559091
"9125",-0.184302247483032,-0.222093582761843,-1.09291482753061,0.29344090284341,-0.105720227729143,0.198096465247103
"9126",-0.0195963296297108,-0.467006787771259,-0.383145163899562,0.023266557097079,-0.482150996146607,-0.181671597245238
"9127",0.739339607739586,-0.781937981788611,-1.2072888385577,-0.270227341658935,0.252711046114013,-0.00680385959155561
"9128",0.330132195636365,1.45563694060215,0.783618541506161,1.83251312391413,0.360248951234956,0.652857191806867
"9129",2.32799094120143,1.86746581759911,-1.22607171116639,-0.307221143248734,0.287477881673593,-0.0741967916460746
"9130",-0.184302247483032,-0.222093582761843,0.553135060735477,0.377250252798436,-0.635066731306576,-0.105903563869182
"9131",-0.623889338616413,0.622278030189346,-0.445374379491566,-0.255539815386446,-0.153120602186443,0.0400355997981796
"9132",-0.698852333563524,0.87256071036026,0.238697510652113,-0.770598309241443,0.16674785137365,-0.408043924821796
"9134",0.391436391658367,-0.15242111417754,-0.87185705141235,1.51809184250727,-0.315198277746483,-0.553983088489157
"9135",-0.0195963296297108,-0.467006787771259,-1.16384249557438,-0.0284147707652094,0.322293727621244,-0.572612997291621
"9136",0.739339607739586,-0.781937981788611,-1.09181099602692,0.21806707195248,0.256133634223593,-0.0201135101604785
"9137",-0.0195963296297108,-0.467006787771259,-1.15404021161893,-0.0607393005310451,-0.526921229516283,-0.428533501787931
"9138",-0.520696200833671,0.207836513853041,0.322677881746616,-0.302013640500117,-0.858524221260292,0.156908617199223
"9139",-0.247755979699564,-0.171397673587116,0.479354885053444,0.670111436559935,-0.225765637453702,0.898702028062385
"9141",1.44409844588999,0.873236095834258,0.595349957585562,0.80514037637958,0.581976904018292,0.226997728720829
"9142",-0.184302247483032,-0.222093582761843,-1.22607171116639,-0.307221143248734,-0.374005494356314,-0.504301535163987
"9143",0.466399386605478,-0.402703794348454,-1.06012563533295,0.49071909497272,-0.482150996146607,-0.181671597245238
"9144",-0.0195963296297108,-0.467006787771259,-1.2072888385577,-0.270227341658935,-0.0449751003961507,-0.282594338120569
"9146",-0.623889338616413,0.622278030189346,-1.15404021161893,-0.0607393005310451,0.0803978288811474,0.809826532263789
"9147",-0.457242468617139,0.157140604678315,0.354692583184231,-0.635569369421799,-0.162282542586513,-0.629751121865213
"9149",0.511179957669733,-0.486328867604468,-1.22607171116639,-0.307221143248734,-0.11169378007508,0.821172864736717
"9150",1.22821699893331,-0.804548086435172,0.34416304702812,-0.790807469982703,-0.482150996146607,-0.181671597245238
"9151",3.08692687857072,1.55253462358175,0.300926726244117,-0.491791936757918,-0.337380584796413,0.169886914659831
"9152",-0.184302247483032,-0.222093582761843,0.384697075139308,-0.564035372135102,-0.0449751003961507,-0.282594338120569
"9154",-0.247755979699564,-0.171397673587116,-1.03068561193861,0.572247275326935,0.585164028183756,0.201593686882939
"9155",0.469281061564018,-0.48961689241782,0.426724082731692,-0.38908752670411,-0.374005494356314,-0.504301535163987
"9156",1.43697134908688,0.51118887897373,-0.92696875169717,1.09138114106486,-0.217288317629016,0.534036053734775
"9158",-0.0195963296297108,-0.467006787771259,-0.87185705141235,1.51809184250727,-0.0758026766610596,0.876941619668632
"9159",0.739339607739586,-0.781937981788611,0.294625936611317,-0.164822603251318,0.278315941273523,-0.743983513309467
"9160",0.574633689886265,-0.537024776779195,-1.2072888385577,-0.270227341658935,-0.153120602186443,0.0400355997981796
"9161",0.0931477026471694,0.304058811358643,0.53186027836406,0.196911064496553,0.0277959691652128,0.444459645332372
"9163",0.943767515068628,-0.225727127998828,0.219914638043425,-0.807592110831242,1.51426679734889,0.994743269908831
"9165",-0.520696200833671,0.207836513853041,0.481103561188016,0.130768410080746,-0.482150996146607,-0.181671597245238
"9166",-0.520696200833671,0.207836513853041,0.385860713876865,-0.00965187260978815,-0.153120602186443,0.0400355997981796
"9167",-0.247755979699564,-0.171397673587116,0.291946137590887,-0.561110268113553,-0.465326111857557,-0.115384639693955
"9168",-0.0195963296297108,-0.467006787771259,0.353071521679203,-0.206930064739098,-0.474488052257626,-0.785171361357347
"9169",-0.0195963296297108,-0.467006787771259,0.593728896080535,1.23377968106228,-0.562295661745213,0.62115041958376
"9170",-0.247755979699564,-0.171397673587116,0.656851920976913,0.896384118536365,-0.306036337346413,0.115803633174235
"9171",-0.457242468617139,0.157140604678315,0.291946137590887,-0.561110268113553,-0.858524221260292,0.156908617199223
"9172",-0.247755979699564,-0.171397673587116,0.362945919636808,-0.753813668392903,-0.526921229516283,-0.428533501787931
"9173",-0.350949117482305,0.243043842749189,0.238697510652113,-0.770598309241443,-0.388524857517264,-0.383931296127108
"9174",-0.520696200833671,0.207836513853041,0.656851920976913,0.896384118536365,-0.153120602186443,0.0400355997981796
"9175",0.739339607739586,-0.781937981788611,0.313697293093387,-0.371331971855752,0.0665929895037224,-0.618533926608241
"9176",-0.0195963296297108,-0.467006787771259,0.728506841221341,1.40580242247172,-0.26534332138093,0.278521203220869
"9178",-0.0195963296297108,-0.467006787771259,0.499886433796703,0.167762211670546,0.607346335233686,-0.52227631626605
"9179",0.532734793780551,-0.540312801592546,0.238697510652113,-0.770598309241443,-0.0449751003961507,-0.282594338120569
"9180",0.196340840429911,-0.110382704977663,-0.975573911653786,0.998957976769339,0.031218557274793,0.431149994763449
"9181",-0.0195963296297108,-0.467006787771259,-1.1450596229657,0.00857903082459028,-0.109142815838723,0.211406115816026
"9182",-0.292536550763818,-0.0877726003311019,0.408183221964023,0.219780636703306,0.82706119081252,0.137421320318426
"9183",-0.247755979699564,-0.171397673587116,0.669372145108614,1.15814115761529,-0.79435650581772,-0.337091836737373
"9184",0.466399386605478,-0.402703794348454,0.362945919636808,-0.753813668392903,0.275410024349034,0.374778813563061
"9186",-0.36749954571093,0.162510079839811,0.291946137590887,-0.561110268113553,0.0671096606888131,0.486918749695364
"9187",-0.0195963296297108,-0.467006787771259,0.34416304702812,-0.790807469982703,0.607346335233686,-0.52227631626605
"9189",-0.520696200833671,0.207836513853041,0.478423762167585,-0.265519254781489,-0.0415525122865705,-0.295903988689492
"9190",-0.247755979699564,-0.171397673587116,0.499886433796703,0.167762211670546,-0.438173209798886,-0.0103010812273913
"9191",0.511179957669733,-0.486328867604468,0.354692583184231,-0.635569369421799,-0.482150996146607,-0.181671597245238
"9192",0.777120645069354,0.239410297512204,0.643266006497338,0.607794814330896,-0.3157537879559,0.343122687325834
"9193",-0.184302247483032,-0.222093582761843,0.35417535318289,-0.282303895630029,-0.23326526778505,0.842857616627177
"9194",-0.457242468617139,0.157140604678315,0.425175135228812,-0.475007295909378,0.252711046114013,-0.00680385959155561
"9195",1.61095389993784,2.18568503642981,0.479354885053444,0.670111436559935,0.576003351672355,0.850074128210443
"9196",-0.520696200833671,0.207836513853041,0.375638024812008,0.150977570822006,-0.526921229516283,-0.428533501787931
"9198",-0.247755979699564,-0.171397673587116,0.643266006497338,0.607794814330896,-0.546318711589179,0.312328856691358
"9199",-0.623889338616413,0.622278030189346,0.653795542653449,0.7630329148918,-0.540276668252915,0.556624591982088
"9200",-0.595659195780783,0.458119194023954,0.362945919636808,-0.753813668392903,-0.0892286625807364,0.575996433640343
"9201",-0.247755979699564,-0.171397673587116,0.490012035839099,0.714645815324351,-0.184464849636443,0.0941188812837757
"9202",0.532734793780551,-0.540312801592546,0.362945919636808,-0.753813668392903,-0.0763193478461505,-0.228511056634973
"9203",-0.184302247483032,-0.222093582761843,0.478423762167585,-0.265519254781489,-0.482150996146607,-0.181671597245238
"9205",-0.36749954571093,0.162510079839811,0.553135060735477,0.377250252798436,0.287477881673593,-0.0741967916460746
"9208",-0.520696200833671,0.207836513853041,-1.15404021161893,-0.0607393005310451,-0.0415525122865705,-0.295903988689492
"9209",-0.520696200833671,0.207836513853041,0.77308900535005,1.67727502335322,-0.635066731306576,-0.105903563869182
"9210",-0.595659195780783,0.458119194023954,0.428886651750782,0.360465611949896,-0.482150996146607,-0.181671597245238
"9211",-0.0195963296297108,-0.467006787771259,-1.09291482753061,0.29344090284341,-0.197374164371029,0.898626371559091
"9212",-0.247755979699564,-0.171397673587116,0.532603511992218,0.879599477687825,0.520996312741184,0.695594140819535
"9213",-0.247755979699564,-0.171397673587116,0.406392262620124,-0.512001097499178,-0.184464849636443,0.0941188812837757
"9215",-0.0195963296297108,-0.467006787771259,0.0989359946603178,-0.83123148573812,-0.242590521742752,0.832415070511102
"9216",0.739339607739586,-0.781937981788611,0.478423762167585,-0.265519254781489,0.715491837023979,-0.844906254184799
"9218",0.532734793780551,-0.540312801592546,0.539549146255902,0.0886609485929665,-0.546318711589179,0.312328856691358
"9220",-0.184302247483032,-0.222093582761843,0.219914638043425,-0.807592110831242,-0.0763193478461505,-0.228511056634973
"9221",1.45637664900317,-1.10015720061931,-1.09291482753061,0.29344090284341,0.0803978288811474,0.809826532263789
"9222",-0.0195963296297108,-0.467006787771259,0.362945919636808,-0.753813668392903,0.360248951234956,0.652857191806867
"9223",-0.595659195780783,0.458119194023954,-1.1450596229657,0.00857903082459028,-0.686211004027427,-0.659721774656122
"9224",0.685162508520696,1.18816728985161,0.418874345596012,-0.148037962402779,0.14456554432372,0.315826078327193
"9225",1.67225809595985,0.577626981650116,0.37592650868539,-0.0925255993722273,-0.162282542586513,-0.629751121865213
"9228",-0.0195963296297108,-0.467006787771259,0.362945919636808,-0.753813668392903,0.386461443063816,-1.06661345122822
"9229",-0.184302247483032,-0.222093582761843,-1.16384249557438,-0.0284147707652094,0.350316546951022,0.198788178133557
"9231",-0.0195963296297108,-0.467006787771259,0.478423762167585,-0.265519254781489,-0.145457658297463,-0.56346416431393
"9232",2.15400839035046,0.192969660143027,-1.09181099602692,0.21806707195248,0.629141814531476,0.372964202900786
"9233",-0.292536550763818,-0.0877726003311019,-1.2072888385577,-0.270227341658935,-0.011537315001714,0.416998153541139
"9234",-0.350949117482305,0.243043842749189,-1.2072888385577,-0.270227341658935,-0.635066731306576,-0.105903563869182
"9235",0.739339607739586,-0.781937981788611,-1.15404021161893,-0.0607393005310451,-0.0763193478461505,-0.228511056634973
"9236",-0.520696200833671,0.207836513853041,0.71797730506523,1.25056432191082,-0.699234446749148,0.388096890067413
"9237",-0.520696200833671,0.207836513853041,0.545123736123919,1.14135651676675,-0.562295661745213,0.62115041958376
"9238",-0.184302247483032,-0.222093582761843,-1.03068561193861,0.572247275326935,-0.306036337346413,0.115803633174235
"9239",-0.247755979699564,-0.171397673587116,-0.638384522422135,-0.525661033011012,-0.635066731306576,-0.105903563869182
"9240",-0.457242468617139,0.157140604678315,0.223184403645013,-0.81444684488958,-0.374005494356314,-0.504301535163987
"9241",-0.0195963296297108,-0.467006787771259,0.34416304702812,-0.790807469982703,0.930092336119038,-0.818717413985665
"9242",0.405095190583477,1.20535426043124,0.241967276253701,-0.77745304329978,0.520996312741184,0.695594140819535
"9243",-0.457242468617139,0.157140604678315,0.17364729322821,-0.188461978158195,-0.686211004027427,-0.659721774656122
"9244",0.697440711633871,-0.785226006601963,-1.2072888385577,-0.270227341658935,0.314208308576212,0.630052404613344
"9245",0.739339607739586,-0.781937981788611,0.117718867269005,-0.79423768414832,-0.140487063288723,0.265489397301622
"9246",-0.292536550763818,-0.0877726003311019,0.34416304702812,-0.790807469982703,-0.482150996146607,-0.181671597245238
"9247",-0.184302247483032,-0.222093582761843,-0.455176663447024,-0.22321528562061,0.0665929895037224,-0.618533926608241
"9248",-0.292536550763818,-0.0877726003311019,0.61413283019425,0.84213417796938,0.16674785137365,-0.408043924821796
"9249",-0.595659195780783,0.458119194023954,0.487849466820009,-0.0349073233296545,0.646144619460864,-0.267002725215767
"9250",-0.457242468617139,0.157140604678315,-0.988094135785487,0.737200937690409,-0.105720227729143,0.198096465247103
"9251",-0.520696200833671,0.207836513853041,0.500174917670085,-0.0757409585236875,0.14742046349452,0.585525855455814
"9252",-0.457242468617139,0.157140604678315,0.353071521679203,-0.206930064739098,-0.635066731306576,-0.105903563869182
"9253",-0.520696200833671,0.207836513853041,-1.16384249557438,-0.0284147707652094,0.100311982139134,1.17441685008811
"9254",0.678035411717584,0.826120072991082,0.418874345596012,-0.148037962402779,0.16674785137365,-0.408043924821796
"9255",-0.0195963296297108,-0.467006787771259,0.478423762167585,-0.265519254781489,-0.364162009452721,0.854099822401562
"9256",-0.292536550763818,-0.0877726003311019,0.478423762167585,-0.265519254781489,0.16674785137365,-0.408043924821796
"9257",0.697440711633871,-0.785226006601963,0.539421531626358,0.199364670389455,1.41785699438093,0.531283831740934
"9258",-0.53220546356425,0.407423284849228,0.37592650868539,-0.0925255993722273,0.610223882558945,-0.37063788936569
"9259",-0.0195963296297108,-0.467006787771259,0.241967276253701,-0.77745304329978,-0.337380584796413,0.169886914659831
"9260",-0.36749954571093,0.162510079839811,0.783618541506161,1.83251312391413,0.395623383463885,-0.396826729564824
"9261",-0.457242468617139,0.157140604678315,0.77308900535005,1.67727502335322,-0.162282542586513,-0.629751121865213
"9262",-0.0195963296297108,-0.467006787771259,-1.03780312724579,0.720151604285814,0.122494289189064,0.450546846939116
"9263",-0.247755979699564,-0.171397673587116,-1.1450596229657,0.00857903082459028,-0.306036337346413,0.115803633174235
"9265",-0.292536550763818,-0.0877726003311019,0.291946137590887,-0.561110268113553,0.205546135600828,-0.152770333771513
"9266",-0.247755979699564,-0.171397673587116,-0.163191219284989,1.32329132765187,-0.423899289746193,0.665752625244583
"9267",-0.36749954571093,0.162510079839811,0.313697293093387,-0.371331971855752,0.386461443063816,-1.06661345122822
"9268",-0.247755979699564,-0.171397673587116,-1.2072888385577,-0.270227341658935,-0.248632565079016,0.588119335220371
"9269",2.38929513722343,0.259407762819412,-1.09291482753061,0.29344090284341,-0.482150996146607,-0.181671597245238
"9270",-0.247755979699564,-0.171397673587116,0.238697510652113,-0.770598309241443,-0.482150996146607,-0.181671597245238
"9271",0.511179957669733,-0.486328867604468,0.219914638043425,-0.807592110831242,-0.635066731306576,-0.105903563869182
"9272",-0.0195963296297108,-0.467006787771259,0.481103561188016,0.130768410080746,0.274893353163943,-0.730673862740544
"9273",-0.247755979699564,-0.171397673587116,0.291946137590887,-0.561110268113553,0.585164028183756,0.201593686882939
"9274",-0.0195963296297108,-0.467006787771259,0.44818675436081,0.0441939397479249,0.16674785137365,-0.408043924821796
"9275",1.45637664900317,-1.10015720061931,0.656851920976913,0.896384118536365,-0.184464849636443,0.0941188812837757
"9276",-0.698852333563524,0.87256071036026,-1.1450596229657,0.00857903082459028,-0.217288317629016,0.534036053734775
"9277",-0.36749954571093,0.162510079839811,-1.21389347091372,0.269801527936533,-0.366342550467334,-1.1078012992761
"9278",3.08692687857072,1.55253462358175,-1.09181099602692,0.21806707195248,0.22331016623102,0.419803662290521
"9279",3.08692687857072,1.55253462358175,0.291946137590887,-0.561110268113553,1.44149572778753,0.267689286455889
"9280",-0.184302247483032,-0.222093582761843,0.37592650868539,-0.0925255993722273,0.14456554432372,0.315826078327193
"9281",-0.0195963296297108,-0.467006787771259,0.426394741988053,0.217120225237813,-0.379365993189055,-0.0599826345525617
"9283",-0.36749954571093,0.162510079839811,0.667381457133024,1.05162221909727,-0.373488823171223,0.601151141139618
"9284",-0.0195963296297108,-0.467006787771259,0.300926726244117,-0.491791936757918,0.325482115675376,0.720250123861386
"9285",0.511179957669733,-0.486328867604468,0.291946137590887,-0.561110268113553,0.031218557274793,0.431149994763449
"9286",-0.520696200833671,0.207836513853041,0.295215903192474,-0.56796500217189,-0.153120602186443,0.0400355997981796
"9287",0.466399386605478,-0.402703794348454,0.322677881746616,-0.302013640500117,1.10955941690288,1.164744416285
"9288",-0.247755979699564,-0.171397673587116,-1.2072888385577,-0.270227341658935,-0.540276668252915,0.556624591982088
"9289",0.511179957669733,-0.486328867604468,0.34416304702812,-0.790807469982703,0.287477881673593,-0.0741967916460746
"9290",-0.53220546356425,0.407423284849228,0.406392262620124,-0.512001097499178,0.287477881673593,-0.0741967916460746
"9291",-0.247755979699564,-0.171397673587116,0.418874345596012,-0.148037962402779,0.14456554432372,0.315826078327193
"9292",-0.0195963296297108,-0.467006787771259,-1.2072888385577,-0.270227341658935,-0.242590521742752,0.832415070511102
"9293",-0.0195963296297108,-0.467006787771259,-1.2072888385577,-0.270227341658935,0.439064566668419,0.617020598694097
"9294",-0.0195963296297108,-0.467006787771259,0.291946137590887,-0.561110268113553,-0.374005494356314,-0.504301535163987
"9295",-0.0195963296297108,-0.467006787771259,-1.15404021161893,-0.0607393005310451,-0.0415525122865705,-0.295903988689492
"9296",2.16113548715357,0.555016877003555,-1.2072888385577,-0.270227341658935,0.396140054648976,0.708625946738782
"9297",-0.184302247483032,-0.222093582761843,-0.455176663447024,-0.22321528562061,-0.635066731306576,-0.105903563869182
"9298",-0.247755979699564,-0.171397673587116,-0.92696875169717,1.09138114106486,-0.189973884365819,0.225005050616509
"9299",-0.292536550763818,-0.0877726003311019,0.457455826887422,-0.129990899090673,0.788262906585342,-0.117852270731857
"9300",0.739339607739586,-0.781937981788611,0.481103561188016,0.130768410080746,0.943830765971027,0.00878775331324681
"9301",-0.184302247483032,-0.222093582761843,-1.15404021161893,-0.0607393005310451,-0.560838074750129,0.432699095728237
"9302",-0.0195963296297108,-0.467006787771259,0.362945919636808,-0.753813668392903,-0.162282542586513,-0.629751121865213
"9303",-0.36749954571093,0.162510079839811,0.667381457133024,1.05162221909727,0.607346335233686,-0.52227631626605
"9305",2.36988983730714,1.87075384241246,-1.1450596229657,0.00857903082459028,0.901845357578386,-0.221081795899146
"9306",-0.247755979699564,-0.171397673587116,-1.2072888385577,-0.270227341658935,-0.0415525122865705,-0.295903988689492
"9307",0.366087923781277,-0.0751753760815146,-1.06012563533295,0.49071909497272,1.1727727075867,0.620860240143337
"9308",-0.292536550763818,-0.0877726003311019,0.428143418122624,-0.322222801241377,-0.162282542586513,-0.629751121865213
"9309",-0.457242468617139,0.157140604678315,0.457892213424327,0.236829970107901,0.0526304004408583,-0.0770023003954569
"9310",0.238239736535625,-0.107094680164311,-1.34705035454949,-0.330860518155611,0.646144619460864,-0.267002725215767
"9311",-0.520696200833671,0.207836513853041,0.582140622409021,0.253614610956441,0.520996312741184,0.695594140819535
"9313",-0.36749954571093,0.162510079839811,0.539421531626358,0.199364670389455,0.543178619791114,-0.0282758623294542
"9314",-0.247755979699564,-0.171397673587116,0.238697510652113,-0.770598309241443,0.287477881673593,-0.0741967916460746
"9315",-0.0195963296297108,-0.467006787771259,0.300926726244117,-0.491791936757918,-0.526921229516283,-0.428533501787931
"9316",2.38929513722343,0.259407762819412,-1.2072888385577,-0.270227341658935,0.607346335233686,-0.52227631626605
"9317",-0.350949117482305,0.243043842749189,0.490012035839099,0.714645815324351,-0.546318711589179,0.312328856691358
"9318",-0.520696200833671,0.207836513853041,0.665017161999838,0.797573110588697,-0.482150996146607,-0.181671597245238
"9319",0.259794572646443,-0.161078614152389,-0.92696875169717,1.09138114106486,1.8001624655748,0.074883352886197
"9320",-0.0195963296297108,-0.467006787771259,0.561300301758402,0.278439244850768,-0.401716982696263,-0.0581173779044057
"9321",2.15400839035046,0.192969660143027,0.34416304702812,-0.790807469982703,1.04829761838479,0.539982543349067
"9322",-0.520696200833671,0.207836513853041,0.238697510652113,-0.770598309241443,0.22331016623102,0.419803662290521
"9323",-0.247755979699564,-0.171397673587116,0.415300737271207,0.0718763077444268,-0.482150996146607,-0.181671597245238
"9324",0.424500490499764,-0.405991819161806,0.488953298323696,-0.110281154220585,0.585164028183756,0.201593686882939
"9326",-0.0195963296297108,-0.467006787771259,0.669372145108614,1.15814115761529,0.121977618003973,-0.654905829364489
"9327",-0.0195963296297108,-0.467006787771259,0.532603511992218,0.879599477687825,-0.264609515235049,0.896940898112773
"9328",-0.457242468617139,0.157140604678315,0.362945919636808,-0.753813668392903,0.19196591878102,0.473886943776117
"9330",0.739339607739586,-0.781937981788611,0.487849466820009,-0.0349073233296545,-0.337380584796413,0.169886914659831
"9331",-0.53220546356425,0.407423284849228,-0.383145163899562,0.023266557097079,-0.306036337346413,0.115803633174235
"9332",1.45637664900317,-1.10015720061931,0.219914638043425,-0.807592110831242,0.780529022942714,0.943037219241582
"9333",-0.0195963296297108,-0.467006787771259,-1.2072888385577,-0.270227341658935,-0.306036337346413,0.115803633174235
"9334",-0.457242468617139,0.157140604678315,-1.34705035454949,-0.330860518155611,-0.526921229516283,-0.428533501787931
"9335",-0.247755979699564,-0.171397673587116,-1.2072888385577,-0.270227341658935,-0.0449751003961507,-0.282594338120569
"9336",-0.0195963296297108,-0.467006787771259,0.241665793545925,-0.617813814573442,-0.438173209798886,-0.0103010812273913
"9337",-0.184302247483032,-0.222093582761843,-0.218302919569809,0.896580626209464,0.14456554432372,0.315826078327193
"9340",0.469281061564018,-0.48961689241782,0.653795542653449,0.7630329148918,0.364795807198976,0.762709228224378
"9341",-0.0195963296297108,-0.467006787771259,-1.2072888385577,-0.270227341658935,-0.162282542586513,-0.629751121865213
"9342",0.739339607739586,-0.781937981788611,0.223184403645013,-0.81444684488958,0.715491837023979,-0.844906254184799
"9343",-0.698852333563524,0.87256071036026,-1.2072888385577,-0.270227341658935,0.585164028183756,0.201593686882939
"9344",1.29900641200154,1.28438958735721,-1.22607171116639,-0.307221143248734,0.0526304004408583,-0.0770023003954569
"9345",-0.292536550763818,-0.0877726003311019,0.584820421429452,0.649902275818676,-0.526921229516283,-0.428533501787931
"9346",-0.247755979699564,-0.171397673587116,0.34416304702812,-0.790807469982703,-0.19789083555612,-0.206826304744514
"9347",0.574633689886265,-0.537024776779195,-1.34705035454949,-0.330860518155611,0.217336613885083,1.04288006178014
"9348",-0.184302247483032,-0.222093582761843,0.51010912286156,0.00713276823875158,-0.401548300238985,0.663887368596427
"9349",0.163276741588514,0.143188000006602,-1.22607171116639,-0.307221143248734,-0.22923508300612,-0.152743023258917
"9350",3.08692687857072,1.55253462358175,-1.1450596229657,0.00857903082459028,1.65830340255321,0.727882086921997
"9351",-0.247755979699564,-0.171397673587116,0.553135060735477,0.377250252798436,-0.162282542586513,-0.629751121865213
"9352",0.913322158590549,0.892558175667467,0.428886651750782,0.360465611949896,-0.423899289746193,0.665752625244583
"9353",0.739339607739586,-0.781937981788611,0.223184403645013,-0.81444684488958,0.520996312741184,0.695594140819535
"9354",-0.0195963296297108,-0.467006787771259,0.479354885053444,0.670111436559935,0.031218557274793,0.431149994763449
"9355",0.739339607739586,-0.781937981788611,0.416194546575582,-0.544325627265013,-0.0444584292110597,0.822858338183036
"9356",0.259794572646443,-0.161078614152389,-0.517405879039027,-0.502021658104135,-0.482150996146607,-0.181671597245238
"9357",2.15400839035046,0.192969660143027,-1.2072888385577,-0.270227341658935,1.54964122957782,-0.0549406514628594
"9358",-0.0195963296297108,-0.467006787771259,0.446926290731311,-0.285228999651577,-0.20705277595619,-0.876613026407906
"9359",-0.247755979699564,-0.171397673587116,-0.92696875169717,1.09138114106486,0.360248951234956,0.652857191806867
"9360",1.61095389993784,2.18568503642981,0.593728896080535,1.23377968106228,-0.374005494356314,-0.504301535163987
"9361",-0.36749954571093,0.162510079839811,0.564712322607329,0.58158167437055,0.901845357578386,-0.221081795899146
"9363",-0.292536550763818,-0.0877726003311019,-1.03068561193861,0.572247275326935,-0.546318711589179,0.312328856691358
"9365",-0.457242468617139,0.157140604678315,0.353071521679203,-0.206930064739098,0.766080599535412,0.606017732417132
"9366",-0.0195963296297108,-0.467006787771259,-1.2072888385577,-0.270227341658935,-0.315198277746483,-0.553983088489157
"9367",1.22821699893331,-0.804548086435172,0.238697510652113,-0.770598309241443,0.585164028183756,0.201593686882939
"9368",0.469281061564018,-0.48961689241782,-1.15404021161893,-0.0607393005310451,0.503232282110991,0.123020144757501
"9369",0.697440711633871,-0.785226006601963,0.356341287280791,-0.213784798797435,1.23694042302927,0.126859786206741
"9370",-0.595659195780783,0.458119194023954,0.416194546575582,-0.544325627265013,0.0277959691652128,0.444459645332372
"9372",-0.247755979699564,-0.171397673587116,0.446926290731311,-0.285228999651577,-0.306036337346413,0.115803633174235
"9373",-0.520696200833671,0.207836513853041,0.643266006497338,0.607794814330896,-0.306036337346413,0.115803633174235
"9374",2.38929513722343,0.259407762819412,0.595349957585562,0.80514037637958,0.350316546951022,0.198788178133557
"9375",-0.0195963296297108,-0.467006787771259,0.35417535318289,-0.282303895630029,-0.22923508300612,-0.152743023258917
"9376",1.45637664900317,-1.10015720061931,0.594660846540722,0.51537165003537,0.256133634223593,-0.0201135101604785
"9378",1.45637664900317,-1.10015720061931,-1.09291482753061,0.29344090284341,0.18854333067144,0.48719659434504
"9379",-0.247755979699564,-0.171397673587116,-1.16384249557438,-0.0284147707652094,-0.0449751003961507,-0.282594338120569
"9380",-0.698852333563524,0.87256071036026,0.539421531626358,0.199364670389455,-0.482150996146607,-0.181671597245238
"9381",-0.184302247483032,-0.222093582761843,0.478423762167585,-0.265519254781489,-0.0449751003961507,-0.282594338120569
"9383",-0.0195963296297108,-0.467006787771259,-1.27501885500203,-0.0843786754379221,-0.0541370407962202,-0.952381059783962
"9385",-0.0195963296297108,-0.467006787771259,0.238697510652113,-0.770598309241443,-0.337380584796413,0.169886914659831
"9386",-0.623889338616413,0.622278030189346,0.457892213424327,0.236829970107901,-0.0803495326250798,0.767089583251121
"9387",-0.457242468617139,0.157140604678315,0.362945919636808,-0.753813668392903,-0.153120602186443,0.0400355997981796
"9388",-0.457242468617139,0.157140604678315,0.291946137590887,-0.561110268113553,-0.0763193478461505,-0.228511056634973
"9389",0.511179957669733,-0.486328867604468,0.415300737271207,0.0718763077444268,0.360248951234956,0.652857191806867
"9390",-0.292536550763818,-0.0877726003311019,-0.988094135785487,0.737200937690409,0.386461443063816,-1.06661345122822
"9391",-0.36749954571093,0.162510079839811,0.425175135228812,-0.475007295909378,0.68011740479505,0.204777667186892
"9392",-0.520696200833671,0.207836513853041,0.71797730506523,1.25056432191082,0.503232282110991,0.123020144757501
"9393",1.45637664900317,-1.10015720061931,-0.638384522422135,-0.525661033011012,-0.248632565079016,0.588119335220371
"9395",-0.623889338616413,0.622278030189346,-1.1450596229657,0.00857903082459028,-0.635066731306576,-0.105903563869182
"9396",0.405095190583477,1.20535426043124,0.478423762167585,-0.265519254781489,-0.217288317629016,0.534036053734775
"9398",1.44409844588999,0.873236095834258,0.71797730506523,1.25056432191082,0.0803978288811474,0.809826532263789
"9399",0.511179957669733,-0.486328867604468,-1.09181099602692,0.21806707195248,-0.0803495326250798,0.767089583251121
"9400",-0.292536550763818,-0.0877726003311019,0.457892213424327,0.236829970107901,-0.0541370407962202,-0.952381059783962
"9401",-0.0195963296297108,-0.467006787771259,0.219914638043425,-0.807592110831242,-0.153120602186443,0.0400355997981796
"9402",1.45637664900317,-1.10015720061931,-1.22607171116639,-0.307221143248734,1.48547351413525,0.439059802473736
"9403",-0.292536550763818,-0.0877726003311019,0.425175135228812,-0.475007295909378,0.386461443063816,-1.06661345122822
"9404",-0.247755979699564,-0.171397673587116,0.425175135228812,-0.475007295909378,-0.0415525122865705,-0.295903988689492
"9405",2.15400839035046,0.192969660143027,-0.638384522422135,-0.525661033011012,1.44149572778753,0.267689286455889
"9407",1.63035919985413,0.574338956836764,0.532603511992218,0.879599477687825,-0.184464849636443,0.0941188812837757
"9408",-0.520696200833671,0.207836513853041,0.238697510652113,-0.770598309241443,-0.217288317629016,0.534036053734775
"9409",1.45637664900317,-1.10015720061931,0.426724082731692,-0.38908752670411,0.217336613885083,1.04288006178014
"9410",-0.36749954571093,0.162510079839811,0.406392262620124,-0.512001097499178,0.314208308576212,0.630052404613344
"9411",0.739339607739586,-0.781937981788611,0.291946137590887,-0.561110268113553,-0.45415015995492,0.29852048166501
"9412",1.61095389993784,2.18568503642981,-1.22607171116639,-0.307221143248734,0.520996312741184,0.695594140819535
"9413",-0.0195963296297108,-0.467006787771259,0.34416304702812,-0.790807469982703,-0.162282542586513,-0.629751121865213
"9415",-0.698852333563524,0.87256071036026,0.356855152203321,0.113983769232207,-0.562295661745213,0.62115041958376
"9416",-0.247755979699564,-0.171397673587116,-1.22607171116639,-0.307221143248734,-0.699234446749148,0.388096890067413
"9417",-0.184302247483032,-0.222093582761843,-1.15404021161893,-0.0607393005310451,-0.0415525122865705,-0.295903988689492
"9419",-0.184302247483032,-0.222093582761843,0.219914638043425,-0.807592110831242,0.364279136013886,-0.342743448079227
"9420",1.45637664900317,-1.10015720061931,-1.22607171116639,-0.307221143248734,0.646144619460864,-0.267002725215767
"9421",1.43697134908688,0.51118887897373,0.593728896080535,1.23377968106228,-0.395506256902721,0.908183103887158
"9422",-0.595659195780783,0.458119194023954,0.584820421429452,0.649902275818676,-0.0503355992288916,0.161724562490856
"9423",-0.247755979699564,-0.171397673587116,0.252496812409811,-0.622214942738876,-0.374005494356314,-0.504301535163987
"9424",-0.247755979699564,-0.171397673587116,-0.322019779811246,0.377446760471534,-0.217288317629016,0.534036053734775
"9428",1.63035919985413,0.574338956836764,-0.988094135785487,0.737200937690409,0.780012351757623,-0.162415457062023
"9429",-0.247755979699564,-0.171397673587116,0.60360329403814,0.686896077408476,-0.357180610067264,-0.438014577612704
"9431",-0.292536550763818,-0.0877726003311019,-1.2072888385577,-0.270227341658935,0.278315941273523,-0.743983513309467
"9432",-0.247755979699564,-0.171397673587116,0.219914638043425,-0.807592110831242,-0.438173209798886,-0.0103010812273913
"9433",0.913322158590549,0.892558175667467,-0.988094135785487,0.737200937690409,0.395623383463885,-0.396826729564824
"9434",-0.0195963296297108,-0.467006787771259,0.300926726244117,-0.491791936757918,-0.315198277746483,-0.553983088489157
"9435",-0.520696200833671,0.207836513853041,-1.22607171116639,-0.307221143248734,-0.109142815838723,0.211406115816026
"9436",0.301693468752157,-0.157790589339037,-1.34705035454949,-0.330860518155611,-0.19789083555612,-0.206826304744514
"9437",-0.520696200833671,0.207836513853041,0.479643368926827,0.426608266365702,-0.526921229516283,-0.428533501787931
"9438",-0.0195963296297108,-0.467006787771259,0.44818675436081,0.0441939397479249,0.966013073020958,-0.715082249835742
"9439",-0.184302247483032,-0.222093582761843,0.120687150162818,-0.641453189480318,-0.686211004027427,-0.659721774656122
"9440",-0.184302247483032,-0.222093582761843,-1.09181099602692,0.21806707195248,-0.306036337346413,0.115803633174235
"9441",-0.53220546356425,0.407423284849228,-1.1450596229657,0.00857903082459028,0.287477881673593,-0.0741967916460746
"9442",1.45637664900317,-1.10015720061931,0.291946137590887,-0.561110268113553,0.328904703784956,0.706940473292463
"9444",-0.184302247483032,-0.222093582761843,-1.03068561193861,0.572247275326935,-0.315198277746483,-0.553983088489157
"9445",-0.520696200833671,0.207836513853041,-0.383145163899562,0.023266557097079,0.360248951234956,0.652857191806867
"9448",2.36988983730714,1.87075384241246,0.532603511992218,0.879599477687825,0.0665929895037224,-0.618533926608241
"9449",0.697440711633871,-0.785226006601963,0.291946137590887,-0.561110268113553,0.780529022942714,0.943037219241582
"9450",-0.520696200833671,0.207836513853041,-0.975573911653786,0.998957976769339,0.278317205162192,0.574283649681429
"9451",-0.520696200833671,0.207836513853041,-1.2072888385577,-0.270227341658935,-0.374005494356314,-0.504301535163987
"9452",-0.520696200833671,0.207836513853041,0.362945919636808,-0.753813668392903,-0.306036337346413,0.115803633174235
"9453",1.22821699893331,-0.804548086435172,0.603891777911522,0.443392907214242,2.45193886042032,0.000149452209999287
"9456",-0.623889338616413,0.622278030189346,-0.455176663447024,-0.22321528562061,0.287477881673593,-0.0741967916460746
"9458",-0.595659195780783,0.458119194023954,0.362945919636808,-0.753813668392903,-0.482150996146607,-0.181671597245238
"9460",1.45637664900317,-1.10015720061931,-1.04134276272426,0.52771289656252,0.693309529974049,-0.12103625103581
"9461",-0.0195963296297108,-0.467006787771259,0.60360329403814,0.686896077408476,0.624524018813807,0.720501892344604
"9463",-0.520696200833671,0.207836513853041,-1.2072888385577,-0.270227341658935,-0.482150996146607,-0.181671597245238
"9464",0.532734793780551,-0.540312801592546,0.373475455792918,-0.598575567831999,0.256133634223593,-0.0201135101604785
"9465",-0.247755979699564,-0.171397673587116,0.238697510652113,-0.770598309241443,-0.248632565079016,0.588119335220371
"9466",-0.595659195780783,0.458119194023954,0.478423762167585,-0.265519254781489,0.217336613885083,1.04288006178014
"9467",-0.247755979699564,-0.171397673587116,0.71797730506523,1.25056432191082,-0.526404558331192,0.676919174515674
"9468",0.407986819886991,-0.0718873512681628,-0.384248995403249,0.0986403879880094,-0.635066731306576,-0.105903563869182
"9469",-0.595659195780783,0.458119194023954,0.584820421429452,0.649902275818676,-0.373488823171223,0.601151141139618
"9470",-0.457242468617139,0.157140604678315,0.219914638043425,-0.807592110831242,-0.0803495326250798,0.767089583251121
"9472",-0.457242468617139,0.157140604678315,0.60360329403814,0.686896077408476,0.22331016623102,0.419803662290521
"9473",-0.292536550763818,-0.0877726003311019,-0.87185705141235,1.51809184250727,0.585164028183756,0.201593686882939
"9474",-0.0195963296297108,-0.467006787771259,0.478423762167585,-0.265519254781489,1.03878414258232,0.0119717336171997
"9477",-0.184302247483032,-0.222093582761843,-0.92696875169717,1.09138114106486,-0.395506256902721,0.908183103887158
"9480",0.880313782852096,-0.175031218824101,0.238697510652113,-0.770598309241443,0.205546135600828,-0.152770333771513
"9482",-0.247755979699564,-0.171397673587116,-1.09291482753061,0.29344090284341,0.0803978288811474,0.809826532263789
"9483",0.532734793780551,-0.540312801592546,0.238697510652113,-0.770598309241443,-0.0415525122865705,-0.295903988689492
"9484",-0.292536550763818,-0.0877726003311019,-1.2072888385577,-0.270227341658935,-0.11169378007508,0.821172864736717
"9485",-0.520696200833671,0.207836513853041,0.460572012444757,0.633117634970136,0.287477881673593,-0.0741967916460746
"9486",-0.184302247483032,-0.222093582761843,-1.36692596966167,1.16254609496905,-0.109142815838723,0.211406115816026
"9487",-0.184302247483032,-0.222093582761843,-1.22607171116639,-0.307221143248734,-0.153120602186443,0.0400355997981796
"9488",-0.247755979699564,-0.171397673587116,0.0989359946603178,-0.83123148573812,-0.0449751003961507,-0.282594338120569
"9489",-0.292536550763818,-0.0877726003311019,0.53186027836406,0.196911064496553,-0.482150996146607,-0.181671597245238
"9490",-0.520696200833671,0.207836513853041,0.291946137590887,-0.561110268113553,-0.409379926585243,0.545382386207703
"9491",-0.247755979699564,-0.171397673587116,-1.1450596229657,0.00857903082459028,-0.337380584796413,0.169886914659831
"9492",-0.350949117482305,0.243043842749189,0.584820421429452,0.649902275818676,0.364795807198976,0.762709228224378
"9493",-0.520696200833671,0.207836513853041,0.34416304702812,-0.790807469982703,-0.184464849636443,0.0941188812837757
"9494",-0.595659195780783,0.458119194023954,-1.2072888385577,-0.270227341658935,-0.635066731306576,-0.105903563869182
"9495",-0.623889338616413,0.622278030189346,0.238697510652113,-0.770598309241443,-0.432131166462622,0.23399465406334
"9496",-0.247755979699564,-0.171397673587116,0.582140622409021,0.253614610956441,-0.635066731306576,-0.105903563869182
"9497",-0.0195963296297108,-0.467006787771259,-1.22607171116639,-0.307221143248734,-0.699234446749148,0.388096890067413
"9499",1.67225809595985,0.577626981650116,0.418874345596012,-0.148037962402779,-0.482150996146607,-0.181671597245238
"9500",-0.457242468617139,0.157140604678315,0.582140622409021,0.253614610956441,-0.217288317629016,0.534036053734775
"9501",0.366087923781277,-0.0751753760815146,-1.15404021161893,-0.0607393005310451,-0.153120602186443,0.0400355997981796
"9502",-0.0195963296297108,-0.467006787771259,0.426724082731692,-0.38908752670411,-0.226450258029085,-0.135750667928618
"9503",-0.292536550763818,-0.0877726003311019,0.584820421429452,0.649902275818676,-0.379365993189055,-0.0599826345525617
"9504",-0.520696200833671,0.207836513853041,0.415300737271207,0.0718763077444268,0.031218557274793,0.431149994763449
"9506",-0.184302247483032,-0.222093582761843,-0.3326769305969,0.332912381707119,-0.374005494356314,-0.504301535163987
"9507",-0.247755979699564,-0.171397673587116,0.61413283019425,0.84213417796938,-0.635066731306576,-0.105903563869182
"9508",-0.457242468617139,0.157140604678315,0.553135060735477,0.377250252798436,0.395623383463885,-0.396826729564824
"9510",-0.292536550763818,-0.0877726003311019,0.427782820247095,0.435839442840826,0.395623383463885,-0.396826729564824
"9511",-0.457242468617139,0.157140604678315,0.539549146255902,0.0886609485929665,1.44149572778753,0.267689286455889
"9512",-0.292536550763818,-0.0877726003311019,-0.445374379491566,-0.255539815386446,0.125401470002222,0.650051683057485
"9513",2.38929513722343,0.259407762819412,-1.22607171116639,-0.307221143248734,0.646144619460864,-0.267002725215767
"9514",-0.595659195780783,0.458119194023954,0.34416304702812,-0.790807469982703,-0.0725179062788219,0.885594565639845
"9515",-0.53220546356425,0.407423284849228,0.373475455792918,-0.598575567831999,-0.356663938882173,0.667438098690901
"9516",0.238239736535625,-0.107094680164311,0.373475455792918,-0.598575567831999,0.754806792436248,0.515820013169089
"9518",-0.0195963296297108,-0.467006787771259,0.519017597512643,0.591010173482356,-0.337380584796413,0.169886914659831
"9519",-0.623889338616413,0.622278030189346,0.519017597512643,0.591010173482356,0.287477881673593,-0.0741967916460746
"9520",-0.595659195780783,0.458119194023954,-0.92696875169717,1.09138114106486,-0.374005494356314,-0.504301535163987
"9521",-0.0195963296297108,-0.467006787771259,-1.04134276272426,0.52771289656252,0.16674785137365,-0.408043924821796
"9522",1.45637664900317,-1.10015720061931,-1.2072888385577,-0.270227341658935,-0.211246274292752,0.778331789025506
"9523",0.739339607739586,-0.781937981788611,0.491633097344126,0.28600651064165,-0.315198277746483,-0.553983088489157
"9525",1.45637664900317,-1.10015720061931,-1.1450596229657,0.00857903082459028,-0.211246274292752,0.778331789025506
"9526",-0.623889338616413,0.622278030189346,0.656851920976913,0.896384118536365,-0.0725179062788219,0.885594565639845
"9527",-0.0195963296297108,-0.467006787771259,-1.2072888385577,-0.270227341658935,0.287477881673593,-0.0741967916460746
"9530",-0.520696200833671,0.207836513853041,0.35417535318289,-0.282303895630029,0.693309529974049,-0.12103625103581
"9531",-0.0195963296297108,-0.467006787771259,0.728506841221341,1.40580242247172,-0.0541370407962202,-0.952381059783962
"9532",0.739339607739586,-0.781937981788611,0.643266006497338,0.607794814330896,0.780012351757623,-0.162415457062023
"9533",-0.247755979699564,-0.171397673587116,0.477319930663898,-0.190145423890558,-0.262058550998692,0.287174149192082
"9534",-0.247755979699564,-0.171397673587116,0.643266006497338,0.607794814330896,-0.546318711589179,0.312328856691358
"9535",-0.457242468617139,0.157140604678315,0.425175135228812,-0.475007295909378,-0.482150996146607,-0.181671597245238
"9536",-0.247755979699564,-0.171397673587116,-1.09181099602692,0.21806707195248,-0.79435650581772,-0.337091836737373
"9538",-0.0195963296297108,-0.467006787771259,0.241967276253701,-0.77745304329978,-0.0758026766610596,0.876941619668632
"9539",0.259794572646443,-0.161078614152389,-1.22607171116639,-0.307221143248734,-0.546318711589179,0.312328856691358
"9540",0.574633689886265,-0.537024776779195,0.426724082731692,-0.38908752670411,1.8001624655748,0.074883352886197
"9541",0.739339607739586,-0.781937981788611,-0.436393790838336,-0.186221484030811,0.100311982139134,1.17441685008811
"9542",1.45637664900317,-1.10015720061931,0.478423762167585,-0.265519254781489,-0.184464849636443,0.0941188812837757
"9545",-0.292536550763818,-0.0877726003311019,0.416194546575582,-0.544325627265013,0.278315941273523,-0.743983513309467
"9546",0.697440711633871,-0.785226006601963,-1.09181099602692,0.21806707195248,1.76424172867288,-0.0287518112637261
"9547",0.678035411717584,0.826120072991082,0.77308900535005,1.67727502335322,0.214148225830951,-0.249983059372872
"9549",-0.0195963296297108,-0.467006787771259,-0.92696875169717,1.09138114106486,0.16674785137365,-0.408043924821796
"9551",-0.247755979699564,-0.171397673587116,0.457892213424327,0.236829970107901,-0.0449751003961507,-0.282594338120569
"9552",-0.457242468617139,0.157140604678315,-0.92696875169717,1.09138114106486,-0.374005494356314,-0.504301535163987
"9553",-0.247755979699564,-0.171397673587116,0.34416304702812,-0.790807469982703,0.00242527406115016,-0.124533472671645
"9554",-0.247755979699564,-0.171397673587116,0.478423762167585,-0.265519254781489,0.252711046114013,-0.00680385959155561
"9556",0.697440711633871,-0.785226006601963,0.510704453826196,0.0794971420372161,0.585164028183756,0.201593686882939
"9557",-0.0195963296297108,-0.467006787771259,-0.975573911653786,0.998957976769339,-0.635066731306576,-0.105903563869182
"9559",-0.0195963296297108,-0.467006787771259,0.428143418122624,-0.322222801241377,0.607346335233686,-0.52227631626605
"9560",0.880313782852096,-0.175031218824101,0.354692583184231,-0.635569369421799,0.253227717299103,1.09864881671205
"9561",-0.595659195780783,0.458119194023954,0.294625936611317,-0.164822603251318,-0.685694332842336,0.445730901647483
"9562",1.45637664900317,-1.10015720061931,0.477319930663898,-0.190145423890558,0.607346335233686,-0.52227631626605
"9563",1.10847343292195,-0.470640333008244,0.708907242938269,1.1897436163342,0.585164028183756,0.201593686882939
"9564",-0.0195963296297108,-0.467006787771259,0.60360329403814,0.686896077408476,0.525414589160922,-0.600849858391488
"9566",-0.0195963296297108,-0.467006787771259,0.219914638043425,-0.807592110831242,-0.0415525122865705,-0.295903988689492
"9568",-0.247755979699564,-0.171397673587116,-1.03068561193861,0.572247275326935,-0.105720227729143,0.198096465247103
"9569",-0.247755979699564,-0.171397673587116,0.540768753015143,0.780788469740158,-0.23326526778505,0.842857616627177
"9570",0.574633689886265,-0.537024776779195,-1.1450596229657,0.00857903082459028,-0.248632565079016,0.588119335220371
"9572",0.739339607739586,-0.781937981788611,0.362945919636808,-0.753813668392903,-0.140487063288723,0.265489397301622
"9573",-0.184302247483032,-0.222093582761843,0.35417535318289,-0.282303895630029,-0.482150996146607,-0.181671597245238
"9574",-0.292536550763818,-0.0877726003311019,0.415300737271207,0.0718763077444268,-0.482150996146607,-0.181671597245238
"9576",-0.0195963296297108,-0.467006787771259,-1.16384249557438,-0.0284147707652094,-0.315198277746483,-0.553983088489157
"9578",-0.247755979699564,-0.171397673587116,0.356341287280791,-0.213784798797435,-0.374005494356314,-0.504301535163987
"9582",0.913322158590549,0.892558175667467,0.418874345596012,-0.148037962402779,-0.482150996146607,-0.181671597245238
"9583",2.32799094120143,1.86746581759911,-1.03068561193861,0.572247275326935,0.364795807198976,0.762709228224378
"9584",-0.184302247483032,-0.222093582761843,0.457892213424327,0.236829970107901,0.22331016623102,0.419803662290521
"9585",0.511179957669733,-0.486328867604468,0.300926726244117,-0.491791936757918,-0.699234446749148,0.388096890067413
"9586",-0.247755979699564,-0.171397673587116,0.34416304702812,-0.790807469982703,0.256133634223593,-0.0201135101604785
"9587",-0.184302247483032,-0.222093582761843,0.238697510652113,-0.770598309241443,0.364279136013886,-0.342743448079227
"9588",-0.0195963296297108,-0.467006787771259,0.435704671384922,-0.319769195348475,0.607346335233686,-0.52227631626605
"9590",-0.520696200833671,0.207836513853041,0.34416304702812,-0.790807469982703,-0.635066731306576,-0.105903563869182
"9591",1.10847343292195,-0.470640333008244,0.457892213424327,0.236829970107901,-0.248632565079016,0.588119335220371
"9592",-0.0195963296297108,-0.467006787771259,-1.27501885500203,-0.0843786754379221,-0.153120602186443,0.0400355997981796
"9593",1.22821699893331,-0.804548086435172,0.0989359946603178,-0.83123148573812,-0.482150996146607,-0.181671597245238
"9594",-0.0195963296297108,-0.467006787771259,0.362945919636808,-0.753813668392903,-0.226450258029085,-0.135750667928618
"9596",-0.247755979699564,-0.171397673587116,0.643266006497338,0.607794814330896,-0.526404558331192,0.676919174515674
"9597",-0.457242468617139,0.157140604678315,-0.517405879039027,-0.502021658104135,-0.315198277746483,-0.553983088489157
"9599",-0.457242468617139,0.157140604678315,0.291946137590887,-0.561110268113553,-0.217288317629016,0.534036053734775
"9600",-0.520696200833671,0.207836513853041,0.219914638043425,-0.807592110831242,-0.0449751003961507,-0.282594338120569
"9601",0.511179957669733,-0.486328867604468,0.519017597512643,0.591010173482356,-0.482150996146607,-0.181671597245238
"9602",0.532734793780551,-0.540312801592546,-0.445374379491566,-0.255539815386446,-0.482150996146607,-0.181671597245238
"9603",-0.0195963296297108,-0.467006787771259,0.425175135228812,-0.475007295909378,0.274893353163943,-0.730673862740544
"9604",-0.595659195780783,0.458119194023954,0.478423762167585,-0.265519254781489,-0.858524221260292,0.156908617199223
"9605",1.29167073114985,-0.855243995609898,0.643266006497338,0.607794814330896,1.05249293894641,0.791610491698103
"9608",0.366087923781277,-0.0751753760815146,0.291946137590887,-0.561110268113553,0.585164028183756,0.201593686882939
"9610",-0.36749954571093,0.162510079839811,0.4376572182047,-0.111044160812979,-0.0541370407962202,-0.952381059783962
"9611",-0.292536550763818,-0.0877726003311019,0.624789980979904,0.886668556733794,0.607346335233686,-0.52227631626605
"9612",-0.0195963296297108,-0.467006787771259,-0.92696875169717,1.09138114106486,-0.526921229516283,-0.428533501787931
"9613",-0.247755979699564,-0.171397673587116,0.238697510652113,-0.770598309241443,-0.546318711589179,0.312328856691358
"9614",-0.0195963296297108,-0.467006787771259,-0.279428303658126,0.542400422835008,-0.184464849636443,0.0941188812837757
"9615",-0.0195963296297108,-0.467006787771259,0.35417535318289,-0.282303895630029,-0.401548300238985,0.663887368596427
"9617",-0.520696200833671,0.207836513853041,0.300926726244117,-0.491791936757918,-0.686211004027427,-0.659721774656122
"9618",0.697440711633871,-0.785226006601963,0.415300737271207,0.0718763077444268,-0.546318711589179,0.312328856691358
"9622",-0.0195963296297108,-0.467006787771259,-0.49862300643034,-0.465027856514335,-0.0449751003961507,-0.282594338120569
"9623",1.45637664900317,-1.10015720061931,-1.09181099602692,0.21806707195248,0.966013073020958,-0.715082249835742
"9625",1.39507245298117,0.507900854160378,-1.1450596229657,0.00857903082459028,0.520996312741184,0.695594140819535
"9627",-0.520696200833671,0.207836513853041,-1.15404021161893,-0.0607393005310451,0.607346335233686,-0.52227631626605
"9628",0.196340840429911,-0.110382704977663,0.460572012444757,0.633117634970136,0.19196591878102,0.473886943776117
"9630",-0.0195963296297108,-0.467006787771259,-1.2072888385577,-0.270227341658935,0.278315941273523,-0.743983513309467
"9631",-0.247755979699564,-0.171397673587116,0.653795542653449,0.7630329148918,-0.242590521742752,0.832415070511102
"9632",-0.457242468617139,0.157140604678315,0.656851920976913,0.896384118536365,0.585164028183756,0.201593686882939
"9634",2.38929513722343,0.259407762819412,-1.22607171116639,-0.307221143248734,-0.184464849636443,0.0941188812837757
"9635",-0.457242468617139,0.157140604678315,0.519017597512643,0.591010173482356,-0.370204052788985,0.609804087110831
"9636",-0.292536550763818,-0.0877726003311019,0.479643368926827,0.426608266365702,2.09327212263304,0.192955385779692
"9637",-0.292536550763818,-0.0877726003311019,0.241665793545925,-0.617813814573442,0.930092336119038,-0.818717413985665
"9638",-0.520696200833671,0.207836513853041,-0.92696875169717,1.09138114106486,-0.482150996146607,-0.181671597245238
"9639",0.955276777799207,-0.425313898995015,0.356341287280791,-0.213784798797435,0.256133634223593,-0.0201135101604785
"9640",0.748616240737228,1.13747138067688,-1.03068561193861,0.572247275326935,-0.00835019083624964,0.391594111703249
"9641",-0.184302247483032,-0.222093582761843,0.219914638043425,-0.807592110831242,0.252711046114013,-0.00680385959155561
"9642",-0.53220546356425,0.407423284849228,0.728506841221341,1.40580242247172,-0.19789083555612,-0.206826304744514
"9644",-0.698852333563524,0.87256071036026,0.71797730506523,1.25056432191082,-0.635066731306576,-0.105903563869182
"9649",-0.595659195780783,0.458119194023954,0.241967276253701,-0.77745304329978,-0.125119765994757,0.520227678708428
"9650",-0.184302247483032,-0.222093582761843,0.477319930663898,-0.190145423890558,-0.635066731306576,-0.105903563869182
"9651",-0.520696200833671,0.207836513853041,-0.383145163899562,0.023266557097079,-0.546318711589179,0.312328856691358
"9654",-0.0195963296297108,-0.467006787771259,0.322677881746616,-0.302013640500117,-0.315198277746483,-0.553983088489157
"9656",-0.0195963296297108,-0.467006787771259,-1.22607171116639,-0.307221143248734,-0.162282542586513,-0.629751121865213
"9657",-0.292536550763818,-0.0877726003311019,0.55203122923179,0.452624083689366,0.214148225830951,-0.249983059372872
"9658",1.50755217810653,0.822540186659532,0.562560765387901,0.60786218425027,0.364279136013886,-0.342743448079227
"9659",-0.247755979699564,-0.171397673587116,-1.16384249557438,-0.0284147707652094,-0.0803495326250798,0.767089583251121
"9661",-0.0195963296297108,-0.467006787771259,0.416194546575582,-0.544325627265013,-0.153120602186443,0.0400355997981796
"9662",-0.623889338616413,0.622278030189346,0.300926726244117,-0.491791936757918,-0.409379926585243,0.545382386207703
"9663",-0.595659195780783,0.458119194023954,0.519017597512643,0.591010173482356,-0.546318711589179,0.312328856691358
"9664",-0.247755979699564,-0.171397673587116,0.416194546575582,-0.544325627265013,-0.409379926585243,0.545382386207703
"9665",-0.520696200833671,0.207836513853041,0.519017597512643,0.591010173482356,0.18854333067144,0.48719659434504
"9667",-0.0195963296297108,-0.467006787771259,-1.22607171116639,-0.307221143248734,-0.203583330403771,0.174832024913396
"9669",-0.457242468617139,0.157140604678315,-0.322019779811246,0.377446760471534,-0.153120602186443,0.0400355997981796
"9670",-0.698852333563524,0.87256071036026,0.238697510652113,-0.770598309241443,0.337497711357577,0.341469459662503
"9671",-0.0195963296297108,-0.467006787771259,-1.34705035454949,-0.330860518155611,0.598185658722285,0.126204125061454
"9672",1.45637664900317,-1.10015720061931,0.415300737271207,0.0718763077444268,0.256133634223593,-0.0201135101604785
"9673",-0.350949117482305,0.243043842749189,-1.03068561193861,0.572247275326935,-0.337380584796413,0.169886914659831
"9674",-0.350949117482305,0.243043842749189,0.219914638043425,-0.807592110831242,-0.546318711589179,0.312328856691358
"9675",-0.184302247483032,-0.222093582761843,0.362945919636808,-0.753813668392903,0.364279136013886,-0.342743448079227
"9681",-0.520696200833671,0.207836513853041,-1.04134276272426,0.52771289656252,-0.153120602186443,0.0400355997981796
"9682",-0.520696200833671,0.207836513853041,-1.16384249557438,-0.0284147707652094,0.0665929895037224,-0.618533926608241
"9683",-0.36749954571093,0.162510079839811,-1.16384249557438,-0.0284147707652094,0.205546135600828,-0.152770333771513
"9684",3.08692687857072,1.55253462358175,-1.2072888385577,-0.270227341658935,0.364279136013886,-0.342743448079227
"9685",2.38929513722343,0.259407762819412,-1.22607171116639,-0.307221143248734,0.364279136013886,-0.342743448079227
"9687",0.469281061564018,-0.48961689241782,0.35417535318289,-0.282303895630029,-0.0415525122865705,-0.295903988689492
"9688",0.913322158590549,0.892558175667467,0.481103561188016,0.130768410080746,0.646144619460864,-0.267002725215767
"9689",-0.457242468617139,0.157140604678315,0.238697510652113,-0.770598309241443,-0.546318711589179,0.312328856691358
"9690",-0.350949117482305,0.243043842749189,0.656851920976913,0.896384118536365,-0.635066731306576,-0.105903563869182
"9691",-0.292536550763818,-0.0877726003311019,-1.22607171116639,-0.307221143248734,-0.20705277595619,-0.876613026407906
"9692",-0.247755979699564,-0.171397673587116,0.698377706782158,1.0345055157733,0.585164028183756,0.201593686882939
"9693",1.63035919985413,0.574338956836764,-1.22607171116639,-0.307221143248734,0.0997953109540431,0.0689641737845002
"9694",-0.292536550763818,-0.0877726003311019,-1.15404021161893,-0.0607393005310451,-0.0803495326250798,0.767089583251121
"9695",-0.184302247483032,-0.222093582761843,0.35417535318289,-0.282303895630029,-0.482150996146607,-0.181671597245238
"9696",-0.0195963296297108,-0.467006787771259,0.593728896080535,1.23377968106228,0.278315941273523,-0.743983513309467
"9697",-0.0195963296297108,-0.467006787771259,-1.2072888385577,-0.270227341658935,0.0665929895037224,-0.618533926608241
"9698",0.685162508520696,1.18816728985161,0.479354885053444,0.670111436559935,-0.22923508300612,-0.152743023258917
"9700",-0.247755979699564,-0.171397673587116,-1.04134276272426,0.52771289656252,0.0526304004408583,-0.0770023003954569
"9701",1.45637664900317,-1.10015720061931,0.416194546575582,-0.544325627265013,1.49151555747151,0.683355537764467
"9702",0.469281061564018,-0.48961689241782,0.539549146255902,0.0886609485929665,0.395623383463885,-0.396826729564824
"9704",-0.36749954571093,0.162510079839811,0.362945919636808,-0.753813668392903,-0.315198277746483,-0.553983088489157
"9705",-0.0195963296297108,-0.467006787771259,0.356855152203321,0.113983769232207,0.966013073020958,-0.715082249835742
"9706",-0.520696200833671,0.207836513853041,0.643266006497338,0.607794814330896,0.063687072579233,0.500228400264287
"9707",-0.292536550763818,-0.0877726003311019,-1.32826748194081,-0.293866716565812,-0.0541370407962202,-0.952381059783962
"9709",-0.595659195780783,0.458119194023954,0.582140622409021,0.253614610956441,0.395623383463885,-0.396826729564824
"9712",2.38929513722343,0.259407762819412,0.491633097344126,0.28600651064165,-0.225765637453702,0.898702028062385
"9713",-0.350949117482305,0.243043842749189,0.354692583184231,-0.635569369421799,0.256133634223593,-0.0201135101604785
"9714",-0.292536550763818,-0.0877726003311019,-1.15404021161893,-0.0607393005310451,0.278315941273523,-0.743983513309467
"9715",-0.623889338616413,0.622278030189346,0.519017597512643,0.591010173482356,0.364279136013886,-0.342743448079227
"9716",-0.0195963296297108,-0.467006787771259,-1.2072888385577,-0.270227341658935,0.0665929895037224,-0.618533926608241
"9718",-0.292536550763818,-0.0877726003311019,0.282143853635429,-0.528785738347718,-0.256016507662428,0.531469884482813
"9719",-0.247755979699564,-0.171397673587116,0.51010912286156,0.00713276823875158,-0.482150996146607,-0.181671597245238
"9721",0.511179957669733,-0.486328867604468,-0.445374379491566,-0.255539815386446,-0.19789083555612,-0.206826304744514
"9722",-0.0195963296297108,-0.467006787771259,0.238697510652113,-0.770598309241443,-0.226450258029085,-0.135750667928618
"9723",-0.350949117482305,0.243043842749189,-1.09181099602692,0.21806707195248,-0.184464849636443,0.0941188812837757
"9724",1.29167073114985,-0.855243995609898,0.362945919636808,-0.753813668392903,0.328904703784956,0.706940473292463
"9725",1.61095389993784,2.18568503642981,0.349675007345161,1.83114757975037,1.5536217524239,-0.295815696575344
"9727",1.22821699893331,-0.804548086435172,0.416194546575582,-0.544325627265013,0.14456554432372,0.315826078327193
"9728",-0.53220546356425,0.407423284849228,0.477319930663898,-0.190145423890558,-0.153120602186443,0.0400355997981796
"9730",-0.292536550763818,-0.0877726003311019,0.415300737271207,0.0718763077444268,-0.438173209798886,-0.0103010812273913
"9732",0.697440711633871,-0.785226006601963,0.416194546575582,-0.544325627265013,0.22331016623102,0.419803662290521
"9735",3.08692687857072,1.55253462358175,-1.2072888385577,-0.270227341658935,-0.162282542586513,-0.629751121865213
"9737",0.739339607739586,-0.781937981788611,0.36591420253062,-0.601029173724901,-0.699234446749148,0.388096890067413
"9738",-0.53220546356425,0.407423284849228,0.457892213424327,0.236829970107901,-0.30123442479495,0.222752448288955
"9739",-0.595659195780783,0.458119194023954,0.416921798776234,-0.356762996938274,1.05249293894641,0.791610491698103
"9740",0.697440711633871,-0.785226006601963,0.219914638043425,-0.807592110831242,0.139364059065086,0.108520056844701
"9741",-0.184302247483032,-0.222093582761843,0.643266006497338,0.607794814330896,-0.374005494356314,-0.504301535163987
"9745",-0.247755979699564,-0.171397673587116,0.238697510652113,-0.770598309241443,-0.337380584796413,0.169886914659831
"9746",1.29167073114985,-0.855243995609898,0.238697510652113,-0.770598309241443,0.585164028183756,0.201593686882939
"9747",-0.292536550763818,-0.0877726003311019,0.353071521679203,-0.206930064739098,0.754290121251157,-0.589632663134516
"9749",-0.184302247483032,-0.222093582761843,0.478423762167585,-0.265519254781489,-0.79435650581772,-0.337091836737373
"9751",-0.292536550763818,-0.0877726003311019,0.643266006497338,0.607794814330896,0.364279136013886,-0.342743448079227
"9752",-0.520696200833671,0.207836513853041,-0.279428303658126,0.542400422835008,-0.153120602186443,0.0400355997981796
"9753",-0.0195963296297108,-0.467006787771259,0.437945702078082,-0.354547331007212,0.585164028183756,0.201593686882939
"9755",-0.292536550763818,-0.0877726003311019,-1.22607171116639,-0.307221143248734,0.386461443063816,-1.06661345122822
"9756",-0.247755979699564,-0.171397673587116,0.238697510652113,-0.770598309241443,-0.546318711589179,0.312328856691358
"9759",-0.0195963296297108,-0.467006787771259,-1.15404021161893,-0.0607393005310451,0.0277959691652128,0.444459645332372
"9760",1.67225809595985,0.577626981650116,-1.22607171116639,-0.307221143248734,0.16674785137365,-0.408043924821796
"9763",0.574633689886265,-0.537024776779195,-1.22607171116639,-0.307221143248734,-0.184464849636443,0.0941188812837757
"9766",0.913322158590549,0.892558175667467,-0.49862300643034,-0.465027856514335,-0.79435650581772,-0.337091836737373
"9769",-0.457242468617139,0.157140604678315,0.550078682412012,0.24389904915387,-0.153120602186443,0.0400355997981796
"9770",-0.247755979699564,-0.171397673587116,0.418874345596012,-0.148037962402779,0.0138321162136806,-0.33227589144574
"9771",-0.247755979699564,-0.171397673587116,0.437051892773707,0.261654604002228,-0.482150996146607,-0.181671597245238
"9772",-0.698852333563524,0.87256071036026,0.488953298323696,-0.110281154220585,-0.482150996146607,-0.181671597245238
"9773",-0.350949117482305,0.243043842749189,0.435704671384922,-0.319769195348475,0.205546135600828,-0.152770333771513
"9775",-0.247755979699564,-0.171397673587116,-1.15404021161893,-0.0607393005310451,-0.0763193478461505,-0.228511056634973
"9776",-0.0195963296297108,-0.467006787771259,-1.2072888385577,-0.270227341658935,-0.109142815838723,0.211406115816026
"9777",0.469281061564018,-0.48961689241782,0.238697510652113,-0.770598309241443,-0.562295661745213,0.62115041958376
"9778",-0.350949117482305,0.243043842749189,-1.06012563533295,0.49071909497272,0.360248951234956,0.652857191806867
"9779",-0.595659195780783,0.458119194023954,0.490905845143474,0.0984438803149106,-0.529493827300129,0.378615814242641
"9780",-0.0195963296297108,-0.467006787771259,-1.22607171116639,-0.307221143248734,-0.482150996146607,-0.181671597245238
"9781",-0.0195963296297108,-0.467006787771259,0.384697075139308,-0.564035372135102,-0.364162009452721,0.854099822401562
"9782",0.405095190583477,1.20535426043124,0.241665793545925,-0.617813814573442,0.0138321162136806,-0.33227589144574
"9783",-0.247755979699564,-0.171397673587116,0.416194546575582,-0.544325627265013,-0.546318711589179,0.312328856691358
"9784",1.18343642786906,-0.720923013179157,-0.988094135785487,0.737200937690409,0.287477881673593,-0.0741967916460746
"9786",-0.623889338616413,0.622278030189346,0.478423762167585,-0.265519254781489,-0.482150996146607,-0.181671597245238
"9788",-0.698852333563524,0.87256071036026,0.34416304702812,-0.790807469982703,-0.370204052788985,0.609804087110831
"9789",-0.247755979699564,-0.171397673587116,0.300926726244117,-0.491791936757918,0.00200279890509807,0.474632165121208
"9790",-0.53220546356425,0.407423284849228,0.574129297797463,1.01772087492476,0.901845357578386,-0.221081795899146
"9793",-0.595659195780783,0.458119194023954,0.53186027836406,0.196911064496553,0.16674785137365,-0.408043924821796
"9798",2.36988983730714,1.87075384241246,0.35417535318289,-0.282303895630029,0.693309529974049,-0.12103625103581
"9800",-0.520696200833671,0.207836513853041,0.643266006497338,0.607794814330896,-0.482150996146607,-0.181671597245238
"9801",-0.0195963296297108,-0.467006787771259,-1.09181099602692,0.21806707195248,-0.0763193478461505,-0.228511056634973
"9803",0.739339607739586,-0.781937981788611,0.667381457133024,1.05162221909727,0.14456554432372,0.315826078327193
"9804",-0.184302247483032,-0.222093582761843,-1.15404021161893,-0.0607393005310451,0.22331016623102,0.419803662290521
"9806",-0.184302247483032,-0.222093582761843,0.362945919636808,-0.753813668392903,-0.374005494356314,-0.504301535163987
"9807",-0.184302247483032,-0.222093582761843,0.594660846540722,0.51537165003537,-0.482150996146607,-0.181671597245238
"9808",3.08692687857072,1.55253462358175,-0.92696875169717,1.09138114106486,0.0665929895037224,-0.618533926608241
"9814",-0.0195963296297108,-0.467006787771259,-1.03068561193861,0.572247275326935,0.543178619791114,-0.0282758623294542
"9815",-0.53220546356425,0.407423284849228,0.356855152203321,0.113983769232207,-0.162282542586513,-0.629751121865213
"9816",-0.457242468617139,0.157140604678315,0.563664596891588,0.532488353359339,-0.162282542586513,-0.629751121865213
"9818",-0.36749954571093,0.162510079839811,0.369927201760366,0.0748045054080335,-0.482150996146607,-0.181671597245238
"9819",-0.184302247483032,-0.222093582761843,-1.16384249557438,-0.0284147707652094,0.585164028183756,0.201593686882939
"9822",-0.247755979699564,-0.171397673587116,0.478423762167585,-0.265519254781489,-0.22923508300612,-0.152743023258917
"9825",-0.0195963296297108,-0.467006787771259,0.0989359946603178,-0.83123148573812,0.313691637391121,-0.475400271690262
"9827",-0.0195963296297108,-0.467006787771259,-1.34705035454949,-0.330860518155611,0.633560090951214,-0.923479796310237
"9829",-0.247755979699564,-0.171397673587116,0.519017597512643,0.591010173482356,0.217336613885083,1.04288006178014
"9831",-0.53220546356425,0.407423284849228,0.643266006497338,0.607794814330896,-0.374005494356314,-0.504301535163987
"9832",-0.247755979699564,-0.171397673587116,0.415300737271207,0.0718763077444268,-0.374005494356314,-0.504301535163987
"9833",-0.0195963296297108,-0.467006787771259,-1.09291482753061,0.29344090284341,-0.162282542586513,-0.629751121865213
"9835",-0.247755979699564,-0.171397673587116,0.362945919636808,-0.753813668392903,-0.00835019083624964,0.391594111703249
"9836",-0.0195963296297108,-0.467006787771259,0.294625936611317,-0.164822603251318,-0.11169378007508,0.821172864736717
"9837",0.135046598752884,0.307346836171995,0.457892213424327,0.236829970107901,-0.482150996146607,-0.181671597245238
"9839",-0.184302247483032,-0.222093582761843,0.416194546575582,-0.544325627265013,0.0665929895037224,-0.618533926608241
"9840",0.469281061564018,-0.48961689241782,0.34416304702812,-0.790807469982703,-0.482150996146607,-0.181671597245238
"9842",-0.0195963296297108,-0.467006787771259,0.60360329403814,0.686896077408476,-0.162282542586513,-0.629751121865213
"9847",-0.247755979699564,-0.171397673587116,0.595349957585562,0.80514037637958,0.0803978288811474,0.809826532263789
"9849",-0.53220546356425,0.407423284849228,0.487849466820009,-0.0349073233296545,0.278317205162192,0.574283649681429
"9850",0.739339607739586,-0.781937981788611,0.34416304702812,-0.790807469982703,0.0138321162136806,-0.33227589144574
"9851",-0.247755979699564,-0.171397673587116,-0.517405879039027,-0.502021658104135,-0.635066731306576,-0.105903563869182
"9855",-0.520696200833671,0.207836513853041,0.783618541506161,1.83251312391413,0.198007962117285,0.718182679066848
"9857",0.739339607739586,-0.781937981788611,0.540768753015143,0.780788469740158,-0.438173209798886,-0.0103010812273913
"9859",-0.520696200833671,0.207836513853041,0.478423762167585,-0.265519254781489,-0.217288317629016,0.534036053734775
"9860",-0.520696200833671,0.207836513853041,-1.21389347091372,0.269801527936533,-0.23326526778505,0.842857616627177
"9862",1.22821699893331,-0.804548086435172,0.582140622409021,0.253614610956441,0.0665929895037224,-0.618533926608241
"9863",-0.350949117482305,0.243043842749189,0.77308900535005,1.67727502335322,-0.526404558331192,0.676919174515674
"9865",-0.698852333563524,0.87256071036026,0.730658398440769,1.379521912592,-0.482150996146607,-0.181671597245238
"9866",-0.350949117482305,0.243043842749189,-0.266908079526426,0.804157461913938,-0.167639965347394,0.160405838835059
"9869",-0.184302247483032,-0.222093582761843,0.238697510652113,-0.770598309241443,0.214148225830951,-0.249983059372872
"9870",-0.0195963296297108,-0.467006787771259,0.406392262620124,-0.512001097499178,0.0665929895037224,-0.618533926608241
"9871",-0.520696200833671,0.207836513853041,0.528891995470248,0.0441265698285513,-0.858524221260292,0.156908617199223
"9872",0.581969370737954,1.60260880618791,-1.09181099602692,0.21806707195248,0.69382620115914,0.984416425267795
"9874",0.678035411717584,0.826120072991082,-1.2072888385577,-0.270227341658935,-0.79435650581772,-0.337091836737373
"9875",-0.520696200833671,0.207836513853041,0.238697510652113,-0.770598309241443,-0.465326111857557,-0.115384639693955
"9878",-0.0195963296297108,-0.467006787771259,-1.2072888385577,-0.270227341658935,-0.366342550467334,-1.1078012992761
"9882",-0.292536550763818,-0.0877726003311019,0.35417535318289,-0.282303895630029,0.14456554432372,0.315826078327193
"9883",-0.457242468617139,0.157140604678315,0.51010912286156,0.00713276823875158,-0.635066731306576,-0.105903563869182
"9884",1.61095389993784,2.18568503642981,0.416194546575582,-0.544325627265013,0.395623383463885,-0.396826729564824
"9885",-0.520696200833671,0.207836513853041,0.291946137590887,-0.561110268113553,-0.482150996146607,-0.181671597245238
"9887",-0.292536550763818,-0.0877726003311019,0.665017161999838,0.797573110588697,-0.409379926585243,0.545382386207703
"9890",1.45637664900317,-1.10015720061931,0.519017597512643,0.591010173482356,0.766080599535412,0.606017732417132
"9892",-0.247755979699564,-0.171397673587116,-1.03780312724579,0.720151604285814,-0.105720227729143,0.198096465247103
"9893",-0.184302247483032,-0.222093582761843,0.783618541506161,1.83251312391413,-0.496670359307557,-0.0613013582083589
"9894",0.330132195636365,1.45563694060215,0.499886433796703,0.167762211670546,0.360248951234956,0.652857191806867
"9895",-0.595659195780783,0.458119194023954,0.643266006497338,0.607794814330896,0.278317205162192,0.574283649681429
"9897",1.45637664900317,-1.10015720061931,0.291946137590887,-0.561110268113553,-0.337380584796413,0.169886914659831
"9899",-0.0195963296297108,-0.467006787771259,0.219914638043425,-0.807592110831242,-0.374005494356314,-0.504301535163987
"9900",0.511179957669733,-0.486328867604468,-1.09181099602692,0.21806707195248,-0.0415525122865705,-0.295903988689492
"9901",-0.623889338616413,0.622278030189346,0.416194546575582,-0.544325627265013,-0.337380584796413,0.169886914659831
"9902",-0.184302247483032,-0.222093582761843,0.539549146255902,0.0886609485929665,0.0665929895037224,-0.618533926608241
"9903",0.574633689886265,-0.537024776779195,-1.22607171116639,-0.307221143248734,-0.395506256902721,0.908183103887158
"9904",0.739339607739586,-0.781937981788611,-1.15404021161893,-0.0607393005310451,-0.217288317629016,0.534036053734775
"9906",-0.247755979699564,-0.171397673587116,-1.04134276272426,0.52771289656252,-0.482150996146607,-0.181671597245238
"9907",0.405095190583477,1.20535426043124,0.139470022771505,-0.604459387890519,-0.474488052257626,-0.785171361357347
"9909",0.739339607739586,-0.781937981788611,0.362945919636808,-0.753813668392903,-0.22923508300612,-0.152743023258917
"9911",-0.623889338616413,0.622278030189346,0.481103561188016,0.130768410080746,-0.153120602186443,0.0400355997981796
"9913",-0.292536550763818,-0.0877726003311019,-1.2072888385577,-0.270227341658935,0.141378420158256,0.341230120165083
"9914",-0.247755979699564,-0.171397673587116,0.51010912286156,0.00713276823875158,-0.262058550998692,0.287174149192082
"9918",-0.36749954571093,0.162510079839811,0.624789980979904,0.886668556733794,-0.112262712902528,-0.214084870556636
"9924",0.739339607739586,-0.781937981788611,-1.22607171116639,-0.307221143248734,-0.226450258029085,-0.135750667928618
"9926",1.45637664900317,-1.10015720061931,0.499886433796703,0.167762211670546,-0.248632565079016,0.588119335220371
"9928",-0.247755979699564,-0.171397673587116,0.362945919636808,-0.753813668392903,0.325482115675376,0.720250123861386
"9930",1.61095389993784,2.18568503642981,-0.218302919569809,0.896580626209464,0.718369384349238,-0.693267827284439
"9931",0.574633689886265,-0.537024776779195,0.373475455792918,-0.598575567831999,-0.184464849636443,0.0941188812837757
"9933",-0.184302247483032,-0.222093582761843,0.418874345596012,-0.148037962402779,0.901845357578386,-0.221081795899146
"9940",1.45637664900317,-1.10015720061931,0.435704671384922,-0.319769195348475,-0.217288317629016,0.534036053734775
"9942",0.532734793780551,-0.540312801592546,-1.09181099602692,0.21806707195248,-0.357180610067264,-0.438014577612704
"9943",1.22821699893331,-0.804548086435172,0.416194546575582,-0.544325627265013,-0.184464849636443,0.0941188812837757
"9945",-0.520696200833671,0.207836513853041,0.34416304702812,-0.790807469982703,-0.482150996146607,-0.181671597245238
"9948",-0.623889338616413,0.622278030189346,0.519017597512643,0.591010173482356,-0.482150996146607,-0.181671597245238
"9951",-0.623889338616413,0.622278030189346,0.643266006497338,0.607794814330896,-0.635066731306576,-0.105903563869182
"9952",-0.0195963296297108,-0.467006787771259,-1.03780312724579,0.720151604285814,0.386461443063816,-1.06661345122822
"9953",-0.0195963296297108,-0.467006787771259,0.35417535318289,-0.282303895630029,-0.248632565079016,0.588119335220371
"9955",-0.0195963296297108,-0.467006787771259,0.375638024812008,0.150977570822006,-0.635066731306576,-0.105903563869182
"9956",-0.623889338616413,0.622278030189346,-1.2072888385577,-0.270227341658935,-0.315198277746483,-0.553983088489157
"9957",-0.292536550763818,-0.0877726003311019,-1.32826748194081,-0.293866716565812,-0.162282542586513,-0.629751121865213
"9959",0.739339607739586,-0.781937981788611,-0.988094135785487,0.737200937690409,1.18523640338873,0.773036072865413
"9961",-0.247755979699564,-0.171397673587116,0.406392262620124,-0.512001097499178,-0.482150996146607,-0.181671597245238
"9962",-0.623889338616413,0.622278030189346,0.362945919636808,-0.753813668392903,0.287477881673593,-0.0741967916460746
"9964",0.511179957669733,-0.486328867604468,-1.1450596229657,0.00857903082459028,0.351087010834887,-0.0169295298565255
"9965",-0.623889338616413,0.622278030189346,0.252496812409811,-0.622214942738876,-0.482150996146607,-0.181671597245238
"9966",-0.520696200833671,0.207836513853041,0.353071521679203,-0.206930064739098,-0.482150996146607,-0.181671597245238
"9967",0.511179957669733,-0.486328867604468,0.643266006497338,0.607794814330896,0.69382620115914,0.984416425267795
"9968",-0.247755979699564,-0.171397673587116,-0.92696875169717,1.09138114106486,-0.562295661745213,0.62115041958376
"9969",0.511179957669733,-0.486328867604468,-1.1450596229657,0.00857903082459028,0.141378420158256,0.341230120165083
"9970",-0.247755979699564,-0.171397673587116,0.362945919636808,-0.753813668392903,-0.248632565079016,0.588119335220371
"9971",-0.623889338616413,0.622278030189346,0.51010912286156,0.00713276823875158,-0.19789083555612,-0.206826304744514
"9972",-0.457242468617139,0.157140604678315,0.708907242938269,1.1897436163342,0.278315941273523,-0.743983513309467
"9976",-0.520696200833671,0.207836513853041,-0.92696875169717,1.09138114106486,0.217336613885083,1.04288006178014
"9981",2.38929513722343,0.259407762819412,-1.2072888385577,-0.270227341658935,1.40354176806248,0.360486260348298
"9983",-0.623889338616413,0.622278030189346,0.656851920976913,0.896384118536365,-0.635066731306576,-0.105903563869182
"9985",-0.0195963296297108,-0.467006787771259,0.34416304702812,-0.790807469982703,-0.226450258029085,-0.135750667928618
"9987",0.0931477026471694,0.304058811358643,0.34416304702812,-0.790807469982703,-0.374005494356314,-0.504301535163987
"9988",0.697440711633871,-0.785226006601963,-1.2072888385577,-0.270227341658935,1.59560716081654,-0.065946147362951
"9989",-0.520696200833671,0.207836513853041,-0.92696875169717,1.09138114106486,-0.184464849636443,0.0941188812837757
"9993",0.697440711633871,-0.785226006601963,-1.1450596229657,0.00857903082459028,0.252711046114013,-0.00680385959155561
"9995",-0.520696200833671,0.207836513853041,0.425175135228812,-0.475007295909378,-0.248632565079016,0.588119335220371
"9999",2.15400839035046,0.192969660143027,0.490012035839099,0.714645815324351,0.718369384349238,-0.693267827284439
"10000",-0.247755979699564,-0.171397673587116,0.373475455792918,-0.598575567831999,-0.546318711589179,0.312328856691358
"10001",-0.350949117482305,0.243043842749189,0.656851920976913,0.896384118536365,-0.482150996146607,-0.181671597245238
"10002",-0.184302247483032,-0.222093582761843,0.34416304702812,-0.790807469982703,-0.315198277746483,-0.553983088489157
"10005",1.45637664900317,-1.10015720061931,0.595349957585562,0.80514037637958,0.458462048741315,-0.123841759785192
"10007",-0.457242468617139,0.157140604678315,-1.2072888385577,-0.270227341658935,0.715491837023979,-0.844906254184799
"10008",-0.292536550763818,-0.0877726003311019,0.238697510652113,-0.770598309241443,-0.526404558331192,0.676919174515674
"10009",1.29167073114985,-0.855243995609898,-1.2072888385577,-0.270227341658935,-0.184464849636443,0.0941188812837757
"10010",-0.292536550763818,-0.0877726003311019,0.34416304702812,-0.790807469982703,0.239518920935014,0.319010058631146
"10011",0.739339607739586,-0.781937981788611,0.519017597512643,0.591010173482356,0.0665929895037224,-0.618533926608241
"10016",-0.247755979699564,-0.171397673587116,0.385860713876865,-0.00965187260978815,-0.153120602186443,0.0400355997981796
"10017",-0.457242468617139,0.157140604678315,0.385860713876865,-0.00965187260978815,-0.206536104771099,0.228839649895699
"10018",2.15400839035046,0.192969660143027,0.300926726244117,-0.491791936757918,0.69382620115914,0.984416425267795
"10020",0.0931477026471694,0.304058811358643,-1.32826748194081,-0.293866716565812,1.01660183553239,0.735841736766189
"10021",-0.53220546356425,0.407423284849228,-1.1450596229657,0.00857903082459028,-0.0415525122865705,-0.295903988689492
"10022",-0.0195963296297108,-0.467006787771259,-1.2072888385577,-0.270227341658935,1.07415857481125,-1.03771218775449
"10023",-0.0195963296297108,-0.467006787771259,0.35417535318289,-0.282303895630029,-0.0415525122865705,-0.295903988689492
"10024",0.739339607739586,-0.781937981788611,0.238697510652113,-0.770598309241443,-0.00835019083624964,0.391594111703249
"10025",-0.457242468617139,0.157140604678315,0.61413283019425,0.84213417796938,-0.374005494356314,-0.504301535163987
"10026",-0.247755979699564,-0.171397673587116,0.34416304702812,-0.790807469982703,-0.0449751003961507,-0.282594338120569
"10027",-0.0195963296297108,-0.467006787771259,0.362945919636808,-0.753813668392903,-0.374005494356314,-0.504301535163987
"10028",0.913322158590549,0.892558175667467,0.71797730506523,1.25056432191082,-0.438173209798886,-0.0103010812273913
"10030",0.739339607739586,-0.781937981788611,0.520638659017671,0.162370868799656,0.214148225830951,-0.249983059372872
"10031",-0.247755979699564,-0.171397673587116,-0.445374379491566,-0.255539815386446,-0.79435650581772,-0.337091836737373
"10035",-0.457242468617139,0.157140604678315,0.35417535318289,-0.282303895630029,0.68011740479505,0.204777667186892
"10037",0.913322158590549,0.892558175667467,0.34416304702812,-0.790807469982703,0.395623383463885,-0.396826729564824
"10038",-0.0195963296297108,-0.467006787771259,-1.1450596229657,0.00857903082459028,0.16674785137365,-0.408043924821796
"10039",-0.0195963296297108,-0.467006787771259,0.34416304702812,-0.790807469982703,0.278315941273523,-0.743983513309467
"10040",1.45637664900317,-1.10015720061931,0.291946137590887,-0.561110268113553,0.287477881673593,-0.0741967916460746
"10096",-0.292536550763818,-0.0877726003311019,0.643266006497338,0.607794814330896,0.278315941273523,-0.743983513309467
"10097",-0.520696200833671,0.207836513853041,-1.04134276272426,0.52771289656252,-0.217288317629016,0.534036053734775
"10098",1.22821699893331,-0.804548086435172,-1.2072888385577,-0.270227341658935,0.0644208787251139,1.11864809515619
"10099",-0.520696200833671,0.207836513853041,0.406392262620124,-0.512001097499178,-0.635066731306576,-0.105903563869182
"10100",-0.247755979699564,-0.171397673587116,0.653795542653449,0.7630329148918,-0.482150996146607,-0.181671597245238
"10102",-0.457242468617139,0.157140604678315,-0.92696875169717,1.09138114106486,0.16674785137365,-0.408043924821796
"10104",-0.247755979699564,-0.171397673587116,0.582140622409021,0.253614610956441,-0.418259056540899,0.354289236596925
"10105",-0.0195963296297108,-0.467006787771259,0.416194546575582,-0.544325627265013,-0.0725179062788219,0.885594565639845
"10106",-0.247755979699564,-0.171397673587116,0.582140622409021,0.253614610956441,-0.0763193478461505,-0.228511056634973
"10107",-0.292536550763818,-0.0877726003311019,0.300926726244117,-0.491791936757918,-0.315198277746483,-0.553983088489157
"10111",-0.247755979699564,-0.171397673587116,-0.988094135785487,0.737200937690409,0.585164028183756,0.201593686882939
"10112",-0.520696200833671,0.207836513853041,0.457455826887422,-0.129990899090673,-0.30123442479495,0.222752448288955
"10113",1.22821699893331,-0.804548086435172,0.478423762167585,-0.265519254781489,0.217336613885083,1.04288006178014
"10115",-0.292536550763818,-0.0877726003311019,-0.322019779811246,0.377446760471534,0.607346335233686,-0.52227631626605
"10116",-0.184302247483032,-0.222093582761843,0.425175135228812,-0.475007295909378,-0.482150996146607,-0.181671597245238
"10117",-0.457242468617139,0.157140604678315,-1.32826748194081,-0.293866716565812,-0.162282542586513,-0.629751121865213
"10119",-0.595659195780783,0.458119194023954,-1.04134276272426,0.52771289656252,0.611377783901284,-0.199609793161248
"10120",-0.184302247483032,-0.222093582761843,0.643266006497338,0.607794814330896,-0.306036337346413,0.115803633174235
"10121",1.45637664900317,-1.10015720061931,0.34416304702812,-0.790807469982703,-0.162282542586513,-0.629751121865213
"10122",-0.247755979699564,-0.171397673587116,-1.22607171116639,-0.307221143248734,-0.482150996146607,-0.181671597245238
"10126",-0.0195963296297108,-0.467006787771259,0.519017597512643,0.591010173482356,0.287477881673593,-0.0741967916460746
"10129",-0.292536550763818,-0.0877726003311019,0.354692583184231,-0.635569369421799,-0.482150996146607,-0.181671597245238
"10133",1.45637664900317,-1.10015720061931,0.457892213424327,0.236829970107901,1.00089724392749,0.381921677900144
"10134",-0.520696200833671,0.207836513853041,0.35417535318289,-0.282303895630029,-0.562295661745213,0.62115041958376
"10135",-0.0195963296297108,-0.467006787771259,0.499886433796703,0.167762211670546,-0.118304756238792,-0.458380605847367
"10137",-0.0195963296297108,-0.467006787771259,0.435704671384922,-0.319769195348475,0.214148225830951,-0.249983059372872
"10140",-0.698852333563524,0.87256071036026,0.373475455792918,-0.598575567831999,0.607346335233686,-0.52227631626605
"10141",1.45637664900317,-1.10015720061931,0.354692583184231,-0.635569369421799,0.256133634223593,-0.0201135101604785
"10142",0.739339607739586,-0.781937981788611,0.219914638043425,-0.807592110831242,0.256133634223593,-0.0201135101604785
"10144",-0.595659195780783,0.458119194023954,-1.1450596229657,0.00857903082459028,0.102580135931078,0.0859565291148
"10145",-0.595659195780783,0.458119194023954,0.260448666154613,-0.580820012983642,0.252711046114013,-0.00680385959155561
"10146",-0.184302247483032,-0.222093582761843,0.418874345596012,-0.148037962402779,-0.153120602186443,0.0400355997981796
"10147",-0.292536550763818,-0.0877726003311019,0.37592650868539,-0.0925255993722273,-0.409379926585243,0.545382386207703
"10148",-0.292536550763818,-0.0877726003311019,0.356341287280791,-0.213784798797435,-0.546318711589179,0.312328856691358
"10149",-0.292536550763818,-0.0877726003311019,0.34416304702812,-0.790807469982703,0.16674785137365,-0.408043924821796
"10151",-0.0195963296297108,-0.467006787771259,0.477319930663898,-0.190145423890558,0.607346335233686,-0.52227631626605
"10152",-0.247755979699564,-0.171397673587116,0.540768753015143,0.780788469740158,-0.153120602186443,0.0400355997981796
"10153",0.739339607739586,-0.781937981788611,0.300926726244117,-0.491791936757918,0.0138321162136806,-0.33227589144574
"10154",-0.292536550763818,-0.0877726003311019,0.322677881746616,-0.302013640500117,0.901845357578386,-0.221081795899146
"10155",-0.457242468617139,0.157140604678315,0.519017597512643,0.591010173482356,0.657935097745119,0.928647670335881
"10156",0.739339607739586,-0.781937981788611,0.477319930663898,-0.190145423890558,-0.184464849636443,0.0941188812837757
"10160",-0.0195963296297108,-0.467006787771259,0.593728896080535,1.23377968106228,-0.0444584292110597,0.822858338183036
"10161",-0.0195963296297108,-0.467006787771259,0.406392262620124,-0.512001097499178,-0.315198277746483,-0.553983088489157
"10163",-0.0195963296297108,-0.467006787771259,0.550643150972748,0.233904866086352,-0.474488052257626,-0.785171361357347
"10166",-0.0195963296297108,-0.467006787771259,0.429403881752123,0.00720013815812524,0.543178619791114,-0.0282758623294542
"10168",-0.698852333563524,0.87256071036026,0.643266006497338,0.607794814330896,-0.482150996146607,-0.181671597245238
"10169",-0.0195963296297108,-0.467006787771259,0.550078682412012,0.24389904915387,0.274893353163943,-0.730673862740544
"10170",-0.623889338616413,0.622278030189346,0.77308900535005,1.67727502335322,0.287477881673593,-0.0741967916460746
"10172",-0.184302247483032,-0.222093582761843,-1.1450596229657,0.00857903082459028,-0.482150996146607,-0.181671597245238
"10175",1.63035919985413,0.574338956836764,0.665017161999838,0.797573110588697,0.607346335233686,-0.52227631626605
"10177",-0.457242468617139,0.157140604678315,0.460572012444757,0.633117634970136,0.646144619460864,-0.267002725215767
"10179",-0.0195963296297108,-0.467006787771259,-1.22607171116639,-0.307221143248734,0.607346335233686,-0.52227631626605
"10180",0.678035411717584,0.826120072991082,-0.87185705141235,1.51809184250727,0.966013073020958,-0.715082249835742
"10181",1.67225809595985,0.577626981650116,-1.34705035454949,-0.330860518155611,-0.153120602186443,0.0400355997981796
"10182",-0.36749954571093,0.162510079839811,0.490012035839099,0.714645815324351,-0.0803495326250798,0.767089583251121
"10183",-0.247755979699564,-0.171397673587116,0.415300737271207,0.0718763077444268,-0.153120602186443,0.0400355997981796
"10187",-0.184302247483032,-0.222093582761843,-1.04134276272426,0.52771289656252,0.161292573416242,0.705820437989399
"10188",-0.0195963296297108,-0.467006787771259,-0.92696875169717,1.09138114106486,-0.264609515235049,0.896940898112773
"10189",3.08692687857072,1.55253462358175,0.300926726244117,-0.491791936757918,-0.0415525122865705,-0.295903988689492
"10191",-0.292536550763818,-0.0877726003311019,0.488953298323696,-0.110281154220585,0.386461443063816,-1.06661345122822
"10194",-0.698852333563524,0.87256071036026,0.582140622409021,0.253614610956441,-0.153120602186443,0.0400355997981796
"10195",0.366087923781277,-0.0751753760815146,0.35417535318289,-0.282303895630029,0.205546135600828,-0.152770333771513
"10196",-0.184302247483032,-0.222093582761843,0.643266006497338,0.607794814330896,0.14456554432372,0.315826078327193
"10200",-0.0195963296297108,-0.467006787771259,-0.92696875169717,1.09138114106486,0.16674785137365,-0.408043924821796
"10201",-0.457242468617139,0.157140604678315,0.219914638043425,-0.807592110831242,0.278315941273523,-0.743983513309467
"10202",-0.184302247483032,-0.222093582761843,0.519017597512643,0.591010173482356,-0.546318711589179,0.312328856691358
"10204",-0.0195963296297108,-0.467006787771259,0.322677881746616,-0.302013640500117,1.01603290270494,-0.299415998527165
"10205",-0.595659195780783,0.458119194023954,0.404643586485553,0.0273419289800116,-0.211246274292752,0.778331789025506
"10206",-0.292536550763818,-0.0877726003311019,0.354692583184231,-0.635569369421799,-0.0803495326250798,0.767089583251121
"10207",2.15400839035046,0.192969660143027,-1.34705035454949,-0.330860518155611,-0.162282542586513,-0.629751121865213
"10208",-0.247755979699564,-0.171397673587116,-1.22607171116639,-0.307221143248734,-0.482150996146607,-0.181671597245238
"10209",-0.184302247483032,-0.222093582761843,-1.22607171116639,-0.307221143248734,-0.184464849636443,0.0941188812837757
"10211",-0.520696200833671,0.207836513853041,0.698377706782158,1.0345055157733,-0.635066731306576,-0.105903563869182
"10212",-0.0195963296297108,-0.467006787771259,-0.218302919569809,0.896580626209464,0.16674785137365,-0.408043924821796
"10213",-0.0195963296297108,-0.467006787771259,0.584820421429452,0.649902275818676,-0.184464849636443,0.0941188812837757
"10214",0.301693468752157,-0.157790589339037,-0.988094135785487,0.737200937690409,-0.23326526778505,0.842857616627177
"10215",-0.457242468617139,0.157140604678315,0.528891995470248,0.0441265698285513,-0.162282542586513,-0.629751121865213
"10217",0.532734793780551,-0.540312801592546,0.425175135228812,-0.475007295909378,-0.184464849636443,0.0941188812837757
"10218",0.685162508520696,1.18816728985161,-0.87185705141235,1.51809184250727,-0.374005494356314,-0.504301535163987
"10219",-0.0195963296297108,-0.467006787771259,0.373475455792918,-0.598575567831999,0.351087010834887,-0.0169295298565255
"10223",-0.36749954571093,0.162510079839811,0.238697510652113,-0.770598309241443,0.90788740091465,0.023213939391584
"10226",-0.247755979699564,-0.171397673587116,0.425175135228812,-0.475007295909378,-0.184464849636443,0.0941188812837757
"10227",-0.0195963296297108,-0.467006787771259,0.460572012444757,0.633117634970136,0.657935097745119,0.928647670335881
"10229",0.739339607739586,-0.781937981788611,0.478423762167585,-0.265519254781489,0.461246873718349,-0.106849404454892
"10230",-0.184302247483032,-0.222093582761843,-1.09291482753061,0.29344090284341,-0.635066731306576,-0.105903563869182
"10233",-0.520696200833671,0.207836513853041,0.34416304702812,-0.790807469982703,-0.105720227729143,0.198096465247103
"10235",-0.0195963296297108,-0.467006787771259,-0.351459803205588,0.295918580117319,-0.635066731306576,-0.105903563869182
"10237",1.18343642786906,-0.720923013179157,-1.22607171116639,-0.307221143248734,-0.0449751003961507,-0.282594338120569
"10238",-0.698852333563524,0.87256071036026,0.582140622409021,0.253614610956441,0.278315941273523,-0.743983513309467
"10241",-0.520696200833671,0.207836513853041,-1.04134276272426,0.52771289656252,0.205546135600828,-0.152770333771513
"10242",1.61095389993784,2.18568503642981,-1.1450596229657,0.00857903082459028,1.03823783790933,-1.14134735190441
"10245",-0.292536550763818,-0.0877726003311019,-1.34705035454949,-0.330860518155611,0.351087010834887,-0.0169295298565255
"10246",0.532734793780551,-0.540312801592546,0.477319930663898,-0.190145423890558,0.360248951234956,0.652857191806867
"10249",-0.0195963296297108,-0.467006787771259,0.532431630948718,0.236565277551846,0.214148225830951,-0.249983059372872
"10251",-0.184302247483032,-0.222093582761843,0.362945919636808,-0.753813668392903,-0.162282542586513,-0.629751121865213
"10252",0.739339607739586,-0.781937981788611,-1.15404021161893,-0.0607393005310451,0.525414589160922,-0.600849858391488
"10255",-0.595659195780783,0.458119194023954,0.519017597512643,0.591010173482356,0.287477881673593,-0.0741967916460746
"10256",-0.247755979699564,-0.171397673587116,0.313408809220005,-0.127828801661519,-0.153120602186443,0.0400355997981796
"10257",-0.0195963296297108,-0.467006787771259,0.384697075139308,-0.564035372135102,0.278315941273523,-0.743983513309467
"10258",1.22821699893331,-0.804548086435172,0.238697510652113,-0.770598309241443,0.364279136013886,-0.342743448079227
"10262",-0.0195963296297108,-0.467006787771259,0.593728896080535,1.23377968106228,0.68011740479505,0.204777667186892
"10263",-0.0195963296297108,-0.467006787771259,0.643266006497338,0.607794814330896,0.646144619460864,-0.267002725215767
"10265",-0.0195963296297108,-0.467006787771259,0.582140622409021,0.253614610956441,0.22331016623102,0.419803662290521
"10266",3.08692687857072,1.55253462358175,0.416921798776234,-0.356762996938274,-0.226450258029085,-0.135750667928618
"10268",-0.520696200833671,0.207836513853041,-0.87185705141235,1.51809184250727,-0.217288317629016,0.534036053734775
"10271",-0.247755979699564,-0.171397673587116,0.373475455792918,-0.598575567831999,-0.184464849636443,0.0941188812837757
"10272",-0.0195963296297108,-0.467006787771259,-0.87185705141235,1.51809184250727,-0.162282542586513,-0.629751121865213
"10273",-0.247755979699564,-0.171397673587116,-0.92696875169717,1.09138114106486,-0.409379926585243,0.545382386207703
"10278",-0.292536550763818,-0.0877726003311019,0.44818675436081,0.0441939397479249,0.607346335233686,-0.52227631626605
"10280",-0.247755979699564,-0.171397673587116,-1.1450596229657,0.00857903082459028,-0.0415525122865705,-0.295903988689492
"10281",-0.0195963296297108,-0.467006787771259,-1.22607171116639,-0.307221143248734,0.607346335233686,-0.52227631626605
"10282",-0.292536550763818,-0.0877726003311019,0.238697510652113,-0.770598309241443,0.607346335233686,-0.52227631626605
"10283",2.36988983730714,1.87075384241246,-0.384248995403249,0.0986403879880094,0.386461443063816,-1.06661345122822
"10284",-0.0195963296297108,-0.467006787771259,0.487849466820009,-0.0349073233296545,0.278315941273523,-0.743983513309467
"10287",-0.0195963296297108,-0.467006787771259,-1.1450596229657,0.00857903082459028,0.607346335233686,-0.52227631626605
"10288",-0.0195963296297108,-0.467006787771259,0.416194546575582,-0.544325627265013,-0.0895114730251495,0.0973028615877283
"10289",2.38929513722343,0.259407762819412,-0.988094135785487,0.737200937690409,0.585164028183756,0.201593686882939
"10290",-0.595659195780783,0.458119194023954,-1.06012563533295,0.49071909497272,-0.373488823171223,0.601151141139618
"10291",-0.350949117482305,0.243043842749189,0.519017597512643,0.591010173482356,-0.635066731306576,-0.105903563869182
"10292",1.61095389993784,2.18568503642981,-1.22607171116639,-0.307221143248734,0.386461443063816,-1.06661345122822
"10293",0.697440711633871,-0.785226006601963,-1.04134276272426,0.52771289656252,1.37732801234496,0.761689740392485
"10294",-0.184302247483032,-0.222093582761843,-1.06012563533295,0.49071909497272,0.306153463907577,0.395552741148099
"10295",-0.184302247483032,-0.222093582761843,-1.22607171116639,-0.307221143248734,0.0803978288811474,0.809826532263789
"10296",-0.0195963296297108,-0.467006787771259,0.582140622409021,0.253614610956441,-0.409379926585243,0.545382386207703
"10297",0.0931477026471694,0.304058811358643,-0.92696875169717,1.09138114106486,-0.540276668252915,0.556624591982088
"10298",-0.0195963296297108,-0.467006787771259,-1.1450596229657,0.00857903082459028,0.0803978288811474,0.809826532263789
"10299",-0.623889338616413,0.622278030189346,0.77308900535005,1.67727502335322,0.364795807198976,0.762709228224378
"10300",-0.457242468617139,0.157140604678315,-1.36692596966167,1.16254609496905,1.22061083561766,-0.276647848506277
"10301",0.330132195636365,1.45563694060215,-1.15404021161893,-0.0607393005310451,0.386461443063816,-1.06661345122822
"10302",0.574633689886265,-0.537024776779195,0.35417535318289,-0.282303895630029,0.520996312741184,0.695594140819535
"10303",-0.247755979699564,-0.171397673587116,-1.09181099602692,0.21806707195248,-0.0415525122865705,-0.295903988689492
"10304",-0.350949117482305,0.243043842749189,0.574129297797463,1.01772087492476,0.657935097745119,0.928647670335881
"10305",-0.292536550763818,-0.0877726003311019,0.406392262620124,-0.512001097499178,0.278315941273523,-0.743983513309467
"10306",-0.520696200833671,0.207836513853041,0.406392262620124,-0.512001097499178,0.395623383463885,-0.396826729564824
"10307",-0.0195963296297108,-0.467006787771259,0.665017161999838,0.797573110588697,-0.357180610067264,-0.438014577612704
"10308",-0.457242468617139,0.157140604678315,0.404643586485553,0.0273419289800116,0.607346335233686,-0.52227631626605
"10309",0.184831577699332,0.0892040660185241,0.415300737271207,0.0718763077444268,0.14456554432372,0.315826078327193
"10310",-0.520696200833671,0.207836513853041,0.643266006497338,0.607794814330896,-0.0415525122865705,-0.295903988689492
"10311",1.50755217810653,0.822540186659532,-1.16384249557438,-0.0284147707652094,-0.105720227729143,0.198096465247103
"10312",-0.520696200833671,0.207836513853041,-0.87185705141235,1.51809184250727,0.031218557274793,0.431149994763449
"10313",-0.623889338616413,0.622278030189346,0.519017597512643,0.591010173482356,0.718915689022228,0.460051258237175
"10314",-0.623889338616413,0.622278030189346,0.488953298323696,-0.110281154220585,-0.337380584796413,0.169886914659831
"10316",0.697440711633871,-0.785226006601963,0.354692583184231,-0.635569369421799,0.715491837023979,-0.844906254184799
"10317",-0.0195963296297108,-0.467006787771259,0.643266006497338,0.607794814330896,0.966013073020958,-0.715082249835742
"10318",-0.0195963296297108,-0.467006787771259,-0.92696875169717,1.09138114106486,-0.217288317629016,0.534036053734775
"10319",-0.292536550763818,-0.0877726003311019,-1.2072888385577,-0.270227341658935,-0.153120602186443,0.0400355997981796
"10320",-0.247755979699564,-0.171397673587116,-0.3326769305969,0.332912381707119,-0.22923508300612,-0.152743023258917
"10321",1.45637664900317,-1.10015720061931,0.223184403645013,-0.81444684488958,1.44149572778753,0.267689286455889
"10323",-0.36749954571093,0.162510079839811,-1.22607171116639,-0.307221143248734,1.01660183553239,0.735841736766189
"10324",-0.0195963296297108,-0.467006787771259,-0.92696875169717,1.09138114106486,0.607346335233686,-0.52227631626605
"10326",-0.520696200833671,0.207836513853041,0.282143853635429,-0.528785738347718,-0.306036337346413,0.115803633174235
"10327",-0.0195963296297108,-0.467006787771259,0.708907242938269,1.1897436163342,0.220190269167215,-0.00568732408214096
"10329",0.739339607739586,-0.781937981788611,-1.1450596229657,0.00857903082459028,0.607346335233686,-0.52227631626605
"10332",-0.0195963296297108,-0.467006787771259,0.300926726244117,-0.491791936757918,-0.395506256902721,0.908183103887158
"10334",0.955276777799207,-0.425313898995015,0.425175135228812,-0.475007295909378,0.287477881673593,-0.0741967916460746
"10335",0.739339607739586,-0.781937981788611,0.404643586485553,0.0273419289800116,0.278315941273523,-0.743983513309467
"10336",-0.247755979699564,-0.171397673587116,0.528891995470248,0.0441265698285513,-0.153120602186443,0.0400355997981796
"10337",-0.457242468617139,0.157140604678315,-1.16384249557438,-0.0284147707652094,-0.0449751003961507,-0.282594338120569
"10338",0.259794572646443,-0.161078614152389,0.595349957585562,0.80514037637958,-0.0415525122865705,-0.295903988689492
"10339",3.08692687857072,1.55253462358175,0.584820421429452,0.649902275818676,0.754290121251157,-0.589632663134516
"10340",-0.623889338616413,0.622278030189346,0.528891995470248,0.0441265698285513,-0.153120602186443,0.0400355997981796
"10341",0.739339607739586,-0.781937981788611,0.300926726244117,-0.491791936757918,-0.153120602186443,0.0400355997981796
"10342",-0.0195963296297108,-0.467006787771259,0.35417535318289,-0.282303895630029,-0.162282542586513,-0.629751121865213
"10343",-0.457242468617139,0.157140604678315,0.478423762167585,-0.265519254781489,-0.401548300238985,0.663887368596427
"10344",-0.36749954571093,0.162510079839811,0.582140622409021,0.253614610956441,0.16674785137365,-0.408043924821796
"10345",3.08692687857072,1.55253462358175,0.385860713876865,-0.00965187260978815,1.34508592481956,-0.195770151712008
"10346",-0.0195963296297108,-0.467006787771259,0.593728896080535,1.23377968106228,-0.482150996146607,-0.181671597245238
"10347",0.511179957669733,-0.486328867604468,0.653795542653449,0.7630329148918,0.328904703784956,0.706940473292463
"10348",-0.623889338616413,0.622278030189346,-1.03068561193861,0.572247275326935,-0.686211004027427,-0.659721774656122
"10349",0.407986819886991,-0.0718873512681628,-0.988094135785487,0.737200937690409,0.0803978288811474,0.809826532263789
"10351",-0.698852333563524,0.87256071036026,0.260448666154613,-0.580820012983642,-0.366342550467334,-1.1078012992761
"10352",-0.247755979699564,-0.171397673587116,0.582140622409021,0.253614610956441,-0.153120602186443,0.0400355997981796
"10353",3.08692687857072,1.55253462358175,-1.1450596229657,0.00857903082459028,0.693309529974049,-0.12103625103581
"10354",-0.623889338616413,0.622278030189346,0.478423762167585,-0.265519254781489,-0.306036337346413,0.115803633174235
"10355",0.678035411717584,0.826120072991082,0.490012035839099,0.714645815324351,0.646144619460864,-0.267002725215767
"10356",0.424500490499764,-0.405991819161806,0.353071521679203,-0.206930064739098,0.141378420158256,0.341230120165083
"10357",-0.292536550763818,-0.0877726003311019,0.353071521679203,-0.206930064739098,0.68011740479505,0.204777667186892
"10359",0.469281061564018,-0.48961689241782,-0.92696875169717,1.09138114106486,0.657935097745119,0.928647670335881
"10362",3.08692687857072,1.55253462358175,-1.06012563533295,0.49071909497272,2.09327212263304,0.192955385779692
"10364",-0.292536550763818,-0.0877726003311019,-1.22607171116639,-0.307221143248734,-0.162282542586513,-0.629751121865213
"10365",-0.184302247483032,-0.222093582761843,0.479354885053444,0.670111436559935,0.458462048741315,-0.123841759785192
"10366",-0.350949117482305,0.243043842749189,-0.92696875169717,1.09138114106486,0.198007962117285,0.718182679066848
"10367",-0.184302247483032,-0.222093582761843,0.35417535318289,-0.282303895630029,0.287477881673593,-0.0741967916460746
"10368",0.469281061564018,-0.48961689241782,-1.06012563533295,0.49071909497272,0.287477881673593,-0.0741967916460746
"10369",-0.457242468617139,0.157140604678315,0.519017597512643,0.591010173482356,0.205546135600828,-0.152770333771513
"10370",-0.520696200833671,0.207836513853041,0.593728896080535,1.23377968106228,0.646144619460864,-0.267002725215767
"10372",-0.0195963296297108,-0.467006787771259,0.460572012444757,0.633117634970136,-0.0541370407962202,-0.952381059783962
"10373",-0.520696200833671,0.207836513853041,0.582140622409021,0.253614610956441,-0.0444584292110597,0.822858338183036
"10374",-0.520696200833671,0.207836513853041,0.457892213424327,0.236829970107901,-0.0444584292110597,0.822858338183036
"10375",0.301693468752157,-0.157790589339037,0.373475455792918,-0.598575567831999,1.18523640338873,0.773036072865413
"10376",-0.184302247483032,-0.222093582761843,-0.279428303658126,0.542400422835008,-0.264609515235049,0.896940898112773
"10377",-0.0195963296297108,-0.467006787771259,-1.22607171116639,-0.307221143248734,-0.0415525122865705,-0.295903988689492
"10380",-0.292536550763818,-0.0877726003311019,-0.92696875169717,1.09138114106486,0.71584463631505,0.331584996874573
"10381",0.574633689886265,-0.537024776779195,0.665017161999838,0.797573110588697,0.14456554432372,0.315826078327193
"10384",0.739339607739586,-0.781937981788611,0.653795542653449,0.7630329148918,-0.0415525122865705,-0.295903988689492
"10386",-0.0195963296297108,-0.467006787771259,0.554182786451218,0.426343573809647,-0.315198277746483,-0.553983088489157
"10387",-0.520696200833671,0.207836513853041,0.282143853635429,-0.528785738347718,-0.635066731306576,-0.105903563869182
"10388",0.532734793780551,-0.540312801592546,0.519017597512643,0.591010173482356,0.520996312741184,0.695594140819535
"10389",3.08692687857072,1.55253462358175,0.582140622409021,0.253614610956441,1.22061083561766,-0.276647848506277
"10391",-0.0195963296297108,-0.467006787771259,-1.09181099602692,0.21806707195248,-0.0449751003961507,-0.282594338120569
"10393",-0.292536550763818,-0.0877726003311019,0.595349957585562,0.80514037637958,0.16674785137365,-0.408043924821796
"10395",2.15400839035046,0.192969660143027,0.34416304702812,-0.790807469982703,0.16674785137365,-0.408043924821796
"10396",-0.0195963296297108,-0.467006787771259,-1.16384249557438,-0.0284147707652094,0.646144619460864,-0.267002725215767
"10397",-0.350949117482305,0.243043842749189,-1.1450596229657,0.00857903082459028,-0.635066731306576,-0.105903563869182
"10398",-0.457242468617139,0.157140604678315,0.300926726244117,-0.491791936757918,-0.153120602186443,0.0400355997981796
"10399",1.45637664900317,-1.10015720061931,0.519017597512643,0.591010173482356,0.879663050528455,0.502788207249843
"10400",-0.247755979699564,-0.171397673587116,0.51010912286156,0.00713276823875158,1.44149572778753,0.267689286455889
"10401",-0.0195963296297108,-0.467006787771259,-1.06012563533295,0.49071909497272,0.300111420571313,0.151257005857368
"10402",0.739339607739586,-0.781937981788611,-0.87185705141235,1.51809184250727,0.460825442701052,0.974278703460108
"10403",-0.0195963296297108,-0.467006787771259,-1.06012563533295,0.49071909497272,0.646144619460864,-0.267002725215767
"10404",-0.0195963296297108,-0.467006787771259,0.539549146255902,0.0886609485929665,-0.374005494356314,-0.504301535163987
"10406",-0.0195963296297108,-0.467006787771259,-0.988094135785487,0.737200937690409,0.0138321162136806,-0.33227589144574
"10408",1.43697134908688,0.51118887897373,-1.22607171116639,-0.307221143248734,0.71600850820907,0.260546422118806
"10409",0.511179957669733,-0.486328867604468,0.34416304702812,-0.790807469982703,0.14456554432372,0.315826078327193
"10410",1.61095389993784,2.18568503642981,-0.163191219284989,1.32329132765187,0.0665929895037224,-0.618533926608241
"10411",0.574633689886265,-0.537024776779195,-1.1450596229657,0.00857903082459028,-0.184464849636443,0.0941188812837757
"10412",-0.0195963296297108,-0.467006787771259,0.457892213424327,0.236829970107901,0.252711046114013,-0.00680385959155561
"10413",-0.520696200833671,0.207836513853041,0.528891995470248,0.0441265698285513,-0.482150996146607,-0.181671597245238
"10415",-0.457242468617139,0.157140604678315,0.219914638043425,-0.807592110831242,0.19196591878102,0.473886943776117
"10416",-0.595659195780783,0.458119194023954,0.354692583184231,-0.635569369421799,0.395623383463885,-0.396826729564824
"10417",-0.292536550763818,-0.0877726003311019,0.582140622409021,0.253614610956441,-0.0449751003961507,-0.282594338120569
"10418",-0.247755979699564,-0.171397673587116,-1.34705035454949,-0.330860518155611,-0.482150996146607,-0.181671597245238
"10420",-0.350949117482305,0.243043842749189,0.520638659017671,0.162370868799656,-0.526404558331192,0.676919174515674
"10421",0.739339607739586,-0.781937981788611,-1.2072888385577,-0.270227341658935,-0.0415525122865705,-0.295903988689492
"10422",0.739339607739586,-0.781937981788611,0.416921798776234,-0.356762996938274,0.386461443063816,-1.06661345122822
"10423",-0.595659195780783,0.458119194023954,-0.988094135785487,0.737200937690409,1.03878414258232,0.0119717336171997
"10424",-0.0195963296297108,-0.467006787771259,-1.09181099602692,0.21806707195248,-0.0541370407962202,-0.952381059783962
"10426",-0.457242468617139,0.157140604678315,0.528891995470248,0.0441265698285513,-0.153120602186443,0.0400355997981796
"10428",-0.595659195780783,0.458119194023954,0.34416304702812,-0.790807469982703,0.607346335233686,-0.52227631626605
"10429",-0.292536550763818,-0.0877726003311019,-0.87185705141235,1.51809184250727,-0.162282542586513,-0.629751121865213
"10430",-0.0195963296297108,-0.467006787771259,0.282143853635429,-0.528785738347718,-0.162282542586513,-0.629751121865213
"10431",1.45637664900317,-1.10015720061931,0.416194546575582,-0.544325627265013,-0.248632565079016,0.588119335220371
"10432",0.678035411717584,0.826120072991082,0.416194546575582,-0.544325627265013,0.360248951234956,0.652857191806867
"10433",0.574633689886265,-0.537024776779195,0.478423762167585,-0.265519254781489,0.328904703784956,0.706940473292463
"10434",-0.457242468617139,0.157140604678315,-0.988094135785487,0.737200937690409,-0.496670359307557,-0.0613013582083589
"10436",3.08692687857072,1.55253462358175,0.219914638043425,-0.807592110831242,1.22061083561766,-0.276647848506277
"10437",-0.247755979699564,-0.171397673587116,-0.92696875169717,1.09138114106486,-0.635066731306576,-0.105903563869182
"10439",0.678035411717584,0.826120072991082,0.582140622409021,0.253614610956441,0.395623383463885,-0.396826729564824
"10440",-0.184302247483032,-0.222093582761843,-1.22607171116639,-0.307221143248734,0.205546135600828,-0.152770333771513
"10441",-0.520696200833671,0.207836513853041,-0.3326769305969,0.332912381707119,-0.482150996146607,-0.181671597245238
"10444",-0.184302247483032,-0.222093582761843,0.425175135228812,-0.475007295909378,-0.0449751003961507,-0.282594338120569
"10445",-0.350949117482305,0.243043842749189,0.34416304702812,-0.790807469982703,-0.374005494356314,-0.504301535163987
"10446",-0.0195963296297108,-0.467006787771259,0.416194546575582,-0.544325627265013,0.16674785137365,-0.408043924821796
"10447",-0.595659195780783,0.458119194023954,0.478423762167585,-0.265519254781489,-0.409379926585243,0.545382386207703
"10448",-0.520696200833671,0.207836513853041,0.404643586485553,0.0273419289800116,-0.482150996146607,-0.181671597245238
"10450",-0.247755979699564,-0.171397673587116,0.592670158565132,0.408852711517345,-0.153120602186443,0.0400355997981796
"10451",-0.184302247483032,-0.222093582761843,-1.09181099602692,0.21806707195248,-0.373488823171223,0.601151141139618
"10452",-0.247755979699564,-0.171397673587116,0.404643586485553,0.0273419289800116,-0.153120602186443,0.0400355997981796
"10454",-0.520696200833671,0.207836513853041,0.426724082731692,-0.38908752670411,-0.153120602186443,0.0400355997981796
"10455",2.38929513722343,0.259407762819412,0.656851920976913,0.896384118536365,0.0665929895037224,-0.618533926608241
"10456",-0.292536550763818,-0.0877726003311019,0.499071086166398,-0.000367127632757132,0.364279136013886,-0.342743448079227
"10457",-0.247755979699564,-0.171397673587116,0.653795542653449,0.7630329148918,0.0323428251292332,0.554311681749883
"10458",-0.292536550763818,-0.0877726003311019,0.438672954278734,-0.166984700680473,0.121977618003973,-0.654905829364489
"10459",-0.595659195780783,0.458119194023954,0.219914638043425,-0.807592110831242,-0.482150996146607,-0.181671597245238
"10460",-0.457242468617139,0.157140604678315,-0.87185705141235,1.51809184250727,-0.526921229516283,-0.428533501787931
"10461",0.739339607739586,-0.781937981788611,-1.2072888385577,-0.270227341658935,-0.306036337346413,0.115803633174235
"10465",-0.0195963296297108,-0.467006787771259,0.375638024812008,0.150977570822006,0.274893353163943,-0.730673862740544
"10466",-0.0195963296297108,-0.467006787771259,0.282143853635429,-0.528785738347718,0.278315941273523,-0.743983513309467
"10467",-0.520696200833671,0.207836513853041,-1.09181099602692,0.21806707195248,-0.374005494356314,-0.504301535163987
"10468",-0.0195963296297108,-0.467006787771259,0.238697510652113,-0.770598309241443,0.278315941273523,-0.743983513309467
"10469",-0.184302247483032,-0.222093582761843,-1.22607171116639,-0.307221143248734,0.966013073020958,-0.715082249835742
"10470",-0.292536550763818,-0.0877726003311019,0.51010912286156,0.00713276823875158,0.278315941273523,-0.743983513309467
"10471",-0.247755979699564,-0.171397673587116,0.643266006497338,0.607794814330896,1.05249293894641,0.791610491698103
"10473",-0.520696200833671,0.207836513853041,0.477319930663898,-0.190145423890558,-0.374005494356314,-0.504301535163987
"10475",-0.53220546356425,0.407423284849228,0.539549146255902,0.0886609485929665,-0.105720227729143,0.198096465247103
"10476",-0.520696200833671,0.207836513853041,0.539421531626358,0.199364670389455,-0.374005494356314,-0.504301535163987
"10477",-0.0195963296297108,-0.467006787771259,0.37592650868539,-0.0925255993722273,-0.153120602186443,0.0400355997981796
"10478",-0.36749954571093,0.162510079839811,0.117718867269005,-0.79423768414832,0.274893353163943,-0.730673862740544
"10479",-0.184302247483032,-0.222093582761843,0.362945919636808,-0.753813668392903,-0.162282542586513,-0.629751121865213
"10482",1.45637664900317,-1.10015720061931,0.404643586485553,0.0273419289800116,0.331455668021313,0.0971737243717721
"10483",-0.0195963296297108,-0.467006787771259,0.643266006497338,0.607794814330896,0.646144619460864,-0.267002725215767
"10485",0.697440711633871,-0.785226006601963,0.574129297797463,1.01772087492476,0.943830765971027,0.00878775331324681
"10487",0.469281061564018,-0.48961689241782,0.300926726244117,-0.491791936757918,-0.482150996146607,-0.181671597245238
"10488",0.407986819886991,-0.0718873512681628,0.698377706782158,1.0345055157733,0.19196591878102,0.473886943776117
"10489",-0.0195963296297108,-0.467006787771259,0.34416304702812,-0.790807469982703,0.214148225830951,-0.249983059372872
"10490",-0.520696200833671,0.207836513853041,-0.218302919569809,0.896580626209464,0.423087616512385,0.925842161586498
"10492",0.913322158590549,0.892558175667467,0.2637184317562,-0.587674747041979,0.966013073020958,-0.715082249835742
"10494",1.67225809595985,0.577626981650116,0.362945919636808,-0.753813668392903,0.715491837023979,-0.844906254184799
"10495",1.61095389993784,2.18568503642981,-1.2072888385577,-0.270227341658935,0.715491837023979,-0.844906254184799
"10496",-0.184302247483032,-0.222093582761843,-0.988094135785487,0.737200937690409,0.585164028183756,0.201593686882939
"10497",-0.292536550763818,-0.0877726003311019,-1.03068561193861,0.572247275326935,0.16674785137365,-0.408043924821796
"10498",-0.457242468617139,0.157140604678315,0.219914638043425,-0.807592110831242,-0.109142815838723,0.211406115816026
"10501",-0.595659195780783,0.458119194023954,0.425175135228812,-0.475007295909378,-0.0803495326250798,0.767089583251121
"10502",-0.0195963296297108,-0.467006787771259,-0.87185705141235,1.51809184250727,0.607346335233686,-0.52227631626605
"10506",-0.53220546356425,0.407423284849228,-1.22607171116639,-0.307221143248734,0.930092336119038,-0.818717413985665
"10507",0.469281061564018,-0.48961689241782,-1.1450596229657,0.00857903082459028,-0.11169378007508,0.821172864736717
"10509",-0.292536550763818,-0.0877726003311019,0.294625936611317,-0.164822603251318,-0.686211004027427,-0.659721774656122
"10511",-0.595659195780783,0.458119194023954,0.574129297797463,1.01772087492476,0.396140054648976,0.708625946738782
"10512",-0.292536550763818,-0.0877726003311019,0.457892213424327,0.236829970107901,1.32927300859304,0.506174889878579
"10513",-0.36749954571093,0.162510079839811,0.233713939801123,-0.659208744328676,0.966013073020958,-0.715082249835742
"10514",-0.36749954571093,0.162510079839811,-1.1450596229657,0.00857903082459028,0.607346335233686,-0.52227631626605
"10515",-0.520696200833671,0.207836513853041,0.532603511992218,0.879599477687825,0.690122405808585,-0.0956322091979202
"10516",-0.623889338616413,0.622278030189346,0.528891995470248,0.0441265698285513,-0.00835019083624964,0.391594111703249
"10517",0.366087923781277,-0.0751753760815146,0.60360329403814,0.686896077408476,0.19196591878102,0.473886943776117
"10519",-0.0195963296297108,-0.467006787771259,0.425175135228812,-0.475007295909378,-0.162282542586513,-0.629751121865213
"10520",-0.0195963296297108,-0.467006787771259,0.219914638043425,-0.807592110831242,0.966013073020958,-0.715082249835742
"10521",-0.184302247483032,-0.222093582761843,0.404643586485553,0.0273419289800116,-0.482150996146607,-0.181671597245238
"10527",-0.595659195780783,0.458119194023954,-0.3326769305969,0.332912381707119,-0.153120602186443,0.0400355997981796
"10528",0.697440711633871,-0.785226006601963,-1.04134276272426,0.52771289656252,0.256133634223593,-0.0201135101604785
"10529",-0.0195963296297108,-0.467006787771259,0.362945919636808,-0.753813668392903,-0.162282542586513,-0.629751121865213
"10530",-0.0195963296297108,-0.467006787771259,0.238697510652113,-0.770598309241443,0.610223882558945,-0.37063788936569
"10531",0.678035411717584,0.826120072991082,0.425175135228812,-0.475007295909378,0.256133634223593,-0.0201135101604785
"10532",0.259794572646443,-0.161078614152389,-0.92696875169717,1.09138114106486,0.287477881673593,-0.0741967916460746
"10534",-0.595659195780783,0.458119194023954,0.783618541506161,1.83251312391413,0.14456554432372,0.315826078327193
"10535",-0.595659195780783,0.458119194023954,0.539549146255902,0.0886609485929665,0.274893353163943,-0.730673862740544
"10537",-0.0195963296297108,-0.467006787771259,0.404643586485553,0.0273419289800116,0.278315941273523,-0.743983513309467
"10538",3.08692687857072,1.55253462358175,0.593728896080535,1.23377968106228,1.51426679734889,0.994743269908831
"10539",0.697440711633871,-0.785226006601963,0.593728896080535,1.23377968106228,0.0803978288811474,0.809826532263789
"10542",-0.0195963296297108,-0.467006787771259,-0.455176663447024,-0.22321528562061,0.287477881673593,-0.0741967916460746
"10545",-0.520696200833671,0.207836513853041,0.404643586485553,0.0273419289800116,-0.0415525122865705,-0.295903988689492
"10550",-0.36749954571093,0.162510079839811,0.592670158565132,0.408852711517345,-0.162282542586513,-0.629751121865213
"10551",0.739339607739586,-0.781937981788611,0.592670158565132,0.408852711517345,0.278315941273523,-0.743983513309467
"10552",0.1213778454828,0.139899975193251,0.643266006497338,0.607794814330896,-0.217288317629016,0.534036053734775
"10553",-0.457242468617139,0.157140604678315,0.117718867269005,-0.79423768414832,-0.482150996146607,-0.181671597245238
"10554",0.697440711633871,-0.785226006601963,0.539421531626358,0.199364670389455,-0.248632565079016,0.588119335220371
"10556",0.135046598752884,0.307346836171995,0.425175135228812,-0.475007295909378,-0.482150996146607,-0.181671597245238
"10557",-0.247755979699564,-0.171397673587116,0.491633097344126,0.28600651064165,-0.374005494356314,-0.504301535163987
"10559",-0.53220546356425,0.407423284849228,-1.2072888385577,-0.270227341658935,-0.20705277595619,-0.876613026407906
"10561",-0.292536550763818,-0.0877726003311019,0.425175135228812,-0.475007295909378,0.278315941273523,-0.743983513309467
"10563",0.739339607739586,-0.781937981788611,-1.22607171116639,-0.307221143248734,0.607346335233686,-0.52227631626605
"10564",-0.0195963296297108,-0.467006787771259,0.35417535318289,-0.282303895630029,0.287477881673593,-0.0741967916460746
"10565",-0.36749954571093,0.162510079839811,0.519017597512643,0.591010173482356,-0.0449751003961507,-0.282594338120569
"10568",-0.0195963296297108,-0.467006787771259,0.425175135228812,-0.475007295909378,-0.153120602186443,0.0400355997981796
"10572",0.574633689886265,-0.537024776779195,-1.15404021161893,-0.0607393005310451,-0.23326526778505,0.842857616627177
"10574",-0.520696200833671,0.207836513853041,-1.2072888385577,-0.270227341658935,-0.540276668252915,0.556624591982088
"10575",-0.53220546356425,0.407423284849228,0.520638659017671,0.162370868799656,-0.635066731306576,-0.105903563869182
"10576",-0.698852333563524,0.87256071036026,0.282143853635429,-0.528785738347718,-0.0803495326250798,0.767089583251121
"10577",2.36988983730714,1.87075384241246,-1.1450596229657,0.00857903082459028,0.314208308576212,0.630052404613344
"10578",-0.292536550763818,-0.0877726003311019,-1.06012563533295,0.49071909497272,0.287477881673593,-0.0741967916460746
"10579",-0.457242468617139,0.157140604678315,0.428143418122624,-0.322222801241377,-0.526921229516283,-0.428533501787931
"10580",-0.623889338616413,0.622278030189346,0.519017597512643,0.591010173482356,0.364279136013886,-0.342743448079227
"10583",-0.623889338616413,0.622278030189346,0.519017597512643,0.591010173482356,-0.306036337346413,0.115803633174235
"10585",-0.595659195780783,0.458119194023954,0.653795542653449,0.7630329148918,0.314208308576212,0.630052404613344
"10586",0.511179957669733,-0.486328867604468,-1.22607171116639,-0.307221143248734,0.646144619460864,-0.267002725215767
"10587",1.45637664900317,-1.10015720061931,0.429403881752123,0.00720013815812524,0.0803978288811474,0.809826532263789
"10588",-0.0195963296297108,-0.467006787771259,0.0989359946603178,-0.83123148573812,-0.162282542586513,-0.629751121865213
"10592",0.697440711633871,-0.785226006601963,-0.988094135785487,0.737200937690409,0.22331016623102,0.419803662290521
"10593",1.45637664900317,-1.10015720061931,0.71797730506523,1.25056432191082,0.364795807198976,0.762709228224378
"10595",-0.0195963296297108,-0.467006787771259,0.233713939801123,-0.659208744328676,0.278315941273523,-0.743983513309467
"10596",-0.0195963296297108,-0.467006787771259,-1.2072888385577,-0.270227341658935,0.278315941273523,-0.743983513309467
"10597",-0.292536550763818,-0.0877726003311019,0.478423762167585,-0.265519254781489,0.607346335233686,-0.52227631626605
"10598",-0.0195963296297108,-0.467006787771259,-0.87185705141235,1.51809184250727,0.607346335233686,-0.52227631626605
"10599",-0.247755979699564,-0.171397673587116,-1.03068561193861,0.572247275326935,-0.0415525122865705,-0.295903988689492
"10600",-0.53220546356425,0.407423284849228,-1.15404021161893,-0.0607393005310451,0.214148225830951,-0.249983059372872
"10602",-0.0195963296297108,-0.467006787771259,0.34416304702812,-0.790807469982703,0.715491837023979,-0.844906254184799
"10603",1.45637664900317,-1.10015720061931,0.354692583184231,-0.635569369421799,0.364279136013886,-0.342743448079227
"10604",-0.292536550763818,-0.0877726003311019,0.35417535318289,-0.282303895630029,0.275410024349034,0.374778813563061
"10605",-0.595659195780783,0.458119194023954,0.435704671384922,-0.319769195348475,-0.20705277595619,-0.876613026407906
"10606",-0.53220546356425,0.407423284849228,-1.09291482753061,0.29344090284341,-0.0449751003961507,-0.282594338120569
"10608",-0.350949117482305,0.243043842749189,-1.09181099602692,0.21806707195248,-0.217288317629016,0.534036053734775
"10610",-0.184302247483032,-0.222093582761843,0.385860713876865,-0.00965187260978815,0.395623383463885,-0.396826729564824
"10612",-0.0195963296297108,-0.467006787771259,0.34416304702812,-0.790807469982703,0.0138321162136806,-0.33227589144574
"10613",0.913322158590549,0.892558175667467,-1.22607171116639,-0.307221143248734,0.607346335233686,-0.52227631626605
"10614",-0.0195963296297108,-0.467006787771259,-1.16384249557438,-0.0284147707652094,1.28091820937699,0.298230302224588
"10616",1.29167073114985,-0.855243995609898,0.354692583184231,-0.635569369421799,0.364279136013886,-0.342743448079227
"10617",-0.457242468617139,0.157140604678315,0.437945702078082,-0.354547331007212,-0.162282542586513,-0.629751121865213
"10618",0.330132195636365,1.45563694060215,0.435704671384922,-0.319769195348475,-0.0541370407962202,-0.952381059783962
"10619",-0.36749954571093,0.162510079839811,0.478423762167585,-0.265519254781489,0.160775902231151,-0.399632238314206
"10621",-0.247755979699564,-0.171397673587116,0.223184403645013,-0.81444684488958,-0.482150996146607,-0.181671597245238
"10623",-0.520696200833671,0.207836513853041,0.373475455792918,-0.598575567831999,0.82706119081252,0.137421320318426
"10624",-0.36749954571093,0.162510079839811,0.34416304702812,-0.790807469982703,-0.306036337346413,0.115803633174235
"10626",-0.184302247483032,-0.222093582761843,0.477319930663898,-0.190145423890558,-0.546318711589179,0.312328856691358
"10628",-0.292536550763818,-0.0877726003311019,-1.22607171116639,-0.307221143248734,0.646144619460864,-0.267002725215767
"10629",0.739339607739586,-0.781937981788611,0.416921798776234,-0.356762996938274,0.966013073020958,-0.715082249835742
"10630",-0.0195963296297108,-0.467006787771259,-1.2072888385577,-0.270227341658935,-0.162282542586513,-0.629751121865213
"10632",-0.520696200833671,0.207836513853041,0.282143853635429,-0.528785738347718,0.693309529974049,-0.12103625103581
"10634",-0.520696200833671,0.207836513853041,0.415300737271207,0.0718763077444268,-0.482150996146607,-0.181671597245238
"10637",-0.247755979699564,-0.171397673587116,0.170967494207779,-0.58474964302043,-0.45415015995492,0.29852048166501
"10638",-0.184302247483032,-0.222093582761843,-1.04134276272426,0.52771289656252,-0.248632565079016,0.588119335220371
"10640",-0.457242468617139,0.157140604678315,-0.988094135785487,0.737200937690409,-0.211246274292752,0.778331789025506
"10642",-0.292536550763818,-0.0877726003311019,-1.1450596229657,0.00857903082459028,-0.0449751003961507,-0.282594338120569
"10643",-0.247755979699564,-0.171397673587116,0.574129297797463,1.01772087492476,0.328904703784956,0.706940473292463
"10644",-0.520696200833671,0.207836513853041,0.362945919636808,-0.753813668392903,0.0665929895037224,-0.618533926608241
"10645",-0.457242468617139,0.157140604678315,0.385860713876865,-0.00965187260978815,0.987808552318748,0.180158269331093
"10646",-0.0195963296297108,-0.467006787771259,0.416921798776234,-0.356762996938274,0.525414589160922,-0.600849858391488
"10647",-0.0195963296297108,-0.467006787771259,-1.15404021161893,-0.0607393005310451,-0.0415525122865705,-0.295903988689492
"10648",-0.520696200833671,0.207836513853041,0.478423762167585,-0.265519254781489,-0.526921229516283,-0.428533501787931
"10650",-0.457242468617139,0.157140604678315,-0.218302919569809,0.896580626209464,0.0665929895037224,-0.618533926608241
"10651",1.45637664900317,-1.10015720061931,0.238697510652113,-0.770598309241443,0.693309529974049,-0.12103625103581
"10652",0.466399386605478,-0.402703794348454,0.416194546575582,-0.544325627265013,0.00242527406115016,-0.124533472671645
"10655",0.913322158590549,0.892558175667467,-1.09181099602692,0.21806707195248,-0.184464849636443,0.0941188812837757
"10658",-0.292536550763818,-0.0877726003311019,-1.22607171116639,-0.307221143248734,0.966013073020958,-0.715082249835742
"10659",-0.0195963296297108,-0.467006787771259,0.653795542653449,0.7630329148918,0.396140054648976,0.708625946738782
"10660",0.301693468752157,-0.157790589339037,-1.22607171116639,-0.307221143248734,0.966013073020958,-0.715082249835742
"10661",-0.247755979699564,-0.171397673587116,0.415300737271207,0.0718763077444268,0.205546135600828,-0.152770333771513
"10662",-0.247755979699564,-0.171397673587116,-0.92696875169717,1.09138114106486,-0.0415525122865705,-0.295903988689492
"10663",-0.595659195780783,0.458119194023954,0.614421314067632,0.598631007775146,0.229352209567284,0.664099397581252
"10667",-0.247755979699564,-0.171397673587116,0.238697510652113,-0.770598309241443,-0.482150996146607,-0.181671597245238
"10670",-0.0195963296297108,-0.467006787771259,0.219914638043425,-0.807592110831242,0.715491837023979,-0.844906254184799
"10671",-0.292536550763818,-0.0877726003311019,0.426724082731692,-0.38908752670411,-0.217288317629016,0.534036053734775
"10672",-0.595659195780783,0.458119194023954,0.425175135228812,-0.475007295909378,0.386462706952484,0.25165371176268
"10673",-0.520696200833671,0.207836513853041,0.550078682412012,0.24389904915387,0.693309529974049,-0.12103625103581
"10674",1.45637664900317,-1.10015720061931,-1.1450596229657,0.00857903082459028,0.364279136013886,-0.342743448079227
"10675",-0.53220546356425,0.407423284849228,-1.09181099602692,0.21806707195248,-0.546318711589179,0.312328856691358
"10677",-0.520696200833671,0.207836513853041,0.592670158565132,0.408852711517345,-0.374005494356314,-0.504301535163987
"10678",-0.184302247483032,-0.222093582761843,0.294625936611317,-0.164822603251318,-0.482150996146607,-0.181671597245238
"10679",-0.0195963296297108,-0.467006787771259,-1.1587817706289,0.696512229378937,-0.315198277746483,-0.553983088489157
"10680",-0.184302247483032,-0.222093582761843,0.34416304702812,-0.790807469982703,-0.635066731306576,-0.105903563869182
"10681",-0.247755979699564,-0.171397673587116,0.519017597512643,0.591010173482356,0.585164028183756,0.201593686882939
"10683",1.45637664900317,-1.10015720061931,-1.09291482753061,0.29344090284341,1.35956398171476,0.189115744330451
"10687",-0.247755979699564,-0.171397673587116,0.37592650868539,-0.0925255993722273,-0.125119765994757,0.520227678708428
"10688",-0.595659195780783,0.458119194023954,-1.15404021161893,-0.0607393005310451,-0.0415525122865705,-0.295903988689492
